trajectory_id,time,position,velocity,energy
run-000,0,0.25,0,0.03146484375
run-000,0.025,0.249920800781,-0.0063349066856,0.031464840485
run-000,0.05,0.249683254666,-0.0126656909396,0.0314648306991
run-000,0.075,0.249287516234,-0.0189882336324,0.0314648144205
run-000,0.1,0.248733842984,-0.0252984222329,0.0314647916954
run-000,0.125,0.248022595123,-0.0315921540919,0.0314647625885
run-000,0.15,0.24715423528,-0.037865339708,0.0314647271828
run-000,0.175,0.246129328137,-0.0441139059688,0.0314646855787
run-000,0.2,0.244948539981,-0.0503337993619,0.0314646378943
run-000,0.225,0.243612638169,-0.0565209891512,0.0314645842646
run-000,0.25,0.242122490524,-0.0626714705101,0.031464524841
run-000,0.275,0.240479064644,-0.0687812676095,0.0314644597908
run-000,0.3,0.238683427143,-0.0748464366535,0.031464389297
run-000,0.325,0.236736742811,-0.0808630688576,0.0314643135568
run-000,0.35,0.2346402737,-0.0868272933668,0.0314642327817
run-000,0.375,0.232395378143,-0.0927352801065,0.0314641471964
run-000,0.4,0.230003509695,-0.0985832425645,0.031464057038
run-000,0.425,0.227466216014,-0.104367440498,0.0314639625552
run-000,0.45,0.22478513767,-0.110084182566,0.0314638640078
run-000,0.475,0.221962006886,-0.115729828875,0.0314637616652
run-000,0.5,0.218998646226,-0.121300793453,0.031463655806
run-000,0.525,0.215896967213,-0.126793546622,0.031463546717
run-000,0.55,0.212658968895,-0.132204617298,0.0314634346922
run-000,0.575,0.209286736349,-0.13753059519,0.0314633200318
run-000,0.6,0.205782439136,-0.142768132918,0.0314632030415
run-000,0.625,0.202148329703,-0.147913948027,0.0314630840312
run-000,0.65,0.198386741734,-0.152964824919,0.0314629633146
run-000,0.675,0.194500088457,-0.157917616686,0.0314628412078
run-000,0.7,0.1904908609,-0.162769246855,0.0314627180286
run-000,0.725,0.186361626114,-0.16751671103,0.0314625940955
run-000,0.75,0.182115025348,-0.172157078457,0.0314624697271
run-000,0.775,0.177753772191,-0.176687493487,0.0314623452408
run-000,0.8,0.173280650674,-0.181105176948,0.0314622209523
run-000,0.825,0.168698513344,-0.185407427442,0.0314620971747
run-000,0.85,0.164010279302,-0.18959162254,0.0314619742179
run-000,0.875,0.159218932217,-0.193655219903,0.0314618523873
run-000,0.9,0.154327518307,-0.197595758321,0.0314617319836
run-000,0.925,0.149339144301,-0.201410858665,0.0314616133022
run-000,0.95,0.144256975374,-0.205098224775,0.031461496632
run-000,0.975,0.139084233062,-0.208655644263,0.0314613822552
run-000,1,0.13382419316,-0.212080989255,0.0314612704465
run-000,1.025,0.128480183599,-0.215372217058,0.031461161473
run-000,1.05,0.123055582307,-0.218527370774,0.0314610555928
run-000,1.075,0.11755381506,-0.221544579843,0.0314609530556
run-000,1.1,0.111978353315,-0.224422060537,0.0314608541012
run-000,1.125,0.106332712034,-0.227158116398,0.03146075896
run-000,1.15,0.100620447495,-0.22975113863,0.0314606678521
run-000,1.175,0.0948451551021,-0.232199606439,0.0314605809868
run-000,1.2,0.0890104671734,-0.234502087337,0.0314604985628
run-000,1.225,0.0831200507353,-0.236657237407,0.0314604207676
run-000,1.25,0.0771776053031,-0.238663801527,0.0314603477772
run-000,1.275,0.0711868606589,-0.240520613572,0.0314602797559
run-000,1.3,0.0651515746245,-0.242226596574,0.0314602168563
run-000,1.325,0.0590755308302,-0.243780762871,0.0314601592186
run-000,1.35,0.0529625364809,-0.245182214221,0.0314601069711
run-000,1.375,0.0468164201192,-0.246430141903,0.0314600602294
run-000,1.4,0.0406410293858,-0.247523826801,0.0314600190968
run-000,1.425,0.0344402287791,-0.248462639465,0.0314599836637
run-000,1.45,0.0282178974126,-0.24924604017,0.031459954008
run-000,1.475,0.0219779267707,-0.249873578954,0.0314599301947
run-000,1.5,0.0157242184648,-0.250344895655,0.0314599122757
run-000,1.525,0.00946068198791,-0.250659719931,0.0314599002903
run-000,1.55,0.00319123246831,-0.25081787128,0.0314598942646
run-000,1.575,-0.00308021157606,-0.25081925905,0.0314598942117
run-000,1.6,-0.00934973048418,-0.250663882446,0.0314599001318
run-000,1.625,-0.0156134056984,-0.250351830529,0.0314599120119
run-000,1.65,-0.0218673220106,-0.24988328221,0.0314599298261
run-000,1.675,-0.0281075698089,-0.24925850624,0.0314599535355
run-000,1.7,-0.0343302473226,-0.248477861194,0.0314599830883
run-000,1.725,-0.0405314628685,-0.247541795441,0.0314600184197
run-000,1.75,-0.0467073370947,-0.24645084712,0.0314600594522
run-000,1.775,-0.0528540052245,-0.24520564409,0.0314601060954
run-000,1.8,-0.0589676192992,-0.243806903883,0.0314601582464
run-000,1.825,-0.0650443504187,-0.242255433633,0.0314602157897
run-000,1.85,-0.0710803909809,-0.240552129997,0.0314602785974
run-000,1.875,-0.0770719569186,-0.238697979058,0.0314603465293
run-000,1.9,-0.0830152899337,-0.2366940562,0.0314604194331
run-000,1.925,-0.0889066597285,-0.234541525974,0.0314604971448
run-000,1.95,-0.0947423662324,-0.232241641927,0.0314605794884
run-000,1.975,-0.100518741825,-0.229795746407,0.0314606662767
run-000,2,-0.106232153553,-0.227205270335,0.0314607573114
run-000,2.025,-0.111879005342,-0.224471732944,0.0314608523831
run-000,2.05,-0.1174557402,-0.221596741476,0.0314609512719
run-000,2.075,-0.122958842415,-0.218581990839,0.0314610537478
run-000,2.1,-0.128384839742,-0.21542926322,0.0314611595709
run-000,2.125,-0.133730305576,-0.212140427647,0.0314612684919
run-000,2.15,-0.138991861124,-0.208717439493,0.0314613802526
run-000,2.175,-0.144166177551,-0.205162339938,0.0314614945864
run-000,2.2,-0.149249978121,-0.201477255352,0.0314616112184
run-000,2.225,-0.154240040319,-0.197664396635,0.0314617298667
run-000,2.25,-0.159133197953,-0.19372605847,0.0314618502424
run-000,2.275,-0.163926343242,-0.189664618525,0.0314619720504
run-000,2.3,-0.168616428879,-0.185482536564,0.0314620949899
run-000,2.325,-0.17320047007,-0.1811823535,0.0314622187556
run-000,2.35,-0.177675546554,-0.176766690351,0.0314623430378
run-000,2.375,-0.182038804588,-0.172238247131,0.0314624675233
run-000,2.4,-0.186287458911,-0.167599801642,0.0314625918966
run-000,2.425,-0.19041879467,-0.162854208193,0.0314627158401
run-000,2.45,-0.19443016932,-0.158004396222,0.0314628390355
run-000,2.475,-0.198319014481,-0.153053368831,0.031462961164
run-000,2.5,-0.202082837762,-0.148004201235,0.031463081908
run-000,2.525,-0.205719224543,-0.142860039107,0.0314632009512
run-000,2.55,-0.209225839717,-0.137624096847,0.03146331798
run-000,2.575,-0.212600429385,-0.13229965574,0.0314634326843
run-000,2.6,-0.215840822504,-0.126890062036,0.0314635447585
run-000,2.625,-0.218944932487,-0.12139872493,0.031463653902
run-000,2.65,-0.221910758751,-0.115829114449,0.0314637598209
run-000,2.675,-0.22473638821,-0.110184759252,0.0314638622282
run-000,2.7,-0.227419996713,-0.104469244336,0.0314639608452
run-000,2.725,-0.229959850426,-0.098686208661,0.0314640554022
run-000,2.75,-0.232354307146,-0.0928393426787,0.0314641456393
run-000,2.775,-0.23460181756,-0.0869323857891,0.0314642313077
run-000,2.8,-0.236700926436,-0.0809691237085,0.0314643121699
run-000,2.825,-0.238650273746,-0.0749533857642,0.0314643880011
run-000,2.85,-0.240448595724,-0.068889042114,0.0314644585896
run-000,2.875,-0.242094725851,-0.062780000896,0.0314645237377
run-000,2.9,-0.243587595769,-0.056630205312,0.0314645832625
run-000,2.925,-0.244926236117,-0.0504436306502,0.0314646369961
run-000,2.95,-0.246109777301,-0.0442242812505,0.031464684787
run-000,2.975,-0.24713745018,-0.0379761874177,0.0314647264998
run-000,3,-0.248008586672,-0.0317034022882,0.0314647620162
run-000,3.025,-0.248722620294,-0.0254099986553,0.0314647912353
run-000,3.05,-0.249279086605,-0.0191000657584,0.031464814074
run-000,3.075,-0.249677623582,-0.0127777060422,0.0314648304673
run-000,3.1,-0.249917971907,-0.00644703189156,0.0314648403684
run-000,3.125,-0.249999975176,-0.000112162347672,0.031464843749
run-000,3.15,-0.249923580024,0.00622278018753,0.0314648405995
run-000,3.175,-0.249688836167,0.0125536732537,0.031464830929
run-000,3.2,-0.249295896362,0.0188763976342,0.0314648147649
run-000,3.225,-0.248745016285,0.0251868406524,0.0314647921534
run-000,3.25,-0.248036554329,0.0314808994557,0.0314647631589
run-000,3.275,-0.247170971313,0.0377544842818,0.0314647278638
run-000,3.3,-0.246148830115,0.0440035216999,0.0314646863685
run-000,3.325,-0.244970795228,0.0502239578232,0.0314646387906
run-000,3.35,-0.243637632224,0.0564117614847,0.0314645852649
run-000,3.375,-0.242150207153,0.0625629273723,0.0314645259424
run-000,3.4,-0.240509485855,0.068673479117,0.0314644609904
run-000,3.425,-0.238716533197,0.0747394723296,0.0314643905912
run-000,3.45,-0.236772512239,0.0807569975803,0.0314643149421
run-000,3.475,-0.234678683318,0.0867221833176,0.0314642342542
run-000,3.5,-0.232436403073,0.0926311987206,0.0314641487521
run-000,3.525,-0.230047123382,0.098480256482,0.0314640586725
run-000,3.55,-0.227512390249,0.104265615517,0.031463964264
run-000,3.575,-0.224833842607,0.109983583596,0.0314638657862
run-000,3.6,-0.222013211069,0.115630519894,0.0314637635084
run-000,3.625,-0.219052316612,0.121202837461,0.031463657709
run-000,3.65,-0.215953069196,0.126697005606,0.0314635486747
run-000,3.675,-0.212717466332,0.132109552185,0.0314634366993
run-000,3.7,-0.209347591587,0.137437065814,0.0314633220829
run-000,3.725,-0.205845613041,0.14267619798,0.0314632051311
run-000,3.75,-0.202213781688,0.147823665062,0.0314630861539
run-000,3.775,-0.198454429788,0.152876250263,0.0314629654647
run-000,3.8,-0.194569969175,0.157830805444,0.0314628433798
run-000,3.825,-0.190562889516,0.162684252867,0.0314627202168
run-000,3.85,-0.186435756531,0.16743358685,0.0314625962943
run-000,3.875,-0.182191210173,0.172075875322,0.0314624719308
run-000,3.9,-0.177831962765,0.176608261288,0.0314623474438
run-000,3.925,-0.173360797109,0.181027964216,0.0314622231491
run-000,3.95,-0.168780564554,0.185332281317,0.0314620993598
run-000,3.975,-0.164094183043,0.189518588755,0.0314619763857
run-000,4,-0.159304635117,0.193584342765,0.0314618545326
run-000,4.025,-0.154414965905,0.19752708069,0.0314617341011
run-000,4.05,-0.149428281082,0.201344421942,0.0314616153866
run-000,4.075,-0.144347744807,0.205034068883,0.0314614986783
run-000,4.1,-0.139176577638,0.208593807637,0.0314613842585
run-000,4.125,-0.133918054426,0.212021508827,0.0314612724021
run-000,4.15,-0.128575502197,0.215315128246,0.031461163376
run-000,4.175,-0.123152298013,0.218472707474,0.0314610574389
run-000,4.2,-0.117651866823,0.221492374416,0.0314609548404
run-000,4.225,-0.112077679293,0.224372343803,0.0314608558206
run-000,4.25,-0.106433249633,0.227110917631,0.0314607606099
run-000,4.275,-0.100722133411,0.229706485545,0.0314606694287
run-000,4.3,-0.0949479253555,0.232157525193,0.0314605824865
run-000,4.325,-0.0891142571513,0.234462602521,0.0314604999823
run-000,4.35,-0.0832247952294,0.236620372042,0.0314604221035
run-000,4.375,-0.0772832385492,0.23862957706,0.0314603490266
run-000,4.4,-0.0712933163764,0.240489049872,0.031460280916
run-000,4.425,-0.0652587860556,0.242197711932,0.0314602179244
run-000,4.45,-0.0591834307798,0.243754573994,0.0314601601925
run-000,4.475,-0.0530710573559,0.245158736233,0.0314601078485
run-000,4.5,-0.0469254939682,0.246409388342,0.0314600610084
run-000,4.525,-0.0407505879388,0.247505809619,0.0314600197757
run-000,4.55,-0.0345502034872,0.248447369025,0.031459984241
run-000,4.575,-0.0283282194876,0.249233525247,0.0314599544824
run-000,4.6,-0.0220885272249,0.249863826733,0.0314599305651
run-000,4.625,-0.0158350281509,0.250337911732,0.0314599125415
run-000,4.65,-0.00957163163832,0.25065550831,0.0314599004508
run-000,4.675,-0.0033022527354,0.250816434375,0.0314598943194
run-000,4.7,0.00296919008043,0.250820597685,0.0314598941607
run-000,4.725,0.00923877714886,0.250667995854,0.0314598999751
run-000,4.75,0.0155025898731,0.250358716352,0.0314599117499
run-000,4.775,0.0217567129665,0.2498929365,0.0314599294593
run-000,4.8,0.0279972366981,0.249270923457,0.0314599530648
run-000,4.825,0.0342202591393,0.248493034209,0.0314599825146
run-000,4.85,0.0404218884086,0.247559715537,0.0314600177444
run-000,4.875,0.0465982449162,0.246471503988,0.0314600586767
run-000,4.9,0.052745463608,0.245229025836,0.0314601052214
run-000,4.925,0.058859696208,0.243832997025,0.0314601572759
run-000,4.95,0.0649371134592,0.242284223102,0.0314602147248
run-000,4.975,0.0709739073631,0.240583599143,0.0314602774405
run-000,5,0.0769662934164,0.238732109645,0.0314603452829
run-000,5.025,0.0829105128453,0.236730828415,0.0314604181001
run-000,5.05,0.0888028348371,0.234580918426,0.0314604957282
run-000,5.075,0.0946395587667,0.232283631652,0.0314605779914
run-000,5.1,0.10041701642,0.229840308868,0.0314606647028
run-000,5.125,0.10613157421,0.227252379432,0.031460755664
run-000,5.15,0.111779635391,0.224521361015,0.0314608506661
run-000,5.175,0.117357642261,0.221648859303,0.0314609494893
run-000,5.2,0.122862078356,0.218636567657,0.0314610519038
run-000,5.225,0.128289470644,0.215486266722,0.0314611576697
run-000,5.25,0.133636391693,0.212199823991,0.0314612665381
run-000,5.275,0.138899461843,0.208779193315,0.0314613782509
run-000,5.3,0.144075351358,0.205226414359,0.0314614925414
run-000,5.325,0.149160782561,0.201543611991,0.0314616091352
run-000,5.35,0.154152531958,0.19773299562,0.0314617277503
run-000,5.375,0.159047432342,0.193796858454,0.031461848098
run-000,5.4,0.163842374881,0.189737576696,0.0314619698832
run-000,5.425,0.168534311177,0.185557608669,0.0314620928054
run-000,5.45,0.173120255314,0.181259493856,0.0314622165591
run-000,5.475,0.17759728587,0.176845851866,0.0314623408348
run-000,5.5,0.181962547907,0.172319381325,0.0314624653195
run-000,5.525,0.186213254936,0.16768285867,0.0314625896976
run-000,5.55,0.190346690841,0.162939136866,0.0314627136515
run-000,5.575,0.194360211779,0.158091144033,0.0314628368628
run-000,5.6,0.198251248042,0.153141881983,0.031462959013
run-000,5.625,0.202017305878,0.148094424668,0.0314630797843
run-000,5.65,0.205655969276,0.14295191653,0.0314631988603
run-000,5.675,0.209164901705,0.137717570764,0.0314633159275
run-000,5.7,0.212541847814,0.132394667492,0.0314634306757
run-000,5.725,0.21578463508,0.126986551829,0.031463542799
run-000,5.75,0.218891175406,0.121496631874,0.0314636519969
run-000,5.775,0.221859466673,0.115928376595,0.0314637579754
run-000,5.8,0.224687594235,0.110285313634,0.0314638604473
run-000,5.825,0.227373732355,0.104571027011,0.0314639591338
run-000,5.85,0.229916145586,0.0987891547508,0.031464053765
run-000,5.875,0.232313190092,0.0929433864164,0.0314641440808
run-000,5.9,0.234563314907,0.0870374605634,0.0314642298322
run-000,5.925,0.236665063121,0.0810751621116,0.0314643107815
run-000,5.95,0.238617073012,0.0750603196402,0.0314643867036
run-000,5.975,0.240418079103,0.0689968026087,0.0314644573867
run-000,6,0.242066913143,0.062888518508,0.0314645226328
run-000,6.025,0.243562505028,0.0567394099448,0.0314645822586
run-000,6.05,0.24490388364,0.0505534516657,0.0314646360961
run-000,6.075,0.246090177611,0.0443346475228,0.0314646839934
run-000,6.1,0.247120616016,0.0380870273882,0.0314647258149
run-000,6.125,0.247994528981,0.0318146440219,0.0314647614419
run-000,6.15,0.248711348217,0.0255215698968,0.0314647907733
run-000,6.175,0.249270607476,0.0192118939894,0.0314648137256
run-000,6.2,0.249671942917,0.0128897185389,0.0314648302334
run-000,6.225,0.249915093403,0.00655915578252,0.0314648402497
run-000,6.25,0.249999900706,0.000224324672466,0.0314648437459
run-000,6.275,0.249926309636,-0.00611065242022,0.031464840712
run-000,6.3,0.249694368085,-0.0124416530075,0.0314648311567
run-000,6.325,0.249304226986,-0.0187645577865,0.0314648151073
run-000,6.35,0.248756140195,-0.0250752539364,0.0314647926094
run-000,6.375,0.248050464289,-0.0313696384023,0.0314647637272
run-000,6.4,0.247187658275,-0.0376436211615,0.0314647285429
run-000,6.425,0.246168283231,-0.0438931284664,0.0314646871564
run-000,6.45,0.244993001852,-0.0501141060563,0.031464639685
run-000,6.475,0.243662577928,-0.0563025223347,0.0314645862633
run-000,6.5,0.242177875735,-0.0624543715047,0.0314645270421
run-000,6.525,0.240539859353,-0.0685656766583,0.0314644621882
run-000,6.55,0.238749591902,-0.0746324928141,0.0314643918838
run-000,6.575,0.236808234712,-0.080650909898,0.0314643163258
run-000,6.6,0.234717046407,-0.0866170556627,0.0314642357252
run-000,6.625,0.232477381929,-0.0925270985418,0.0314641503063
run-000,6.65,0.23009069148,-0.0983772504341,0.0314640603056
run-000,6.675,0.227558519407,-0.104163769413,0.0314639659716
run-000,6.7,0.22488250301,-0.109882962362,0.0314638675635
run-000,6.725,0.222064371289,-0.115531187524,0.0314637653506
run-000,6.75,0.219105943633,-0.121104856975,0.0314636596111
run-000,6.775,0.21600912844,-0.126600439006,0.0314635506314
run-000,6.8,0.212775921683,-0.132014460419,0.0314634387055
run-000,6.825,0.209408405419,-0.137343508736,0.0314633241332
run-000,6.85,0.205908746246,-0.142584234311,0.0314632072201
run-000,6.875,0.202279193704,-0.147733352359,0.031463088276
run-000,6.9,0.198522078628,-0.152787644882,0.0314629676144
run-000,6.925,0.19463981146,-0.15774396251,0.0314628455514
run-000,6.95,0.190634880503,-0.162599226247,0.0314627224047
run-000,6.975,0.186509850147,-0.167350429119,0.0314625984929
run-000,7,0.182267359047,-0.171994637739,0.0314624741345
run-000,7.025,0.177910118261,-0.176528993772,0.0314623496469
run-000,7.05,0.173440909358,-0.180950715319,0.0314622253461
run-000,7.075,0.168862582495,-0.185257098205,0.0314621015451
run-000,7.1,0.164178054448,-0.189445517186,0.031461978554
run-000,7.125,0.159390306635,-0.19351342707,0.0314618566783
run-000,7.15,0.154502383095,-0.197458363756,0.0314617362191
run-000,7.175,0.149517388448,-0.201277945195,0.0314616174717
run-000,7.2,0.144438485835,-0.204969872274,0.0314615007254
run-000,7.225,0.139268894834,-0.208531929627,0.0314613862627
run-000,7.25,0.134011889354,-0.211961986373,0.0314612743585
run-000,7.275,0.128670795515,-0.215257996795,0.0314611652801
run-000,7.3,0.123248989514,-0.218418000947,0.0314610592861
run-000,7.325,0.117749895468,-0.221440125202,0.0314609566263
run-000,7.35,0.112176983254,-0.224322582752,0.0314608575411
run-000,7.375,0.10653376633,-0.22706367404,0.0314607622611
run-000,7.4,0.100823799552,-0.229661787161,0.0314606710067
run-000,7.425,0.0950506769722,-0.232115398198,0.0314605839877
run-000,7.45,0.0892180296418,-0.234423071535,0.0314605014032
run-000,7.475,0.0833295233955,-0.236583460113,0.031460423441
run-000,7.5,0.0773888566362,-0.238595305663,0.0314603502776
run-000,7.525,0.0713997581123,-0.240457438904,0.0314602820777
run-000,7.55,0.065365984691,-0.242168779711,0.0314602189943
run-000,7.575,0.0592913191268,-0.243728337256,0.0314601611681
run-000,7.6,0.0531795678282,-0.24513521013,0.0314601087276
run-000,7.625,0.0470345586203,-0.246388586441,0.0314600617892
run-000,7.65,0.0408601385061,-0.247487743898,0.0314600204563
run-000,7.675,0.0346601714254,-0.248432049877,0.0314599848201
run-000,7.7,0.0284385360123,-0.249220961474,0.0314599549586
run-000,7.725,0.0221991233517,-0.24985402555,0.0314599309375
run-000,7.75,0.0159458347348,-0.25033087876,0.0314599128091
run-000,7.775,0.00968257941367,-0.250651247584,0.0314599006131
run-000,7.8,0.00341327235561,-0.250814948336,0.031459894376
run-000,7.825,-0.00285816800314,-0.250821887186,0.0314598941116
run-000,7.85,-0.00912782200368,-0.250672060155,0.0314598998203
run-000,7.875,-0.0153917710109,-0.250365553124,0.0314599114897
run-000,7.9,-0.0216460996599,-0.249902541821,0.0314599290944
run-000,7.925,-0.027886898102,-0.249283291818,0.0314599525959
run-000,7.95,-0.0341102642508,-0.248508158508,0.0314599819428
run-000,7.975,-0.0403123060274,-0.247577587084,0.0314600170708
run-000,8,-0.046489143605,-0.246492112505,0.0314600579029
run-000,8.025,-0.0526369116526,-0.245252359455,0.0314601043492
run-000,8.05,-0.0587517615777,-0.243859042292,0.0314601563071
run-000,8.075,-0.0648298637672,-0.242312964978,0.0314602136616
run-000,8.1,-0.0708674098266,-0.240615021002,0.0314602762852
run-000,8.125,-0.0768606148173,-0.238766193283,0.0314603440382
run-000,8.15,-0.0828057194907,-0.236767554045,0.0314604167687
run-000,8.175,-0.0886989925196,-0.234620264686,0.031460494313
run-000,8.2,-0.094536732725,-0.232325575604,0.0314605764958
run-000,8.225,-0.1003152713,-0.229884826005,0.0314606631301
run-000,8.25,-0.106030974025,-0.227299443681,0.0314607540179
run-000,8.275,-0.111680243484,-0.22457094474,0.0314608489504
run-000,8.3,-0.117259521262,-0.221700933316,0.0314609477079
run-000,8.325,-0.12276529015,-0.218691101219,0.0314610500608
run-000,8.35,-0.128194076323,-0.215543227552,0.0314611557696
run-000,8.375,-0.133542451527,-0.212259178276,0.0314612645853
run-000,8.4,-0.138807035237,-0.208840905717,0.03146137625
run-000,8.425,-0.143984496813,-0.205290448026,0.0314614904972
run-000,8.45,-0.149071557638,-0.201609928569,0.0314616070527
run-000,8.475,-0.154064993242,-0.197801555263,0.0314617256345
run-000,8.5,-0.158961635402,-0.193867619839,0.031461845954
run-000,8.525,-0.163758374233,-0.189810497041,0.0314619677164
run-000,8.55,-0.168452160254,-0.185632643744,0.0314620906211
run-000,8.575,-0.173040006421,-0.181336598002,0.0314622143628
run-000,8.6,-0.177518990154,-0.176924978018,0.031462338632
run-000,8.625,-0.181886255322,-0.172400481026,0.0314624631157
run-000,8.65,-0.186139014205,-0.167765882099,0.0314625874984
run-000,8.675,-0.190274549426,-0.163024032857,0.0314627114626
run-000,8.7,-0.194290215848,-0.158177860103,0.0314628346898
run-000,8.725,-0.198183442432,-0.153230364358,0.0314629568616
run-000,8.75,-0.201951734066,-0.148184618309,0.03146307766
run-000,8.775,-0.205592673347,-0.143043765167,0.0314631967688
run-000,8.8,-0.209103922324,-0.137811016925,0.0314633138743
run-000,8.825,-0.212483224193,-0.132489652536,0.0314634286661
run-000,8.85,-0.215728404951,-0.127083015982,0.0314635408385
run-000,8.875,-0.218837374992,-0.121594514264,0.0314636500909
run-000,8.9,-0.221808130664,-0.116027615294,0.0314637561289
run-000,8.925,-0.224638755757,-0.110385845692,0.0314638586653
run-000,8.95,-0.227327422949,-0.104672788502,0.0314639574212
run-000,8.975,-0.229872395182,-0.0988920808134,0.0314640521264
run-001,0,0.313793103448,0,0.0497663125201
run-001,0.025,0.313692918867,-0.00801343284782,0.0497663071765
run-001,0.05,0.313392431806,-0.0160215322318,0.049766291162
run-001,0.075,0.312891842255,-0.0240189694819,0.0497662645255
run-001,0.1,0.312191483332,-0.0320004255052,0.0497662273482
run-001,0.125,0.31129182098,-0.0399605955453,0.0497661797431
run-001,0.15,0.310193453555,-0.0478941939094,0.049766121855
run-001,0.175,0.308897111285,-0.0557959586499,0.0497660538592
run-001,0.2,0.307403655622,-0.0636606561909,0.0497659759616
run-001,0.225,0.305714078475,-0.0714830858891,0.0497658883969
run-001,0.25,0.303829501328,-0.0792580845187,0.0497657914284
run-001,0.275,0.301751174249,-0.0869805306702,0.0497656853465
run-001,0.3,0.299480474794,-0.0946453490549,0.0497655704675
run-001,0.325,0.297018906796,-0.102247514706,0.0497654471326
run-001,0.35,0.294368099059,-0.109782057064,0.049765315706
run-001,0.375,0.291529803943,-0.117244063952,0.0497651765741
run-001,0.4,0.288505895861,-0.12462868541,0.0497650301434
run-001,0.425,0.285298369673,-0.131931137407,0.0497648768392
run-001,0.45,0.281909338991,-0.139146705408,0.049764717104
run-001,0.475,0.278341034402,-0.146270747803,0.0497645513958
run-001,0.5,0.274595801601,-0.153298699173,0.0497643801862
run-001,0.525,0.270676099444,-0.160226073423,0.0497642039588
run-001,0.55,0.26658449793,-0.16704846674,0.0497640232077
run-001,0.575,0.262323676107,-0.173761560403,0.0497638384355
run-001,0.6,0.257896419909,-0.180361123434,0.0497636501516
run-001,0.625,0.253305619935,-0.186843015078,0.0497634588707
run-001,0.65,0.248554269155,-0.193203187136,0.0497632651108
run-001,0.675,0.243645460578,-0.199437686125,0.0497630693921
run-001,0.7,0.238582384849,-0.205542655282,0.0497628722346
run-001,0.725,0.233368327814,-0.211514336417,0.0497626741575
run-001,0.75,0.228006668028,-0.217349071598,0.0497624756769
run-001,0.775,0.222500874234,-0.223043304698,0.0497622773048
run-001,0.8,0.216854502793,-0.22859358278,0.0497620795476
run-001,0.825,0.211071195095,-0.233996557348,0.0497618829049
run-001,0.85,0.205154674926,-0.239248985453,0.0497616878681
run-001,0.875,0.199108745822,-0.244347730668,0.0497614949196
run-001,0.9,0.192937288393,-0.249289763932,0.049761304531
run-001,0.925,0.186644257626,-0.254072164273,0.0497611171631
run-001,0.95,0.180233680179,-0.258692119413,0.049760933264
run-001,0.975,0.173709651655,-0.263146926269,0.0497607532689
run-001,1,0.167076333866,-0.267433991347,0.0497605775991
run-001,1.025,0.160337952088,-0.271550831043,0.0497604066614
run-001,1.05,0.153498792313,-0.275495071854,0.0497602408472
run-001,1.075,0.146563198495,-0.279264450518,0.0497600805322
run-001,1.1,0.139535569788,-0.282856814071,0.049759926076
run-001,1.125,0.132420357791,-0.286270119846,0.0497597778212
run-001,1.15,0.125222063795,-0.289502435416,0.0497596360936
run-001,1.175,0.117945236021,-0.292551938484,0.0497595012015
run-001,1.2,0.110594466871,-0.295416916734,0.0497593734356
run-001,1.225,0.103174390184,-0.29809576765,0.0497592530688
run-001,1.25,0.0956896784886,-0.300586998303,0.0497591403557
run-001,1.275,0.0881450402688,-0.302889225123,0.049759035533
run-001,1.3,0.0805452172324,-0.305001173655,0.0497589388189
run-001,1.325,0.0728949815861,-0.306921678311,0.0497588504135
run-001,1.35,0.0651991333169,-0.308649682114,0.0497587704982
run-001,1.375,0.0574624974803,-0.310184236459,0.0497586992361
run-001,1.4,0.0496899214939,-0.311524500869,0.0497586367717
run-001,1.425,0.0418862724369,-0.312669742779,0.0497585832311
run-001,1.45,0.034056434355,-0.31361933733,0.0497585387218
run-001,1.475,0.0262053055704,-0.314372767192,0.0497585033331
run-001,1.5,0.0183377959954,-0.314929622408,0.0497584771354
run-001,1.525,0.01045882445,-0.315289600268,0.049758460181
run-001,1.55,0.00257331598202,-0.315452505216,0.0497584525035
run-001,1.575,-0.0053138008108,-0.31541824879,0.0497584541182
run-001,1.6,-0.0131975964575,-0.31518684959,0.0497584650219
run-001,1.625,-0.0210731432903,-0.314758433287,0.0497584851929
run-001,1.65,-0.0289355181218,-0.314133232661,0.0497585145912
run-001,1.675,-0.0367798049233,-0.313311587676,0.049758553158
run-001,1.7,-0.0446010975056,-0.312293945584,0.0497586008165
run-001,1.725,-0.0523945022025,-0.311080861059,0.0497586574711
run-001,1.75,-0.0601551405586,-0.309672996366,0.0497587230078
run-001,1.775,-0.0678781520208,-0.308071121541,0.049758797294
run-001,1.8,-0.0755586966356,-0.306276114608,0.0497588801789
run-001,1.825,-0.0831919577512,-0.304288961802,0.0497589714929
run-001,1.85,-0.0907731447257,-0.302110757811,0.0497590710481
run-001,1.875,-0.0982974956417,-0.299742706025,0.0497591786383
run-001,1.9,-0.105760280027,-0.297186118785,0.0497592940387
run-001,1.925,-0.113156801581,-0.294442417634,0.0497594170063
run-001,1.95,-0.120482400909,-0.291513133555,0.0497595472803
run-001,1.975,-0.127732458259,-0.288399907195,0.0497596845814
run-001,2,-0.134902396268,-0.285104489067,0.0497598286129
run-001,2.025,-0.141987682712,-0.28162873972,0.0497599790604
run-001,2.05,-0.148983833254,-0.277974629878,0.0497601355921
run-001,2.075,-0.155886414206,-0.27414424053,0.0497602978595
run-001,2.1,-0.162691045281,-0.270139762969,0.0497604654975
run-001,2.125,-0.169393402354,-0.265963498775,0.0497606381247
run-001,2.15,-0.17598922022,-0.261617859726,0.0497608153442
run-001,2.175,-0.182474295341,-0.25710536764,0.0497609967444
run-001,2.2,-0.188844488602,-0.25242865413,0.0497611818989
run-001,2.225,-0.195095728047,-0.247590460272,0.0497613703679
run-001,2.25,-0.201224011615,-0.242593636174,0.0497615616988
run-001,2.275,-0.207225409856,-0.237441140441,0.049761755427
run-001,2.3,-0.213096068637,-0.23213603953,0.0497619510769
run-001,2.325,-0.218832211832,-0.226681506986,0.0497621481631
run-001,2.35,-0.224430143987,-0.221080822548,0.0497623461909
run-001,2.375,-0.22988625296,-0.215337371136,0.0497625446585
run-001,2.4,-0.235197012543,-0.209454641694,0.0497627430572
run-001,2.425,-0.240358985044,-0.203436225887,0.0497629408734
run-001,2.45,-0.245368823838,-0.197285816668,0.0497631375899
run-001,2.475,-0.250223275878,-0.19100720668,0.049763332687
run-001,2.5,-0.254919184172,-0.184604286509,0.0497635256443
run-001,2.525,-0.259453490203,-0.178081042787,0.0497637159424
run-001,2.55,-0.263823236311,-0.171441556127,0.0497639030642
run-001,2.575,-0.26802556801,-0.164689998907,0.0497640864966
run-001,2.6,-0.272057736256,-0.157830632884,0.0497642657324
run-001,2.625,-0.275917099654,-0.150867806655,0.0497644402717
run-001,2.65,-0.279601126589,-0.14380595295,0.049764609624
run-001,2.675,-0.283107397301,-0.136649585773,0.0497647733095
run-001,2.7,-0.286433605878,-0.129403297378,0.0497649308612
run-001,2.725,-0.28957756217,-0.122071755097,0.0497650818263
run-001,2.75,-0.292537193633,-0.114659698006,0.0497652257681
run-001,2.775,-0.295310547071,-0.107171933457,0.0497653622677
run-001,2.8,-0.297895790305,-0.0996133334572,0.0497654909253
run-001,2.825,-0.300291213743,-0.0919888309132,0.0497656113621
run-001,2.85,-0.302495231851,-0.0843034157449,0.0497657232217
run-001,2.875,-0.304506384531,-0.0765621308747,0.0497658261715
run-001,2.9,-0.306323338395,-0.068770068099,0.0497659199039
run-001,2.925,-0.307944887936,-0.0609323638504,0.0497660041379
run-001,2.95,-0.309369956587,-0.05305419486,0.04976607862
run-001,2.975,-0.310597597679,-0.045140773727,0.0497661431254
run-001,3,-0.311626995274,-0.0371973444065,0.0497661974587
run-001,3.025,-0.312457464899,-0.0292291776244,0.0497662414552
run-001,3.05,-0.313088454155,-0.0212415662312,0.049766274981
run-001,3.075,-0.313519543211,-0.0132398205027,0.0497662979341
run-001,3.1,-0.31375044518,-0.00522926340068,0.0497663102445
run-001,3.125,-0.313781006381,0.00278477419606,0.0497663118747
run-001,3.15,-0.31361120647,0.0107969582799,0.0497663028197
run-001,3.175,-0.313241158467,0.0188019565097,0.0497662831071
run-001,3.2,-0.312671108645,0.0267944430019,0.0497662527971
run-001,3.225,-0.311901436316,0.0347691031071,0.0497662119819
run-001,3.25,-0.310932653489,0.0427206381592,0.0497661607857
run-001,3.275,-0.309765404409,0.0506437701882,0.0497660993639
run-001,3.3,-0.30840046498,0.0585332465838,0.0497660279026
run-001,3.325,-0.306838742079,0.0663838447002,0.0497659466178
run-001,3.35,-0.305081272745,0.0741903763915,0.0497658557542
run-001,3.375,-0.30312922326,0.081947692468,0.0497657555848
run-001,3.4,-0.300983888122,0.0896506870635,0.0497656464089
run-001,3.425,-0.298646688907,0.0972943019044,0.0497655285518
run-001,3.45,-0.296119173026,0.104873530472,0.0497654023627
run-001,3.475,-0.293403012383,0.11238342205,0.0497652682138
run-001,3.5,-0.290500001924,0.119819085651,0.0497651264986
run-001,3.525,-0.2874120581,0.127175693811,0.0497649776304
run-001,3.55,-0.284141217233,0.13444848625,0.0497648220406
run-001,3.575,-0.280689633788,0.141632773393,0.0497646601773
run-001,3.6,-0.277059578564,0.14872393974,0.0497644925033
run-001,3.625,-0.273253436801,0.15571744709,0.0497643194947
run-001,3.65,-0.269273706209,0.162608837611,0.0497641416389
run-001,3.675,-0.26512299492,0.169393736748,0.0497639594332
run-001,3.7,-0.260804019372,0.176067855976,0.0497637733827
run-001,3.725,-0.256319602122,0.182626995394,0.0497635839989
run-001,3.75,-0.251672669602,0.189067046154,0.0497633917977
run-001,3.775,-0.246866249814,0.19538399273,0.0497631972982
run-001,3.8,-0.241903469966,0.201573915029,0.0497630010206
run-001,3.825,-0.236787554062,0.207632990339,0.0497628034848
run-001,3.85,-0.231521820449,0.213557495123,0.0497626052092
run-001,3.875,-0.226109679306,0.219343806657,0.0497624067084
run-001,3.9,-0.220554630116,0.224988404521,0.0497622084929
run-001,3.925,-0.21486025908,0.230487871933,0.0497620110667
run-001,3.95,-0.209030236519,0.235838896955,0.0497618149268
run-001,3.975,-0.203068314232,0.24103827355,0.0497616205615
run-001,4,-0.196978322842,0.246082902506,0.0497614284495
run-001,4.025,-0.190764169107,0.250969792247,0.049761239059
run-001,4.05,-0.184429833229,0.255696059505,0.0497610528462
run-001,4.075,-0.177979366132,0.260258929897,0.049760870255
run-001,4.1,-0.171416886734,0.264655738377,0.0497606917159
run-001,4.125,-0.164746579213,0.268883929608,0.0497605176451
run-001,4.15,-0.157972690254,0.272941058222,0.0497603484441
run-001,4.175,-0.151099526302,0.276824789012,0.0497601844989
run-001,4.2,-0.144131450803,0.28053289704,0.0497600261798
run-001,4.225,-0.13707288145,0.284063267669,0.0497598738405
run-001,4.25,-0.12992828742,0.287413896549,0.0497597278177
run-001,4.275,-0.122702186623,0.290582889534,0.0497595884313
run-001,4.3,-0.115399142943,0.293568462563,0.0497594559833
run-001,4.325,-0.108023763494,0.296368941495,0.0497593307585
run-001,4.35,-0.100580695869,0.298982761919,0.0497592130232
run-001,4.375,-0.0930746253984,0.301408468932,0.0497591030259
run-001,4.4,-0.0855102724219,0.303644716907,0.049759000997
run-001,4.425,-0.0778923895531,0.305690269248,0.0497589071483
run-001,4.45,-0.0702257589595,0.307543998135,0.0497588216734
run-001,4.475,-0.0625151896464,0.309204884274,0.0497587447473
run-001,4.5,-0.0547655147458,0.31067201666,0.0497586765268
run-001,4.525,-0.0469815888134,0.311944592336,0.0497586171499
run-001,4.55,-0.039168285129,0.313021916187,0.0497585667362
run-001,4.575,-0.031330493004,0.313903400735,0.049758525387
run-001,4.6,-0.0234731150923,0.314588565976,0.0497584931849
run-001,4.625,-0.0156010647052,0.315077039233,0.0497584701941
run-001,4.65,-0.00771926313061,0.315368555038,0.0497584564603
run-001,4.675,0.000167363046698,0.315462955054,0.0497584520109
run-001,4.7,0.0080538846221,0.315360188022,0.0497584568547
run-001,4.725,0.0159353724478,0.315060309743,0.0497584709819
run-001,4.75,0.0238069001093,0.314563483103,0.0497584943647
run-001,4.775,0.0316635466029,0.313869978114,0.0497585269564
run-001,4.8,0.039500399015,0.312980172007,0.0497585686922
run-001,4.825,0.0473125552032,0.311894549344,0.0497586194884
run-001,4.85,0.0550951264822,0.310613702167,0.0497586792432
run-001,4.875,0.0628432403116,0.309138330163,0.0497587478361
run-001,4.9,0.0705520429903,0.30746924087,0.0497588251283
run-001,4.925,0.0782167023551,0.305607349885,0.0497589109622
run-001,4.95,0.0858324104846,0.303553681102,0.0497590051621
run-001,4.975,0.0933943864102,0.30130936695,0.0497591075336
run-001,5,0.100897878832,0.29887564865,0.0497592178641
run-001,5.025,0.108338168843,0.296253876461,0.0497593359224
run-001,5.05,0.115710572655,0.293445509926,0.0497594614594
run-001,5.075,0.123010444339,0.290452118112,0.0497595942077
run-001,5.1,0.130233178561,0.287275379818,0.049759733882
run-001,5.125,0.13737421333,0.283917083776,0.0497598801794
run-001,5.15,0.14442903275,0.280379128806,0.0497600327795
run-001,5.175,0.15139316977,0.276663523938,0.0497601913447
run-001,5.2,0.158262208946,0.272772388487,0.0497603555205
run-001,5.225,0.165031789195,0.268707952075,0.0497605249361
run-001,5.25,0.17169760655,0.264472554586,0.0497606992048
run-001,5.275,0.178255416924,0.260068646057,0.0497608779245
run-001,5.3,0.184701038853,0.25549878649,0.0497610606782
run-001,5.325,0.191030356248,0.250765645577,0.049761247035
run-001,5.35,0.197239321132,0.245872002333,0.0497614365504
run-001,5.375,0.203323956365,0.240820744634,0.0497616287676
run-001,5.4,0.209280358364,0.235614868641,0.049761823218
run-001,5.425,0.215104699797,0.230257478112,0.0497620194225
run-001,5.45,0.220793232269,0.224751783602,0.0497622168923
run-001,5.475,0.226342288977,0.21910110152,0.0497624151302
run-001,5.5,0.231748287345,0.21330885307,0.0497626136318
run-001,5.525,0.237007731631,0.207378563044,0.0497628118866
run-001,5.55,0.242117215497,0.201313858473,0.0497630093795
run-001,5.575,0.247073424554,0.19511846714,0.0497632055922
run-001,5.6,0.251873138854,0.188796215925,0.0497634000047
run-001,5.625,0.256513235351,0.182351029012,0.0497635920969
run-001,5.65,0.260990690305,0.175786925933,0.0497637813497
run-001,5.675,0.265302581647,0.169108019446,0.0497639672474
run-001,5.7,0.269446091277,0.162318513265,0.0497641492787
run-001,5.725,0.27341850731,0.155422699617,0.0497643269388
run-001,5.75,0.277217226258,0.14842495665,0.0497644997308
run-001,5.775,0.280839755143,0.141329745668,0.0497646671678
run-001,5.8,0.284283713542,0.134141608214,0.0497648287742
run-001,5.825,0.287546835554,0.126865162998,0.0497649840877
run-001,5.85,0.290626971691,0.119505102667,0.049765132661
run-001,5.875,0.293522090687,0.112066190424,0.0497652740634
run-001,5.9,0.296230281213,0.104553256503,0.0497654078823
run-001,5.925,0.298749753512,0.0969711945053,0.0497655337252
run-001,5.95,0.301078840938,0.0893249575958,0.0497656512209
run-001,5.975,0.303216001392,0.0816195545726,0.049765760021
run-001,6,0.305159818667,0.0738600458144,0.0497658598014
run-001,6.025,0.306909003683,0.0660515391136,0.0497659502638
run-001,6.05,0.308462395622,0.0581991854023,0.0497660311365
run-001,6.075,0.309818962953,0.0503081743817,0.0497661021759
run-001,6.1,0.310977804341,0.0423837300618,0.0497661631673
run-001,6.125,0.311938149456,0.0344311062234,0.0497662139259
run-001,6.15,0.312699359652,0.0264555818099,0.0497662542976
run-001,6.175,0.313260928546,0.0184624562616,0.0497662841596
run-001,6.2,0.313622482466,0.0104570448015,0.0497663034209
run-001,6.225,0.313783780786,0.00244467368426,0.0497663120227
run-001,6.25,0.31374471615,-0.00556932458069,0.0497663099389
run-001,6.275,0.313505314557,-0.0135796160211,0.0497662971759
run-001,6.3,0.313065735349,-0.0215808699971,0.0497662737724
run-001,6.325,0.312426271058,-0.0295677639884,0.0497662397999
run-001,6.35,0.311587347149,-0.0375349883627,0.0497661953619
run-001,6.375,0.310549521639,-0.0454772511133,0.0497661405933
run-001,6.4,0.309313484594,-0.0533892825564,0.0497660756603
run-001,6.425,0.307880057512,-0.0612658399748,0.0497660007596
run-001,6.45,0.306250192595,-0.0691017122004,0.0497659161172
run-001,6.475,0.304424971902,-0.0768917241231,0.0497658219877
run-001,6.5,0.302405606389,-0.0846307411167,0.0497657186534
run-001,6.525,0.300193434846,-0.0923136733739,0.0497656064229
run-001,6.55,0.29778992272,-0.0999354801384,0.0497654856298
run-001,6.575,0.295196660839,-0.107491173829,0.0497653566315
run-001,6.6,0.292415364029,-0.114975824046,0.0497652198078
run-001,6.625,0.289447869636,-0.12238456145,0.0497650755593
run-001,6.65,0.286296135956,-0.129712581516,0.0497649243057
run-001,6.675,0.282962240561,-0.136955148139,0.0497647664844
run-001,6.7,0.279448378549,-0.14410759711,0.0497646025488
run-001,6.725,0.275756860705,-0.151165339432,0.0497644329665
run-001,6.75,0.271890111578,-0.158123864489,0.0497642582179
run-001,6.775,0.267850667481,-0.164978743065,0.0497640787938
run-001,6.8,0.263641174424,-0.171725630194,0.0497638951945
run-001,6.825,0.259264385971,-0.178360267861,0.0497637079274
run-001,6.85,0.254723161031,-0.184878487537,0.0497635175059
run-001,6.875,0.250020461594,-0.191276212551,0.0497633244472
run-001,6.9,0.245159350404,-0.197549460309,0.0497631292708
run-001,6.925,0.240142988579,-0.203694344341,0.0497629324972
run-001,6.95,0.234974633187,-0.209707076202,0.0497627346457
run-001,6.975,0.229657634769,-0.215583967207,0.0497625362337
run-001,7,0.224195434826,-0.22132143002,0.0497623377745
run-001,7.025,0.218591563268,-0.226915980088,0.0497621397764
run-001,7.05,0.212849635822,-0.232364236931,0.0497619427413
run-001,7.075,0.206973351421,-0.237662925297,0.0497617471631
run-001,7.1,0.200966489557,-0.242808876168,0.049761553527
run-001,7.125,0.194832907613,-0.247799027651,0.0497613623082
run-001,7.15,0.188576538174,-0.252630425733,0.0497611739708
run-001,7.175,0.182201386326,-0.257300224921,0.0497609889668
run-001,7.2,0.175711526928,-0.261805688778,0.0497608077355
run-001,7.225,0.169111101887,-0.266144190344,0.0497606307025
run-001,7.25,0.162404317411,-0.270313212466,0.0497604582791
run-001,7.275,0.155595441264,-0.274310348041,0.0497602908615
run-001,7.3,0.148688800009,-0.278133300167,0.0497601288301
run-001,7.325,0.141688776255,-0.281779882233,0.0497599725496
run-001,7.35,0.134599805898,-0.28524801793,0.0497598223678
run-001,7.375,0.127426375359,-0.288535741212,0.0497596786157
run-001,7.4,0.120173018837,-0.291641196203,0.0497595416069
run-001,7.425,0.112844315549,-0.294562637056,0.0497594116375
run-001,7.45,0.105444886984,-0.297298427783,0.0497592889857
run-001,7.475,0.0979793941597,-0.299847042048,0.049759173912
run-001,7.5,0.0904525348817,-0.30220706295,0.0497590666584
run-001,7.525,0.0828690410122,-0.304377182775,0.0497589674489
run-001,7.55,0.0752336757429,-0.306356202751,0.0497588764889
run-001,7.575,0.0675512308746,-0.308143032799,0.0497587939656
run-001,7.6,0.059826524103,-0.30973669128,0.0497587200478
run-001,7.625,0.0520643963106,-0.311136304758,0.0497586548855
run-001,7.65,0.0442697088651,-0.312341107773,0.0497585986105
run-001,7.675,0.036447340922,-0.313350442633,0.049758551336
run-001,7.7,0.0286021867335,-0.314163759222,0.0497585131568
run-001,7.725,0.0207391529609,-0.314780614846,0.0497584841491
run-001,7.75,0.0128631559911,-0.315200674092,0.0497584643707
run-001,7.775,0.00497911925629,-0.315423708725,0.0497584538609
run-001,7.8,-0.00290802944508,-0.315449597619,0.0497584526406
run-001,7.825,-0.0107933606247,-0.315278326718,0.0497584607122
run-001,7.85,-0.018671945781,-0.314909989028,0.0497584780597
run-001,7.875,-0.0265388600761,-0.314344784651,0.0497585046486
run-001,7.9,-0.0343891850135,-0.313583020845,0.049758540426
run-001,7.925,-0.0422180111183,-0.312625112122,0.0497585853204
run-001,7.95,-0.0500204406196,-0.311471580372,0.049758639242
run-001,7.975,-0.0577915901369,-0.310123055021,0.0497587020825
run-001,8,-0.0655265933706,-0.308580273209,0.0497587737149
run-001,8.025,-0.0732206037974,-0.306844079997,0.049758853994
run-001,8.05,-0.0808687973705,-0.304915428585,0.0497589427558
run-001,8.075,-0.0884663752266,-0.302795380553,0.0497590398182
run-001,8.1,-0.0960085663982,-0.300485106106,0.0497591449803
run-001,8.125,-0.103490630532,-0.297985884323,0.0497592580231
run-001,8.15,-0.110907860614,-0.29529910341,0.0497593787093
run-001,8.175,-0.118255585702,-0.292426260942,0.0497595067833
run-001,8.2,-0.125529173661,-0.289368964092,0.0497596419715
run-001,8.225,-0.132724033907,-0.286128929838,0.0497597839824
run-001,8.25,-0.139835620153,-0.282707985149,0.0497599325071
run-001,8.275,-0.146859433164,-0.279108067129,0.0497600872191
run-001,8.3,-0.15379102351,-0.275331223124,0.0497602477749
run-001,8.325,-0.160625994321,-0.271379610779,0.0497604138143
run-001,8.35,-0.167360004049,-0.267255498039,0.0497605849609
run-001,8.375,-0.173988769223,-0.262961263078,0.0497607608226
run-001,8.4,-0.180508067203,-0.258499394172,0.049760940992
run-001,8.425,-0.186913738931,-0.253872489471,0.0497611250472
run-001,8.45,-0.193201691676,-0.249083256703,0.0497613125526
run-001,8.475,-0.199367901766,-0.244134512766,0.0497615030592
run-001,8.5,-0.205408417315,-0.239029183235,0.0497616961061
run-001,8.525,-0.211319360928,-0.233770301741,0.0497618912208
run-001,8.55,-0.217096932402,-0.228361009252,0.0497620879209
run-001,8.575,-0.222737411391,-0.222804553215,0.0497622857144
run-001,8.6,-0.228237160062,-0.217104286582,0.0497624841014
run-001,8.625,-0.23359262572,-0.211263666695,0.0497626825754
run-001,8.65,-0.238800343397,-0.205286254033,0.049762880624
run-001,8.675,-0.243856938421,-0.199175710813,0.0497630777309
run-001,8.7,-0.248759128938,-0.192935799446,0.0497632733771
run-001,8.725,-0.253503728394,-0.186570380835,0.0497634670423
run-001,8.75,-0.258087647979,-0.180083412526,0.0497636582065
run-001,8.775,-0.26250789902,-0.173478946692,0.0497638463518
run-001,8.8,-0.266761595314,-0.166761127964,0.0497640309637
run-001,8.825,-0.270845955418,-0.159934191096,0.049764211533
run-001,8.85,-0.274758304869,-0.153002458474,0.0497643875574
run-001,8.875,-0.278496078342,-0.145970337461,0.0497645585433
run-001,8.9,-0.282056821742,-0.138842317583,0.0497647240075
run-001,8.925,-0.285438194221,-0.131622967552,0.049764883479
run-001,8.95,-0.28863797012,-0.124316932145,0.0497650365003
run-001,8.975,-0.291654040828,-0.116928928914,0.0497651826298
run-002,0,0.377586206897,0,0.0724036341607
run-002,0.025,0.37746451019,-0.0097340722191,0.0724036260606
run-002,0.05,0.377099503286,-0.0194614889133,0.0724036017868
run-002,0.075,0.376491435744,-0.0291756013172,0.072403561419
run-002,0.1,0.37564072322,-0.0388697741659,0.0724035050899
run-002,0.125,0.374547947036,-0.0485373923963,0.072403432984
run-002,0.15,0.3732138536,-0.0581718677921,0.0724033453371
run-002,0.175,0.371639353646,-0.0677666455521,0.072403242435
run-002,0.2,0.369825521322,-0.0773152107642,0.0724031246122
run-002,0.225,0.367773593108,-0.0868110947678,0.0724029922502
run-002,0.25,0.365484966584,-0.096247881387,0.0724028457755
run-002,0.275,0.362961199039,-0.105619213018,0.0724026856581
run-002,0.3,0.360204005933,-0.114918796555,0.0724025124087
run-002,0.325,0.357215259211,-0.124140409144,0.0724023265767
run-002,0.35,0.353996985476,-0.133277903739,0.0724021287474
run-002,0.375,0.350551364024,-0.142325214468,0.0724019195396
run-002,0.4,0.346880724752,-0.151276361772,0.0724016996027
run-002,0.425,0.342987545936,-0.160125457332,0.0724014696137
run-002,0.45,0.338874451886,-0.16886670875,0.0724012302746
run-002,0.475,0.334544210498,-0.177494424004,0.0724009823092
run-002,0.5,0.329999730686,-0.186003015637,0.07240072646
run-002,0.525,0.325244059716,-0.194387004703,0.0724004634855
run-002,0.55,0.32028038045,-0.202641024457,0.0724001941568
run-002,0.575,0.315112008493,-0.210759823772,0.0723999192549
run-002,0.6,0.309742389262,-0.218738270303,0.0723996395678
run-002,0.625,0.304175094978,-0.226571353386,0.0723993558874
run-002,0.65,0.298413821593,-0.234254186673,0.0723990690069
run-002,0.675,0.292462385645,-0.241782010504,0.0723987797178
run-002,0.7,0.286324721067,-0.24915019403,0.072398488808
run-002,0.725,0.280004875943,-0.256354237077,0.0723981970583
run-002,0.75,0.273507009214,-0.263389771763,0.0723979052411
run-002,0.775,0.266835387355,-0.270252563882,0.0723976141176
run-002,0.8,0.259994381019,-0.276938514047,0.0723973244357
run-002,0.825,0.252988461653,-0.283443658615,0.0723970369284
run-002,0.85,0.245822198089,-0.2897641704,0.0723967523119
run-002,0.875,0.238500253133,-0.295896359174,0.072396471284
run-002,0.9,0.23102738013,-0.301836671985,0.0723961945227
run-002,0.925,0.223408419533,-0.307581693287,0.0723959226849
run-002,0.95,0.215648295466,-0.31312814491,0.0723956564051
run-002,0.975,0.207752012288,-0.318472885865,0.0723953962948
run-002,1,0.199724651172,-0.323612912018,0.0723951429414
run-002,1.025,0.191571366687,-0.328545355625,0.0723948969074
run-002,1.05,0.183297383391,-0.333267484759,0.0723946587303
run-002,1.075,0.174907992449,-0.33777670264,0.0723944289216
run-002,1.1,0.166408548259,-0.342070546867,0.072394207967
run-002,1.125,0.157804465106,-0.346146688592,0.0723939963259
run-002,1.15,0.14910121383,-0.350002931626,0.0723937944313
run-002,1.175,0.140304318524,-0.353637211506,0.07239360269
run-002,1.2,0.131419353254,-0.35704759453,0.0723934214822
run-002,1.225,0.122451938798,-0.360232276775,0.0723932511623
run-002,1.25,0.113407739415,-0.363189583111,0.0723930920585
run-002,1.275,0.104292459642,-0.36591796622,0.0723929444734
run-002,1.3,0.0951118411045,-0.368416005644,0.0723928086839
run-002,1.325,0.0858716593601,-0.370682406853,0.0723926849418
run-002,1.35,0.0765777207618,-0.372716000362,0.0723925734739
run-002,1.375,0.067235859342,-0.374515740901,0.0723924744826
run-002,1.4,0.0578519337168,-0.376080706637,0.0723923881457
run-002,1.425,0.0484318240101,-0.377410098478,0.0723923146171
run-002,1.45,0.0389814287929,-0.378503239443,0.0723922540268
run-002,1.475,0.029506662038,-0.379359574119,0.0723922064814
run-002,1.5,0.0200134500869,-0.379978668212,0.0723921720641
run-002,1.525,0.0105077286273,-0.380360208181,0.0723921508347
run-002,1.55,0.000995439677859,-0.380504000978,0.0723921428303
run-002,1.575,-0.00851747142156,-0.380409973885,0.0723921480647
run-002,1.6,-0.0180250590164,-0.38007817445,0.0723921665288
run-002,1.625,-0.0275213801441,-0.37950877053,0.0723921981905
run-002,1.65,-0.0370004975429,-0.378702050433,0.0723922429947
run-002,1.675,-0.0464564826657,-0.377658423157,0.0723923008632
run-002,1.7,-0.0558834187008,-0.376378418734,0.0723923716942
run-002,1.725,-0.0652754036024,-0.374862688662,0.0723924553627
run-002,1.75,-0.0746265531338,-0.373112006431,0.0723925517198
run-002,1.775,-0.083931003924,-0.371127268133,0.0723926605927
run-002,1.8,-0.0931829165405,-0.368909493145,0.0723927817841
run-002,1.825,-0.102376478581,-0.366459824891,0.0723929150725
run-002,1.85,-0.111505907785,-0.363779531661,0.0723930602113
run-002,1.875,-0.120565455164,-0.360870007487,0.0723932169288
run-002,1.9,-0.129549408159,-0.357732773058,0.0723933849278
run-002,1.925,-0.138452093817,-0.354369476679,0.0723935638855
run-002,1.95,-0.147267881993,-0.350781895239,0.0723937534532
run-002,1.975,-0.155991188579,-0.3469719352,0.0723939532558
run-002,2,-0.164616478753,-0.342941633581,0.0723941628923
run-002,2.025,-0.173138270258,-0.338693158925,0.072394381935
run-002,2.05,-0.1815511367,-0.334228812247,0.0723946099301
run-002,2.075,-0.18984971087,-0.329551027924,0.0723948463974
run-002,2.1,-0.198028688096,-0.324662374554,0.0723950908308
run-002,2.125,-0.206082829598,-0.31956555572,0.0723953426983
run-002,2.15,-0.214006965882,-0.314263410695,0.0723956014424
run-002,2.175,-0.221796000133,-0.308758915029,0.0723958664809
run-002,2.2,-0.229444911633,-0.303055181038,0.0723961372073
run-002,2.225,-0.236948759185,-0.297155458167,0.0723964129919
run-002,2.25,-0.244302684542,-0.291063133204,0.0723966931824
run-002,2.275,-0.251501915845,-0.284781730351,0.072396977105
run-002,2.3,-0.258541771059,-0.278314911129,0.072397264066
run-002,2.325,-0.265417661402,-0.2716664741,0.0723975533529
run-002,2.35,-0.272125094764,-0.264840354402,0.0723978442362
run-002,2.375,-0.278659679122,-0.257840623084,0.0723981359708
run-002,2.4,-0.285017125918,-0.250671486227,0.0723984277981
run-002,2.425,-0.291193253433,-0.243337283844,0.0723987189481
run-002,2.45,-0.297183990111,-0.235842488551,0.0723990086413
run-002,2.475,-0.302985377861,-0.228191703999,0.0723992960913
run-002,2.5,-0.308593575311,-0.220389663058,0.072399580507
run-002,2.525,-0.314004861013,-0.212441225751,0.0723998610954
run-002,2.55,-0.319215636598,-0.204351376938,0.072400137064
run-002,2.575,-0.32422242986,-0.19612522373,0.0724004076238
run-002,2.6,-0.329021897785,-0.18776799265,0.0724006719923
run-002,2.625,-0.333610829493,-0.179285026524,0.0724009293958
run-002,2.65,-0.337986149111,-0.170681781112,0.072401179073
run-002,2.675,-0.342144918548,-0.161963821482,0.0724014202779
run-002,2.7,-0.346084340185,-0.153136818113,0.0724016522824
run-002,2.725,-0.349801759454,-0.144206542758,0.0724018743797
run-002,2.75,-0.353294667323,-0.135178864041,0.0724020858875
run-002,2.775,-0.356560702656,-0.126059742829,0.0724022861502
run-002,2.8,-0.359597654464,-0.116855227349,0.0724024745424
run-002,2.825,-0.362403464024,-0.107571448097,0.0724026504716
run-002,2.85,-0.364976226869,-0.098214612516,0.0724028133807
run-002,2.875,-0.367314194649,-0.0887909994804,0.0724029627505
run-002,2.9,-0.369415776843,-0.0793069535813,0.0724030981027
run-002,2.925,-0.371279542328,-0.0697688792361,0.0724032190012
run-002,2.95,-0.372904220805,-0.0601832346332,0.0724033250549
run-002,2.975,-0.37428870406,-0.050556525528,0.0724034159195
run-002,3,-0.375432047081,-0.0408952989066,0.0724034912988
run-002,3.025,-0.376333469005,-0.0312061365331,0.0724035509465
run-002,3.05,-0.376992353908,-0.0214956484,0.0724035946671
run-002,3.075,-0.377408251425,-0.0117704660976,0.0724036223172
run-002,3.1,-0.377580877213,-0.00203723612267,0.0724036338059
run-002,3.125,-0.377510113232,0.00769738685547,0.0724036290955
run-002,3.15,-0.37719600787,0.0174267467523,0.0724036082015
run-002,3.175,-0.376638775894,0.0271441928294,0.0724035711924
run-002,3.2,-0.375838798229,0.0368430864405,0.07240351819
run-002,3.225,-0.374796621572,0.0465168077431,0.0724034493678
run-002,3.25,-0.373512957841,0.0561587623563,0.0724033649511
run-002,3.275,-0.371988683454,0.0657623879473,0.0724032652154
run-002,3.3,-0.370224838444,0.0753211607262,0.0724031504849
run-002,3.325,-0.368222625418,0.0848286018333,0.0724030211316
run-002,3.35,-0.365983408352,0.0942782836005,0.0724028775728
run-002,3.375,-0.363508711238,0.103663835671,0.0724027202694
run-002,3.4,-0.360800216569,0.11297895096,0.0724025497239
run-002,3.425,-0.35785976369,0.122217391445,0.0724023664778
run-002,3.45,-0.354689346997,0.131372993766,0.072402171109
run-002,3.475,-0.351291114001,0.140439674631,0.0724019642296
run-002,3.5,-0.347667363265,0.149411436004,0.0724017464828
run-002,3.525,-0.343820542201,0.158282370075,0.07240151854
run-002,3.55,-0.339753244761,0.167046664,0.0724012810984
run-002,3.575,-0.335468209001,0.175698604394,0.0724010348773
run-002,3.6,-0.330968314542,0.184232581583,0.0724007806157
run-002,3.625,-0.326256579922,0.192643093602,0.0724005190688
run-002,3.65,-0.321336159861,0.200924749931,0.0724002510055
run-002,3.675,-0.316210342426,0.20907227498,0.0723999772049
run-002,3.7,-0.310882546113,0.217080511297,0.0723996984538
run-002,3.725,-0.305356316861,0.224944422528,0.0723994155434
run-002,3.75,-0.299635324986,0.232659096105,0.072399129267
run-002,3.775,-0.293723362055,0.240219745673,0.0723988404166
run-002,3.8,-0.287624337702,0.247621713264,0.072398549781
run-002,3.825,-0.281342276392,0.254860471215,0.0723982581429
run-002,3.85,-0.274881314142,0.261931623839,0.0723979662765
run-002,3.875,-0.2682456952,0.268830908853,0.0723976749454
run-002,3.9,-0.261439768699,0.275554198573,0.0723973849006
run-002,3.925,-0.254467985272,0.282097500885,0.0723970968784
run-002,3.95,-0.247334893655,0.288456959997,0.0723968115986
run-002,3.975,-0.240045137272,0.294628856989,0.072396529763
run-002,4,-0.232603450805,0.300609610164,0.0723962520538
run-002,4.025,-0.225014656764,0.30639577522,0.0723959791324
run-002,4.05,-0.217283662044,0.311984045249,0.0723957116381
run-002,4.075,-0.209415454501,0.317371250578,0.0723954501873
run-002,4.1,-0.201415099516,0.322554358467,0.0723951953725
run-002,4.125,-0.193287736578,0.327530472674,0.0723949477615
run-002,4.15,-0.185038575882,0.332296832904,0.072394707897
run-002,4.175,-0.176672894933,0.336850814155,0.0723944762961
run-002,4.2,-0.168196035174,0.34118992597,0.0723942534498
run-002,4.225,-0.159613398634,0.345311811628,0.072394039823
run-002,4.25,-0.150930444593,0.349214247252,0.0723938358542
run-002,4.275,-0.142152686272,0.352895140895,0.0723936419558
run-002,4.3,-0.133285687548,0.356352531569,0.0723934585135
run-002,4.325,-0.124335059693,0.359584588277,0.0723932858871
run-002,4.35,-0.115306458134,0.362589609016,0.0723931244103
run-002,4.375,-0.106205579242,0.365366019802,0.0723929743909
run-002,4.4,-0.0970381571441,0.367912373708,0.0723928361113
run-002,4.425,-0.0878099605569,0.370227349927,0.0723927098285
run-002,4.45,-0.0785267896477,0.372309752875,0.0723925957745
run-002,4.475,-0.0691944729131,0.374158511355,0.0723924941567
run-002,4.5,-0.05981886408,0.375772677764,0.0723924051582
run-002,4.525,-0.0504058390249,0.377151427378,0.0723923289376
run-002,4.55,-0.0409612927111,0.378294057709,0.0723922656302
run-002,4.575,-0.0314911361395,0.379199987948,0.0723922153473
run-002,4.6,-0.0220012933137,0.379868758484,0.072392178177
run-002,4.625,-0.0124976982153,0.380300030534,0.072392154184
run-002,4.65,-0.00298629178703,0.38049358585,0.0723921434102
run-002,4.675,0.00652698107723,0.380449326542,0.0723921458741
run-002,4.7,0.0160361745401,0.380167274992,0.0723921615715
run-002,4.725,0.0255353448268,0.379647573871,0.0723921904752
run-002,4.75,0.0350185532336,0.378890486262,0.0723922325349
run-002,4.775,0.0444798691399,0.377896395884,0.072392287677
run-002,4.8,0.0539133730278,0.376665807408,0.072392355805
run-002,4.825,0.0633131595103,0.375199346871,0.0723924367986
run-002,4.85,0.0726733403714,0.373497762188,0.0723925305139
run-002,4.875,0.0819880476198,0.37156192374,0.0723926367831
run-002,4.9,0.0912514365584,0.369392825043,0.0723927554142
run-002,4.925,0.100457688872,0.366991583497,0.0723928861907
run-002,4.95,0.109601015733,0.364359441192,0.0723930288712
run-002,4.975,0.118675660932,0.361497765769,0.0723931831894
run-002,5,0.127675904022,0.358408051338,0.0723933488534
run-002,5.025,0.136596063498,0.355091919414,0.0723935255459
run-002,5.05,0.145430499992,0.351551119899,0.0723937129233
run-002,5.075,0.154173619493,0.347787532058,0.0723939106165
run-002,5.1,0.162819876595,0.343803165507,0.0723941182295
run-002,5.125,0.171363777769,0.339600161187,0.0723943353405
run-002,5.15,0.179799884655,0.335180792314,0.072394561501
run-002,5.175,0.188122817384,0.330547465287,0.0723947962364
run-002,5.2,0.196327257919,0.325702720546,0.0723950390459
run-002,5.225,0.204407953412,0.320649233369,0.072395289403
run-002,5.25,0.212359719588,0.315389814579,0.0723955467554
run-002,5.275,0.220177444141,0.309927411163,0.072395810526
run-002,5.3,0.227856090146,0.304265106785,0.0723960801136
run-002,5.325,0.23539069948,0.298406122169,0.0723963548929
run-002,5.35,0.242776396254,0.29235381535,0.0723966342164
run-002,5.375,0.250008390247,0.286111681777,0.0723969174147
run-002,5.4,0.257081980343,0.279683354252,0.0723972037982
run-002,5.425,0.26399255796,0.27307260269,0.0723974926583
run-002,5.45,0.270735610477,0.266283333696,0.0723977832686
run-002,5.475,0.277306724645,0.259319589945,0.0723980748874
run-002,5.5,0.283701589975,0.252185549341,0.0723983667587
run-002,5.525,0.289916002112,0.244885523974,0.0723986581146
run-002,5.55,0.295945866173,0.237423958832,0.0723989481776
run-002,5.575,0.301787200053,0.229805430285,0.0723992361623
run-002,5.6,0.307436137688,0.222034644326,0.0723995212786
run-002,5.625,0.31288893227,0.214116434551,0.0723998027335
run-002,5.65,0.318141959415,0.206055759903,0.0724000797343
run-002,5.675,0.323191720265,0.197857702134,0.072400351491
run-002,5.7,0.328034844522,0.189527463028,0.0724006172195
run-002,5.725,0.332668093416,0.181070361341,0.0724008761439
run-002,5.75,0.337088362589,0.172491829492,0.0724011275003
run-002,5.775,0.341292684891,0.163797409989,0.072401370539
run-002,5.8,0.345278233088,0.154992751586,0.0724016045281
run-002,5.825,0.34904232247,0.146083605196,0.072401828756
run-002,5.85,0.352582413348,0.13707581955,0.072402042535
run-002,5.875,0.355896113448,0.127975336605,0.0724022452037
run-002,5.9,0.358981180179,0.118788186722,0.0724024361301
run-002,5.925,0.361835522784,0.109520483613,0.0724026147147
run-002,5.95,0.364457204359,0.100178419069,0.0724027803927
run-002,5.975,0.366844443737,0.0907682574828,0.0724029326369
run-002,6,0.368995617233,0.0812963301743,0.07240307096
run-002,6.025,0.370909260246,0.0717690295373,0.072403194917
run-002,6.05,0.37258406871,0.0621928030163,0.0724033041074
run-002,6.075,0.374018900397,0.0525741469327,0.0724033981767
run-002,6.1,0.375212776057,0.0429196001745,0.0724034768186
run-002,6.125,0.376164880406,0.033235737767,0.0724035397762
run-002,6.15,0.376874562945,0.0235291643415,0.0724035868434
run-002,6.175,0.377341338623,0.0138065075205,0.0724036178659
run-002,6.2,0.377564888321,0.00407441123742,0.0724036327415
run-002,6.225,0.377545059184,-0.00566047099011,0.0724036314215
run-002,6.25,0.377281864772,-0.0153914828142,0.0724036139103
run-002,6.275,0.376775485044,-0.0251119718186,0.0724035802653
run-002,6.3,0.376026266181,-0.03481529627,0.072403530597
run-002,6.325,0.37503472023,-0.0444948318377,0.0724034650685
run-002,6.35,0.373801524589,-0.0541439782653,0.0724033838941
run-002,6.375,0.372327521317,-0.0637561659725,0.0724032873388
run-002,6.4,0.37061371629,-0.0733248625714,0.0724031757171
run-002,6.425,0.368661278188,-0.0828435792774,0.0724030493908
run-002,6.45,0.366471537326,-0.0923058771985,0.072402908768
run-002,6.475,0.364045984329,-0.101705373486,0.0724027543007
run-002,6.5,0.361386268652,-0.111035747329,0.0724025864828
run-002,6.525,0.358494196962,-0.120290745782,0.0724024058478
run-002,6.55,0.355371731363,-0.129464189409,0.0724022129664
run-002,6.575,0.352020987492,-0.138549977724,0.0724020084435
run-002,6.6,0.348444232477,-0.147542094432,0.0724017929162
run-002,6.625,0.34464388277,-0.156434612442,0.0724015670503
run-002,6.65,0.340622501855,-0.165221698655,0.0724013315377
run-002,6.675,0.336382797837,-0.173897618514,0.0724010870933
run-002,6.7,0.331927620929,-0.182456740302,0.0724008344523
run-002,6.725,0.327259960822,-0.190893539197,0.0724005743668
run-002,6.75,0.322382943969,-0.19920260106,0.0724003076029
run-002,6.775,0.317299830769,-0.207378625974,0.0724000349381
run-002,6.8,0.31201401267,-0.215416431514,0.0723997571576
run-002,6.825,0.306529009193,-0.223310955752,0.072399475052
run-002,6.85,0.300848464883,-0.231057260005,0.0723991894143
run-002,6.875,0.294976146193,-0.238650531319,0.0723989010372
run-002,6.9,0.288915938317,-0.246086084691,0.0723986107102
run-002,6.925,0.282671841959,-0.253359365044,0.0723983192175
run-002,6.95,0.276247970065,-0.260465948946,0.0723980273353
run-002,6.975,0.269648544511,-0.26740154609,0.0723977358296
run-002,7,0.26287789276,-0.274162000539,0.0723974454542
run-002,7.025,0.255940444484,-0.280743291738,0.0723971569486
run-002,7.05,0.248840728173,-0.287141535316,0.0723968710363
run-002,7.075,0.241583367719,-0.293352983673,0.0723965884228
run-002,7.1,0.23417307899,-0.299374026379,0.0723963097946
run-002,7.125,0.2266146664,-0.305201190371,0.0723960358176
run-002,7.15,0.218913019471,-0.31083114,0.0723957671358
run-002,7.175,0.2110731094,-0.316260676893,0.0723955043705
run-002,7.2,0.203099985626,-0.321486739686,0.0723952481192
run-002,7.225,0.194998772415,-0.326506403617,0.072394998955
run-002,7.25,0.186774665446,-0.33131687999,0.0723947574258
run-002,7.275,0.178432928416,-0.33591551555,0.072394524054
run-002,7.3,0.169978889668,-0.340299791751,0.0723942993363
run-002,7.325,0.161417938828,-0.344467323955,0.072394083743
run-002,7.35,0.15275552347,-0.348415860562,0.0723938777182
run-002,7.375,0.1439971458,-0.352143282094,0.0723936816796
run-002,7.4,0.135148359366,-0.355647600239,0.0723934960185
run-002,7.425,0.126214765788,-0.358926956877,0.0723933211003
run-002,7.45,0.117202011522,-0.361979623094,0.0723931572639
run-002,7.475,0.108115784634,-0.364803998197,0.0723930048227
run-002,7.5,0.0989618116119,-0.367398608747,0.0723928640642
run-002,7.525,0.0897458541962,-0.36976210762,0.0723927352508
run-002,7.55,0.0804737062309,-0.3718932731,0.0723926186198
run-002,7.575,0.0711511905412,-0.373791008026,0.0723925143836
run-002,7.6,0.0617841558296,-0.375454338993,0.0723924227303
run-002,7.625,0.0523784735916,-0.376882415618,0.0723923438238
run-002,7.65,0.0429400350487,-0.378074509883,0.0723922778041
run-002,7.675,0.0334747480974,-0.379030015557,0.0723922247875
run-002,7.7,0.0239885342709,-0.379748447702,0.072392184867
run-002,7.725,0.0144873257124,-0.380229442275,0.0723921581123
run-002,7.75,0.00497706215715,-0.380472755824,0.0723921445698
run-002,7.775,-0.00453631207885,-0.380478265282,0.0723921442631
run-002,7.8,-0.014046851107,-0.380245967864,0.0723921571927
run-002,7.825,-0.023548610472,-0.379775981061,0.0723921833361
run-002,7.85,-0.03303565016,-0.379068542745,0.072392222648
run-002,7.875,-0.0425020376093,-0.378124011364,0.0723922750596
run-002,7.9,-0.0519418507282,-0.376942866248,0.0723923404793
run-002,7.925,-0.0613491809217,-0.375525707998,0.0723924187916
run-002,7.95,-0.0707181361281,-0.373873258977,0.0723925098578
run-002,7.975,-0.0800428438705,-0.371986363884,0.072392613515
run-002,8,-0.0893174543223,-0.369865990409,0.0723927295762
run-002,8.025,-0.0985361433909,-0.367513229963,0.0723928578302
run-002,8.05,-0.10769311582,-0.36492929847,0.0723929980408
run-002,8.075,-0.116782608314,-0.362115537227,0.072393149947
run-002,8.1,-0.125798892682,-0.359073413799,0.0723933132621
run-002,8.125,-0.134736279004,-0.355804522961,0.0723934876742
run-002,8.15,-0.14358911883,-0.352310587665,0.0723936728453
run-002,8.175,-0.152351808388,-0.348593460024,0.0723938684116
run-002,8.2,-0.161018791831,-0.344655122295,0.0723940739828
run-002,8.225,-0.169584564502,-0.340497687857,0.0723942891424
run-002,8.25,-0.178043676224,-0.336123402169,0.0723945134475
run-002,8.275,-0.186390734611,-0.331534643685,0.0723947464291
run-002,8.3,-0.194620408408,-0.326733924729,0.0723949875917
run-002,8.325,-0.202727430847,-0.321723892299,0.0723952364141
run-002,8.35,-0.210706603023,-0.316507328797,0.0723954923495
run-002,8.375,-0.218552797287,-0.311087152673,0.072395754826
run-002,8.4,-0.226260960657,-0.305466418949,0.0723960232472
run-002,8.425,-0.233826118235,-0.299648319644,0.0723962969929
run-002,8.45,-0.241243376639,-0.293636184044,0.0723965754201
run-002,8.475,-0.248507927437,-0.287433478841,0.072396857864
run-002,8.5,-0.255615050581,-0.281043808108,0.072397143639
run-002,8.525,-0.262560117842,-0.274470913094,0.0723974320403
run-002,8.55,-0.269338596236,-0.267718671847,0.0723977223453
run-002,8.575,-0.275946051435,-0.260791098626,0.0723980138151
run-002,8.6,-0.282378151167,-0.253692343117,0.0723983056967
run-002,8.625,-0.28863066859,-0.246426689428,0.0723985972246
run-002,8.65,-0.294699485638,-0.238998554852,0.0723988876228
run-002,8.675,-0.300580596333,-0.231412488405,0.0723991761077
run-002,8.7,-0.306270110059,-0.22367316911,0.0723994618898
run-002,8.725,-0.311764254789,-0.215785404041,0.0723997441765
run-002,8.75,-0.317059380261,-0.207754126109,0.0724000221749
run-002,8.775,-0.322151961094,-0.199584391589,0.0724002950942
run-002,8.8,-0.32703859984,-0.191281377389,0.0724005621487
run-002,8.825,-0.331716029963,-0.182850378053,0.0724008225606
run-002,8.85,-0.336181118743,-0.174296802501,0.0724010755633
run-002,8.875,-0.340430870088,-0.165626170511,0.0724013204038
run-002,8.9,-0.344462427268,-0.156844108935,0.0724015563462
run-002,8.925,-0.348273075535,-0.147956347658,0.0724017826746
run-002,8.95,-0.351860244651,-0.138968715312,0.0724019986958
run-002,8.975,-0.355221511301,-0.129887134736,0.0724022037428
run-003,0,0.441379310345,0,0.0994952713391
run-003,0.025,0.441235467662,-0.0115053855077,0.0994952596662
run-003,0.05,0.440804041069,-0.0230026567643,0.099495224689
run-003,0.075,0.440085334823,-0.0344837088488,0.0994951665322
run-003,0.1,0.439079855627,-0.0459404554693,0.0994950854023
run-003,0.125,0.43778831205,-0.0573648382005,0.0994949815872
run-003,0.15,0.436211613717,-0.0687488356284,0.0994948554541
run-003,0.175,0.434350870269,-0.0800844723727,0.0994947074479
run-003,0.2,0.432207390098,-0.0913638279575,0.099494538088
run-003,0.225,0.429782678871,-0.102579045503,0.0994943479663
run-003,0.25,0.427078437823,-0.113722340209,0.0994941377435
run-003,0.275,0.42409656186,-0.124786007607,0.0994939081457
run-003,0.3,0.420839137443,-0.135762431551,0.0994936599601
run-003,0.325,0.417308440283,-0.146644091933,0.0994933940318
run-003,0.35,0.413506932846,-0.157423572089,0.0994931112584
run-003,0.375,0.409437261678,-0.168093565893,0.099492812586
run-003,0.4,0.405102254552,-0.178646884497,0.0994924990042
run-003,0.425,0.400504917453,-0.18907646273,0.0994921715413
run-003,0.45,0.395648431415,-0.199375365115,0.0994918312594
run-003,0.475,0.390536149198,-0.209536791514,0.0994914792491
run-003,0.5,0.385171591839,-0.21955408237,0.0994911166245
run-003,0.525,0.379558445079,-0.229420723563,0.0994907445186
run-003,0.55,0.373700555661,-0.239130350849,0.0994903640777
run-003,0.575,0.367601927537,-0.248676753903,0.099489976457
run-003,0.6,0.361266717966,-0.258053879941,0.0994895828155
run-003,0.625,0.35469923354,-0.267255836943,0.0994891843116
run-003,0.65,0.347903926119,-0.276276896468,0.0994887820988
run-003,0.675,0.340885388716,-0.285111496066,0.0994883773211
run-003,0.7,0.333648351316,-0.293754241303,0.0994879711095
run-003,0.725,0.326197676651,-0.302199907402,0.0994875645778
run-003,0.75,0.318538355946,-0.310443440501,0.0994871588196
run-003,0.775,0.310675504626,-0.318479958568,0.0994867549047
run-003,0.8,0.302614358017,-0.326304751952,0.0994863538764
run-003,0.825,0.294360267028,-0.333913283617,0.0994859567489
run-003,0.85,0.285918693836,-0.341301189057,0.0994855645051
run-003,0.875,0.277295207575,-0.348464275913,0.0994851780944
run-003,0.9,0.268495480041,-0.355398523321,0.0994847984308
run-003,0.925,0.259525281409,-0.362100080999,0.0994844263922
run-003,0.95,0.250390475991,-0.368565268102,0.0994840628183
run-003,0.975,0.241097018004,-0.374790571871,0.0994837085107
run-003,1,0.231650947397,-0.380772646076,0.0994833642314
run-003,1.025,0.2220583857,-0.386508309317,0.099483030703
run-003,1.05,0.212325531931,-0.391994543155,0.0994827086087
run-003,1.075,0.202458658543,-0.397228490149,0.0994823985917
run-003,1.1,0.192464107424,-0.402207451778,0.099482101256
run-003,1.125,0.182348285954,-0.406928886298,0.0994818171668
run-003,1.15,0.172117663109,-0.411390406552,0.0994815468509
run-003,1.175,0.161778765626,-0.415589777748,0.0994812907976
run-003,1.2,0.151338174222,-0.419524915235,0.0994810494593
run-003,1.225,0.140802519864,-0.423193882295,0.0994808232527
run-003,1.25,0.130178480107,-0.426594887976,0.0994806125594
run-003,1.275,0.119472775466,-0.42972628498,0.0994804177273
run-003,1.3,0.108692165858,-0.432586567628,0.0994802390714
run-003,1.325,0.0978434470843,-0.435174369925,0.0994800768749
run-003,1.35,0.0869334473616,-0.43748846373,0.0994799313899
run-003,1.375,0.0759690238977,-0.43952775706,0.0994798028391
run-003,1.4,0.0649570595086,-0.441291292534,0.0994796914158
run-003,1.425,0.053904459271,-0.442778245973,0.0994795972854
run-003,1.45,0.0428181472099,-0.443987925168,0.099479520586
run-003,1.475,0.0317050630126,-0.444919768821,0.0994794614289
run-003,1.5,0.0205721587688,-0.445573345679,0.0994794198991
run-003,1.525,0.00942639572868,-0.445948353856,0.0994793960561
run-003,1.55,-0.00172525892398,-0.446044620356,0.0994793899339
run-003,1.575,-0.0128758352891,-0.445862100794,0.099479401541
run-003,1.6,-0.0240183639637,-0.445400879329,0.0994794308611
run-003,1.625,-0.0351458792556,-0.444661168799,0.0994794778523
run-003,1.65,-0.0462514224036,-0.443643311055,0.0994795424473
run-003,1.675,-0.0573280448083,-0.442347777503,0.0994796245529
run-003,1.7,-0.0683688112788,-0.440775169844,0.0994797240497
run-003,1.725,-0.0793668033005,-0.438926220996,0.0994798407912
run-003,1.75,-0.0903151223286,-0.436801796213,0.0994799746034
run-003,1.775,-0.101206893111,-0.434402894363,0.0994801252841
run-003,1.8,-0.112035267047,-0.431730649383,0.0994802926015
run-003,1.825,-0.12279342558,-0.428786331878,0.099480476294
run-003,1.85,-0.133474583641,-0.425571350862,0.0994806760687
run-003,1.875,-0.144071993123,-0.422087255617,0.0994808916005
run-003,1.9,-0.154578946421,-0.418335737667,0.0994811225312
run-003,1.925,-0.164988780007,-0.414318632835,0.0994813684685
run-003,1.95,-0.175294878063,-0.410037923376,0.0994816289846
run-003,1.975,-0.185490676176,-0.405495740156,0.099481903616
run-003,2,-0.195569665071,-0.400694364872,0.0994821918617
run-003,2.025,-0.205525394419,-0.395636232274,0.0994824931831
run-003,2.05,-0.215351476685,-0.390323932378,0.0994828070032
run-003,2.075,-0.225041591038,-0.384760212651,0.0994831327058
run-003,2.1,-0.234589487317,-0.378947980128,0.0994834696353
run-003,2.125,-0.243988990044,-0.372890303462,0.0994838170964
run-003,2.15,-0.25323400249,-0.36659041486,0.0994841743543
run-003,2.175,-0.262318510787,-0.360051711899,0.0994845406345
run-003,2.2,-0.271236588085,-0.353277759189,0.0994849151239
run-003,2.225,-0.279982398747,-0.346272289861,0.0994852969705
run-003,2.25,-0.288550202578,-0.339039206863,0.0994856852853
run-003,2.275,-0.29693435909,-0.331582584035,0.0994860791431
run-003,2.3,-0.30512933178,-0.323906666939,0.099486477584
run-003,2.325,-0.313129692437,-0.316015873435,0.0994868796151
run-003,2.35,-0.320930125452,-0.307914793972,0.0994872842131
run-003,2.375,-0.328525432136,-0.299608191574,0.0994876903261
run-003,2.4,-0.335910535031,-0.291101001513,0.0994880968766
run-003,2.425,-0.343080482211,-0.282398330644,0.0994885027644
run-003,2.45,-0.350030451563,-0.27350545639,0.0994889068701
run-003,2.475,-0.356755755031,-0.264427825361,0.0994893080581
run-003,2.5,-0.363251842831,-0.255171051598,0.0994897051811
run-003,2.525,-0.369514307611,-0.245740914429,0.0994900970837
run-003,2.55,-0.375538888552,-0.236143355936,0.0994904826067
run-003,2.575,-0.381321475407,-0.226384478006,0.0994908605919
run-003,2.6,-0.386858112453,-0.216470538996,0.0994912298862
run-003,2.625,-0.392145002357,-0.206407949971,0.099491589347
run-003,2.65,-0.397178509951,-0.196203270541,0.0994919378466
run-003,2.675,-0.401955165884,-0.185863204297,0.0994922742776
run-003,2.7,-0.406471670166,-0.17539459383,0.0994925975577
run-003,2.725,-0.410724895576,-0.164804415364,0.0994929066347
run-003,2.75,-0.414711890934,-0.154099772997,0.0994932004917
run-003,2.775,-0.418429884226,-0.143287892562,0.0994934781522
run-003,2.8,-0.421876285562,-0.132376115122,0.0994937386845
run-003,2.825,-0.425048689982,-0.12137189012,0.0994939812067
run-003,2.85,-0.427944880068,-0.110282768184,0.0994942048913
run-003,2.875,-0.430562828391,-0.099116393624,0.0994944089694
run-003,2.9,-0.432900699749,-0.0878804966296,0.0994945927348
run-003,2.925,-0.434956853222,-0.0765828851953,0.0994947555478
run-003,2.95,-0.436729844009,-0.0652314367941,0.0994948968386
run-003,2.975,-0.438218425062,-0.0538340898265,0.0994950161104
run-003,3,-0.439421548501,-0.042398834871,0.0994951129423
run-003,3.025,-0.440338366806,-0.0309337057631,0.0994951869914
run-003,3.05,-0.440968233789,-0.019446770532,0.0994952379948
run-003,3.075,-0.441310705332,-0.00794612222354,0.0994952657711
run-003,3.1,-0.4413655399,0.00356013035895,0.0994952702214
run-003,3.125,-0.441132698814,0.0150638719669,0.0994952513299
run-003,3.15,-0.440612346302,0.02655699024,0.0994952091638
run-003,3.175,-0.439804849302,0.0380313850299,0.0994951438732
run-003,3.2,-0.43871077705,0.0494789776834,0.09949505569
run-003,3.225,-0.437330900418,0.0608917202547,0.0994949449269
run-003,3.25,-0.435666191037,0.072261604615,0.0994948119752
run-003,3.275,-0.433717820187,0.0835806714315,0.0994946573032
run-003,3.3,-0.431487157466,0.0948410189855,0.0994944814532
run-003,3.325,-0.428975769238,0.106034811803,0.0994942850386
run-003,3.35,-0.426185416876,0.117154289067,0.0994940687407
run-003,3.375,-0.423118054785,0.128191772796,0.0994938333049
run-003,3.4,-0.419775828236,0.139139675747,0.099493579537
run-003,3.425,-0.416161070997,0.14999050904,0.0994933082985
run-003,3.45,-0.412276302784,0.160736889471,0.0994930205028
run-003,3.475,-0.408124226524,0.171371546494,0.0994927171098
run-003,3.5,-0.403707725459,0.181887328861,0.0994923991217
run-003,3.525,-0.399029860081,0.192277210902,0.0994920675777
run-003,3.55,-0.394093864914,0.202534298431,0.0994917235493
run-003,3.575,-0.388903145159,0.21265183426,0.0994913681349
run-003,3.6,-0.383461273201,0.222623203333,0.0994910024551
run-003,3.625,-0.377771984993,0.232441937446,0.0994906276474
run-003,3.65,-0.371839176329,0.242101719564,0.0994902448614
run-003,3.675,-0.365666899014,0.251596387737,0.099489855254
run-003,3.7,-0.359259356942,0.260919938595,0.0994894599844
run-003,3.725,-0.352620902085,0.270066530449,0.0994890602101
run-003,3.75,-0.345756030419,0.279030485974,0.099488657082
run-003,3.775,-0.338669377786,0.287806294508,0.0994882517406
run-003,3.8,-0.331365715694,0.29638861395,0.0994878453119
run-003,3.825,-0.323849947088,0.304772272285,0.0994874389037
run-003,3.85,-0.31612710208,0.312952268737,0.0994870336027
run-003,3.875,-0.308202333652,0.320923774562,0.0994866304707
run-003,3.9,-0.300080913352,0.328682133508,0.0994862305424
run-003,3.925,-0.291768226976,0.336222861942,0.0994858348225
run-003,3.95,-0.283269770255,0.343541648674,0.0994854442836
run-003,3.975,-0.274591144542,0.350634354487,0.0994850598645
run-003,4,-0.26573805253,0.357497011405,0.099484682468
run-003,4.025,-0.256716293972,0.364125821701,0.0994843129604
run-003,4.05,-0.247531761445,0.370517156691,0.0994839521697
run-003,4.075,-0.238190436138,0.376667555311,0.0994836008852
run-003,4.1,-0.22869838368,0.382573722522,0.0994832598569
run-003,4.125,-0.219061750012,0.388232527546,0.0994829297951
run-003,4.15,-0.209286757302,0.393641001975,0.0994826113706
run-003,4.175,-0.199379699913,0.39879633776,0.0994823052144
run-003,4.2,-0.189346940414,0.40369588512,0.0994820119186
run-003,4.225,-0.179194905657,0.408337150375,0.0994817320364
run-003,4.25,-0.168930082896,0.412717793749,0.0994814660828
run-003,4.275,-0.158559015969,0.416835627138,0.0994812145356
run-003,4.3,-0.148088301539,0.420688611898,0.0994809778362
run-003,4.325,-0.137524585375,0.42427485664,0.0994807563902
run-003,4.35,-0.126874558707,0.427592615081,0.0994805505687
run-003,4.375,-0.116144954621,0.430640283951,0.0994803607094
run-003,4.4,-0.105342544509,0.433416400993,0.0994801871172
run-003,4.425,-0.0944741345709,0.435919643052,0.0994800300657
run-003,4.45,-0.0835465623564,0.43814882429,0.0994798897977
run-003,4.475,-0.0725666933564,0.440102894529,0.0994797665268
run-003,4.5,-0.06154141763,0.441780937742,0.0994796604375
run-003,4.525,-0.0504776464693,0.443182170705,0.0994795716868
run-003,4.55,-0.0393823090947,0.444305941817,0.0994795004043
run-003,4.575,-0.0282623493784,0.445151730101,0.0994794466931
run-003,4.6,-0.0171247225897,0.445719144392,0.0994794106305
run-003,4.625,-0.00597639215882,0.446007922723,0.0994793922678
run-003,4.65,0.00517567354649,0.446017931912,0.0994793916312
run-003,4.675,0.0163245044368,0.445749167342,0.0994794087217
run-003,4.7,0.0274631319136,0.445201752963,0.0994794435148
run-003,4.725,0.0385845920849,0.444375941481,0.099479495961
run-003,4.75,0.0496819289877,0.443272114767,0.0994795659849
run-003,4.775,0.0607481978232,0.44189078445,0.0994796534854
run-003,4.8,0.0717764682102,0.440232592724,0.0994797583346
run-003,4.825,0.0827598274594,0.438298313322,0.0994798803776
run-003,4.85,0.0936913838763,0.436088852694,0.0994800194319
run-003,4.875,0.104564270094,0.433605251336,0.0994801752861
run-003,4.9,0.115371646443,0.430848685293,0.0994803476993
run-003,4.925,0.126106704359,0.4278204678,0.0994805364004
run-003,4.95,0.136762669833,0.424522051065,0.0994807410866
run-003,4.975,0.147332806912,0.420955028167,0.0994809614226
run-003,5,0.157810421241,0.417121135051,0.0994811970399
run-003,5.025,0.168188863665,0.413022252616,0.0994814475352
run-003,5.05,0.178461533872,0.40866040886,0.0994817124698
run-003,5.075,0.188621884108,0.40403778108,0.0994819913687
run-003,5.1,0.198663422926,0.399156698089,0.0994822837193
run-003,5.125,0.208579719012,0.394019642441,0.0994825889713
run-003,5.15,0.218364405048,0.388629252636,0.0994829065355
run-003,5.175,0.228011181644,0.382988325289,0.0994832357836
run-003,5.2,0.237513821313,0.377099817224,0.0994835760476
run-003,5.225,0.246866172505,0.370966847496,0.0994839266202
run-003,5.25,0.256062163687,0.36459269929,0.0994842867542
run-003,5.275,0.26509580747,0.357980821693,0.099484655663
run-003,5.3,0.273961204772,0.351134831304,0.0994850325214
run-003,5.325,0.282652549035,0.344058513667,0.099485416466
run-003,5.35,0.291164130455,0.336755824501,0.0994858065963
run-003,5.375,0.29949034026,0.329230890697,0.0994862019762
run-003,5.4,0.30762567499,0.32148801108,0.0994866016355
run-003,5.425,0.315564740814,0.31353165689,0.0994870045715
run-003,5.45,0.323302257835,0.305366471985,0.0994874097519
run-003,5.475,0.330833064413,0.296997272735,0.0994878161165
run-003,5.5,0.338152121472,0.288429047585,0.0994882225804
run-003,5.525,0.345254516792,0.279666956291,0.0994886280373
run-003,5.55,0.352135469286,0.270716328784,0.0994890313621
run-003,5.575,0.358790333232,0.261582663684,0.0994894314155
run-003,5.6,0.36521460247,0.252271626419,0.099489827047
run-003,5.625,0.371403914552,0.242789046963,0.0994902170996
run-003,5.65,0.377354054818,0.233140917173,0.0994906004141
run-003,5.675,0.383060960411,0.223333387725,0.0994909758331
run-003,5.7,0.388520724205,0.213372764644,0.0994913422064
run-003,5.725,0.393729598643,0.203265505417,0.0994916983954
run-003,5.75,0.398683999476,0.193018214711,0.0994920432783
run-003,5.775,0.403380509379,0.182637639672,0.0994923757547
run-003,5.8,0.407815881459,0.172130664829,0.0994926947512
run-003,5.825,0.41198704262,0.161504306603,0.0994929992261
run-003,5.85,0.415891096789,0.150765707431,0.0994932881743
run-003,5.875,0.419525327992,0.139922129509,0.0994935606326
run-003,5.9,0.422887203265,0.128980948181,0.0994938156843
run-003,5.925,0.425974375401,0.117949644979,0.099494052464
run-003,5.95,0.428784685514,0.106835800332,0.0994942701617
run-003,5.975,0.431316165417,0.0956470859686,0.0994944680275
run-003,6,0.433567039812,0.0843912570259,0.0994946453754
run-003,6.025,0.435535728269,0.0730761438954,0.099494801587
run-003,6.05,0.437220847007,0.0617096438242,0.0994949361147
run-003,6.075,0.43862121046,0.0502997123001,0.099495048485
run-003,6.1,0.439735832622,0.0388543542454,0.0994951383009
run-003,6.125,0.440563928172,0.0273816150494,0.099495205244
run-003,6.15,0.441104913374,0.0158895714661,0.0994952490765
run-003,6.175,0.441358406746,0.00438632240919,0.0994952696424
run-003,6.2,0.441324229495,-0.00712002032753,0.0994952668686
run-003,6.225,0.441002405729,-0.0186213413918,0.0994952407649
run-003,6.25,0.440393162425,-0.0301095312067,0.0994951914242
run-003,6.275,0.439496929169,-0.0415764952855,0.0994951190221
run-003,6.3,0.438314337661,-0.0530141634959,0.0994950238157
run-003,6.325,0.436846220994,-0.0644144992436,0.099494906142
run-003,6.35,0.435093612699,-0.0757695085449,0.0994947664166
run-003,6.375,0.433057745567,-0.0870712489589,0.0994946051308
run-003,6.4,0.430740050251,-0.0983118383503,0.0994944228493
run-003,6.425,0.428142153649,-0.109483463456,0.099494220207
run-003,6.45,0.425265877078,-0.120578388227,0.0994939979053
run-003,6.475,0.422113234238,-0.131588961923,0.0994937567088
run-003,6.5,0.418686428982,-0.142507626935,0.099493497441
run-003,6.525,0.414987852891,-0.153326926314,0.0994932209799
run-003,6.55,0.411020082666,-0.164039510979,0.0994929282538
run-003,6.575,0.406785877342,-0.174638146604,0.0994926202362
run-003,6.6,0.402288175336,-0.185115720142,0.0994922979413
run-003,6.625,0.397530091335,-0.195465245988,0.0994919624188
run-003,6.65,0.392514913037,-0.205679871773,0.0994916147491
run-003,6.675,0.387246097746,-0.215752883756,0.099491256038
run-003,6.7,0.381727268849,-0.225677711829,0.0994908874119
run-003,6.725,0.375962212155,-0.235447934119,0.0994905100124
run-003,6.75,0.369954872143,-0.245057281175,0.0994901249921
run-003,6.775,0.363709348096,-0.254499639756,0.0994897335089
run-003,6.8,0.357229890155,-0.263769056205,0.0994893367222
run-003,6.825,0.350520895286,-0.272859739417,0.0994889357877
run-003,6.85,0.343586903184,-0.281766063407,0.0994885318536
run-003,6.875,0.336432592116,-0.290482569479,0.0994881260562
run-003,6.9,0.32906277471,-0.299003968013,0.0994877195164
run-003,6.925,0.321482393715,-0.307325139867,0.0994873133358
run-003,6.95,0.313696517717,-0.315441137423,0.0994869085936
run-003,6.975,0.305710336844,-0.323347185274,0.0994865063437
run-003,7,0.297529158453,-0.331038680576,0.0994861076115
run-003,7.025,0.289158402815,-0.338511193082,0.0994857133923
run-003,7.05,0.280603598799,-0.345760464874,0.0994853246482
run-003,7.075,0.271870379571,-0.352782409807,0.0994849423071
run-003,7.1,0.262964478309,-0.359573112696,0.0994845672606
run-003,7.125,0.253891723937,-0.366128828256,0.0994842003634
run-003,7.15,0.244658036896,-0.372445979824,0.0994838424314
run-003,7.175,0.235269424945,-0.378521157883,0.0994834942418
run-003,7.2,0.225731979002,-0.384351118411,0.0994831565325
run-003,7.225,0.216051869025,-0.389932781075,0.0994828300015
run-003,7.25,0.206235339948,-0.395263227301,0.0994825153072
run-003,7.275,0.19628870766,-0.400339698236,0.0994822130686
run-003,7.3,0.186218355036,-0.405159592628,0.0994819238656
run-003,7.325,0.176030728028,-0.409720464654,0.0994816482396
run-003,7.35,0.165732331804,-0.414020021701,0.099481386694
run-003,7.375,0.155329726943,-0.418056122146,0.0994811396952
run-003,7.4,0.144829525696,-0.421826773137,0.0994809076735
run-003,7.425,0.134238388286,-0.425330128409,0.0994806910236
run-003,7.45,0.123563019276,-0.428564486145,0.0994804901063
run-003,7.475,0.112810163979,-0.431528286917,0.0994803052489
run-003,7.5,0.10198660493,-0.434220111703,0.0994801367466
run-003,7.525,0.091099158394,-0.436638680019,0.0994799848633
run-003,7.55,0.080154670929,-0.43878284817,0.0994798498328
run-003,7.575,0.0691600159855,-0.440651607639,0.0994797318594
run-003,7.6,0.0581220905471,-0.442244083623,0.0994796311192
run-003,7.625,0.0470478118044,-0.443559533742,0.0994795477605
run-003,7.65,0.03594411386,-0.444597346905,0.0994794819048
run-003,7.675,0.0248179444591,-0.445357042378,0.099479433647
run-003,7.7,0.0136762617411,-0.445838269027,0.0994794030564
run-003,7.725,0.00252603100772,-0.446040804766,0.0994793901765
run-003,7.75,-0.00862577849721,-0.445964556201,0.0994793950258
run-003,7.775,-0.0197721968023,-0.445609558488,0.0994794175972
run-003,7.8,-0.0309062564216,-0.444975975382,0.0994794578586
run-003,7.825,-0.0420209955714,-0.4440640995,0.0994795157526
run-003,7.85,-0.0531094613966,-0.442874352787,0.0994795911958
run-003,7.875,-0.0641647132108,-0.441407287174,0.0994796840788
run-003,7.9,-0.0751798257553,-0.439663585439,0.0994797942656
run-003,7.925,-0.0861478924827,-0.437644062247,0.0994799215927
run-003,7.95,-0.0970620288677,-0.435349665367,0.0994800658688
run-003,7.975,-0.107915375751,-0.43278147707,0.0994802268735
run-003,8,-0.118701102721,-0.429940715662,0.0994804043566
run-003,8.025,-0.129412411534,-0.426828737184,0.0994805980372
run-003,8.05,-0.14004253958,-0.423447037219,0.0994808076028
run-003,8.075,-0.150584763395,-0.419797252831,0.0994810327078
run-003,8.1,-0.161032402222,-0.415881164587,0.0994812729731
run-003,8.125,-0.171378821625,-0.411700698666,0.0994815279845
run-003,8.15,-0.181617437155,-0.407257929025,0.0994817972921
run-003,8.175,-0.191741718076,-0.4025550796,0.0994820804094
run-003,8.2,-0.201745191135,-0.397594526535,0.0994823768123
run-003,8.225,-0.211621444403,-0.392378800399,0.0994826859384
run-003,8.25,-0.221364131155,-0.386910588384,0.0994830071865
run-003,8.275,-0.230966973822,-0.381192736452,0.0994833399161
run-003,8.3,-0.240423767978,-0.37522825141,0.0994836834471
run-003,8.325,-0.249728386392,-0.369020302899,0.0994840370596
run-003,8.35,-0.258874783123,-0.36257222525,0.0994843999944
run-003,8.375,-0.267856997655,-0.355887519215,0.0994847714528
run-003,8.4,-0.276669159083,-0.348969853519,0.0994851505976
run-003,8.425,-0.285305490331,-0.341823066239,0.0994855365539
run-003,8.45,-0.293760312395,-0.334451165956,0.0994859284101
run-003,8.475,-0.302028048629,-0.326858332689,0.0994863252192
run-003,8.5,-0.31010322903,-0.31904891857,0.0994867260009
run-003,8.525,-0.317980494557,-0.311027448239,0.099487129743
run-003,8.55,-0.325654601442,-0.302798618956,0.0994875354042
run-003,8.575,-0.333120425505,-0.294367300391,0.0994879419165
run-003,8.6,-0.340372966461,-0.285738534092,0.099488348188
run-003,8.625,-0.347407352209,-0.276917532603,0.0994887531061
run-003,8.65,-0.354218843092,-0.267909678227,0.0994891555411
run-003,8.675,-0.360802836121,-0.258720521411,0.0994895543497
run-003,8.7,-0.367154869162,-0.249355778752,0.0994899483789
run-003,8.725,-0.373270625058,-0.239821330616,0.0994903364706
run-003,8.75,-0.379145935693,-0.230123218344,0.0994907174656
run-003,8.775,-0.384776785976,-0.220267641067,0.0994910902083
run-003,8.8,-0.390159317746,-0.210260952104,0.0994914535516
run-003,8.825,-0.395289833581,-0.200109654959,0.0994918063614
run-003,8.85,-0.400164800494,-0.189820398901,0.0994921475222
run-003,8.875,-0.404780853526,-0.179399974146,0.0994924759412
run-003,8.9,-0.409134799201,-0.168855306635,0.0994927905544
run-003,8.925,-0.413223618858,-0.158193452424,0.0994930903309
run-003,8.95,-0.417044471823,-0.147421591687,0.099493374278
run-003,8.975,-0.420594698442,-0.136547022352,0.0994936414464
run-004,0,0.505172413793,0,0.131181547663
run-004,0.025,0.505005684193,-0.0133359329967,0.131181531427
run-004,0.05,0.504505617143,-0.0266621290184,0.13118148278
run-004,0.075,0.503672577742,-0.0399688637463,0.131181401912
run-004,0.1,0.502507173956,-0.0532464381267,0.131181289133
run-004,0.125,0.501010255835,-0.0664851908837,0.131181144879
run-004,0.15,0.499182914412,-0.0796755108908,0.131180969704
run-004,0.175,0.497026480291,-0.0928078493538,0.131180764276
run-004,0.2,0.494542521944,-0.105872731761,0.131180529378
run-004,0.225,0.491732843703,-0.118860769559,0.131180265899
run-004,0.25,0.488599483466,-0.131762671505,0.131179974827
run-004,0.275,0.485144710128,-0.144569254671,0.131179657249
run-004,0.3,0.481371020733,-0.157271455047,0.13117931434
run-004,0.325,0.477281137375,-0.169860337714,0.131178947356
run-004,0.35,0.472878003847,-0.182327106562,0.131178557631
run-004,0.375,0.468164782047,-0.194663113509,0.131178146562
run-004,0.4,0.463144848171,-0.206859867212,0.131177715609
run-004,0.425,0.457821788687,-0.218909041227,0.131177266282
run-004,0.45,0.45219939611,-0.230802481615,0.131176800134
run-004,0.475,0.446281664606,-0.242532213971,0.131176318754
run-004,0.5,0.440072785412,-0.254090449862,0.131175823758
run-004,0.525,0.433577142113,-0.26546959266,0.131175316778
run-004,0.55,0.426799305779,-0.276662242773,0.131174799463
run-004,0.575,0.419744029974,-0.287661202267,0.131174273459
run-004,0.6,0.412416245665,-0.298459478872,0.131173740413
run-004,0.625,0.40482105603,-0.309050289393,0.131173201957
run-004,0.65,0.396963731196,-0.319427062506,0.131172659709
run-004,0.675,0.388849702905,-0.329583440985,0.13117211526
run-004,0.7,0.380484559146,-0.339513283334,0.131171570173
run-004,0.725,0.371874038738,-0.349210664874,0.131171025974
run-004,0.75,0.363024025903,-0.358669878281,0.131170484151
run-004,0.775,0.353940544824,-0.367885433608,0.131169946145
run-004,0.8,0.344629754222,-0.376852057808,0.13116941335
run-004,0.825,0.335097941934,-0.385564693791,0.131168887109
run-004,0.85,0.325351519533,-0.394018499039,0.13116836871
run-004,0.875,0.315397016982,-0.402208843803,0.131167859382
run-004,0.9,0.305241077343,-0.410131308931,0.1311673603
run-004,0.925,0.294890451536,-0.417781683332,0.131166872575
run-004,0.95,0.284351993176,-0.425155961148,0.13116639726
run-004,0.975,0.273632653478,-0.432250338622,0.131165935346
run-004,1,0.262739476245,-0.439061210749,0.131165487763
run-004,1.025,0.251679592941,-0.445585167695,0.131165055382
run-004,1.05,0.24046021786,-0.451818991067,0.131164639014
run-004,1.075,0.229088643387,-0.457759650033,0.13116423941
run-004,1.1,0.217572235358,-0.463404297354,0.131163857267
run-004,1.125,0.20591842852,-0.468750265352,0.131163493226
run-004,1.15,0.194134722091,-0.473795061848,0.131163147874
run-004,1.175,0.182228675427,-0.478536366114,0.131162821747
run-004,1.2,0.170207903785,-0.482972024866,0.131162515334
run-004,1.225,0.158080074184,-0.487100048328,0.131162229076
run-004,1.25,0.145852901369,-0.490918606412,0.13116196337
run-004,1.275,0.133534143863,-0.494426025025,0.131161718571
run-004,1.3,0.121131600117,-0.497620782545,0.131161494996
run-004,1.325,0.108653104736,-0.500501506498,0.131161292925
run-004,1.35,0.0961065247925,-0.503066970435,0.1311611126
run-004,1.375,0.0834997562143,-0.505316091069,0.131160954234
run-004,1.4,0.0708407202391,-0.507247925659,0.131160818008
run-004,1.425,0.0581373599314,-0.508861669686,0.131160704072
run-004,1.45,0.0453976367548,-0.51015665482,0.131160612552
run-004,1.475,0.0326295271904,-0.5111323472,0.131160543545
run-004,1.5,0.0198410193947,-0.511788346048,0.131160497124
run-004,1.525,0.00704010988801,-0.512124382603,0.131160473337
run-004,1.55,-0.00576519973539,-0.512140319412,0.131160472209
run-004,1.575,-0.0185669060826,-0.511836149961,0.13116049374
run-004,1.6,-0.0313570072334,-0.511211998654,0.13116053791
run-004,1.625,-0.0441275060153,-0.510268121152,0.131160604671
run-004,1.65,-0.056870413291,-0.509004905047,0.131160693953
run-004,1.675,-0.0695777512677,-0.507422870892,0.131160805662
run-004,1.7,-0.0822415568356,-0.505522673556,0.131160939675
run-004,1.725,-0.0948538849455,-0.503305103913,0.131161095844
run-004,1.75,-0.107406812031,-0.500771090842,0.131161273992
run-004,1.775,-0.119892439488,-0.497921703526,0.131161473909
run-004,1.8,-0.132302897208,-0.494758154031,0.131161695355
run-004,1.825,-0.144630347189,-0.491281800159,0.131161938054
run-004,1.85,-0.156866987216,-0.487494148536,0.131162201693
run-004,1.875,-0.169005054616,-0.483396857917,0.131162485922
run-004,1.9,-0.181036830111,-0.478991742698,0.131162790348
run-004,1.925,-0.192954641751,-0.474280776585,0.131163114533
run-004,1.95,-0.204750868941,-0.469266096406,0.131163457994
run-004,1.975,-0.216417946571,-0.463950006041,0.1311638202
run-004,2,-0.227948369243,-0.458334980415,0.131164200568
run-004,2.025,-0.239334695592,-0.452423669551,0.131164598463
run-004,2.05,-0.25056955272,-0.446218902629,0.131165013195
run-004,2.075,-0.261645640723,-0.439723692021,0.131165444017
run-004,2.1,-0.272555737321,-0.432941237271,0.131165890124
run-004,2.125,-0.283292702587,-0.425874928979,0.131166350652
run-004,2.15,-0.29384948377,-0.418528352558,0.131166824677
run-004,2.175,-0.304219120215,-0.41090529182,0.131167311212
run-004,2.2,-0.314394748361,-0.403009732357,0.131167809213
run-004,2.225,-0.324369606833,-0.394845864692,0.131168317571
run-004,2.25,-0.334137041596,-0.386418087144,0.131168835122
run-004,2.275,-0.34369051119,-0.37773100839,0.131169360639
run-004,2.3,-0.353023592015,-0.368789449676,0.13116989284
run-004,2.325,-0.362129983674,-0.359598446659,0.131170430389
run-004,2.35,-0.371003514348,-0.350163250833,0.131170971896
run-004,2.375,-0.379638146215,-0.340489330521,0.131171515925
run-004,2.4,-0.388027980874,-0.330582371396,0.131172060991
run-004,2.425,-0.396167264785,-0.320448276511,0.131172605573
run-004,2.45,-0.4040503947,-0.310093165814,0.131173148111
run-004,2.475,-0.411671923076,-0.299523375117,0.131173687017
run-004,2.5,-0.419026563456,-0.288745454514,0.131174220674
run-004,2.525,-0.426109195801,-0.277766166223,0.131174747453
run-004,2.55,-0.432914871767,-0.266592481839,0.131175265708
run-004,2.575,-0.439438819893,-0.25523157899,0.13117577379
run-004,2.6,-0.445676450716,-0.243690837385,0.131176270053
run-004,2.625,-0.451623361763,-0.231977834259,0.131176752862
run-004,2.65,-0.457275342429,-0.2201003392,0.131177220598
run-004,2.675,-0.462628378723,-0.208066308375,0.13117767167
run-004,2.7,-0.467678657848,-0.195883878152,0.131178104521
run-004,2.725,-0.47242257263,-0.18356135813,0.131178517636
run-004,2.75,-0.476856725755,-0.171107223593,0.13117890955
run-004,2.775,-0.48097793381,-0.158530107398,0.131179278859
run-004,2.8,-0.484783231124,-0.145838791321,0.131179624222
run-004,2.825,-0.488269873376,-0.133042196888,0.131179944376
run-004,2.85,-0.491435340969,-0.120149375705,0.131180238137
run-004,2.875,-0.494277342161,-0.107169499328,0.13118050441
run-004,2.9,-0.496793815935,-0.0941118487021,0.131180742196
run-004,2.925,-0.498982934596,-0.0809858031956,0.131180950594
run-004,2.95,-0.500843106095,-0.0678008292801,0.131181128814
run-004,2.975,-0.50237297606,-0.0545664688852,0.131181276173
run-004,3,-0.503571429539,-0.0412923274739,0.131181392107
run-004,3.025,-0.504437592434,-0.0279880618806,0.131181476169
run-004,3.05,-0.504970832633,-0.0146633679567,0.131181528034
run-004,3.075,-0.505170760832,-0.00132796806936,0.131181547502
run-004,3.1,-0.505037231037,0.0120084014996,0.131181534498
run-004,3.125,-0.504570340757,0.0253360032074,0.131181489072
run-004,3.15,-0.503770430876,0.0386451109089,0.1311814114
run-004,3.175,-0.502638085211,0.0519260224718,0.131181301781
run-004,3.2,-0.501174129753,0.0651690723018,0.131181160638
run-004,3.225,-0.499379631596,0.0783646437294,0.131180988513
run-004,3.25,-0.497255897566,0.0915031812145,0.131180786065
run-004,3.275,-0.494804472536,0.104575202322,0.131180554063
run-004,3.3,-0.49202713745,0.117571309423,0.131180293386
run-004,3.325,-0.488925907065,0.130482201089,0.131180005014
run-004,3.35,-0.485503027396,0.143298683124,0.131179690024
run-004,3.375,-0.481760972908,0.156011679215,0.131179349582
run-004,3.4,-0.477702443435,0.168612241147,0.131178984937
run-004,3.425,-0.473330360851,0.181091558566,0.131178597415
run-004,3.45,-0.468647865507,0.193440968255,0.131178188407
run-004,3.475,-0.463658312438,0.205651962888,0.131177759367
run-004,3.5,-0.458365267362,0.217716199253,0.1311773118
run-004,3.525,-0.452772502476,0.22962550591,0.131176847256
run-004,3.55,-0.446883992067,0.241371890282,0.131176367321
run-004,3.575,-0.440703907961,0.252947545147,0.131175873607
run-004,3.6,-0.43423661481,0.264344854534,0.131175367747
run-004,3.625,-0.427486665235,0.275556399017,0.131174851386
run-004,3.65,-0.420458794859,0.286574960394,0.131174326174
run-004,3.675,-0.413157917215,0.297393525755,0.131173793755
run-004,3.7,-0.405589118571,0.308005290952,0.131173255766
run-004,3.725,-0.397757652667,0.318403663459,0.131172713823
run-004,3.75,-0.389668935398,0.328582264647,0.131172169523
run-004,3.775,-0.381328539435,0.338534931486,0.13117162443
run-004,3.8,-0.372742188824,0.348255717675,0.131171080076
run-004,3.825,-0.363915753551,0.35773889424,0.13117053795
run-004,3.85,-0.354855244112,0.366978949603,0.131169999501
run-004,3.875,-0.345566806071,0.375970589157,0.131169466126
run-004,3.9,-0.336056714654,0.384708734365,0.131168939174
run-004,3.925,-0.326331369353,0.393188521418,0.131168419938
run-004,3.95,-0.316397288583,0.401405299475,0.131167909654
run-004,3.975,-0.306261104379,0.409354628522,0.1311674095
run-004,4,-0.295929557157,0.417032276878,0.131166920597
run-004,4.025,-0.285409490535,0.424434218382,0.131166444
run-004,4.05,-0.274707846238,0.431556629305,0.131165980709
run-004,4.075,-0.26383165907,0.438395885008,0.13116553166
run-004,4.1,-0.252788051987,0.44494855639,0.131165097728
run-004,4.125,-0.241584231251,0.451211406169,0.13116467973
run-004,4.15,-0.230227481679,0.457181385015,0.131164278425
run-004,4.175,-0.218725162,0.462855627589,0.131163894514
run-004,4.2,-0.207084700299,0.468231448516,0.131163528644
run-004,4.225,-0.195313589574,0.473306338327,0.131163181406
run-004,4.25,-0.183419383383,0.478077959402,0.131162853343
run-004,4.275,-0.171409691604,0.482544141964,0.131162544946
run-004,4.3,-0.159292176285,0.486702880131,0.131162256663
run-004,4.325,-0.147074547597,0.490552328082,0.131161988894
run-004,4.35,-0.134764559881,0.494090796354,0.131161741999
run-004,4.375,-0.12237000778,0.497316748297,0.131161516297
run-004,4.4,-0.109898722466,0.500228796729,0.131161312073
run-004,4.425,-0.0973585679432,0.502825700795,0.131161129573
run-004,4.45,-0.0847574374262,0.505106363077,0.131160969012
run-004,4.475,-0.0721032497894,0.507069826948,0.131160830574
run-004,4.5,-0.0594039460788,0.508715274223,0.131160714413
run-004,4.525,-0.0466674860783,0.510042023093,0.131160620657
run-004,4.55,-0.0339018449241,0.51104952638,0.131160549404
run-004,4.575,-0.0211150097593,0.511737370104,0.131160500732
run-004,4.6,-0.00831497641892,0.512105272401,0.13116047469
run-004,4.625,0.00449025386075,0.512153082765,0.131160471305
run-004,4.65,0.0172926777193,0.51188078165,0.131160490581
run-004,4.675,0.0300842929433,0.511288480419,0.131160532498
run-004,4.7,0.0428571017403,0.510376421636,0.131160597013
run-004,4.725,0.0556031140251,0.509144979719,0.131160684057
run-004,4.75,0.0683143507262,0.507594661926,0.131160793537
run-004,4.775,0.0809828471214,0.505726109683,0.131160925336
run-004,4.8,0.0936006562103,0.503540100238,0.131161079307
run-004,4.825,0.106159852133,0.501037548631,0.131161255275
run-004,4.85,0.118652533642,0.498219509963,0.131161453035
run-004,4.875,0.131070827631,0.495087181952,0.131161672349
run-004,4.9,0.143406892739,0.491641907755,0.131161912945
run-004,4.925,0.155652923019,0.487885179033,0.131162174515
run-004,4.95,0.167801151691,0.483818639242,0.131162456711
run-004,4.975,0.179843854981,0.479444087119,0.131162759144
run-004,5,0.191773356047,0.474763480338,0.131163081382
run-004,5.025,0.203582028998,0.469778939313,0.131163422947
run-004,5.05,0.215262303013,0.464492751112,0.131163783312
run-004,5.075,0.226806666554,0.458907373448,0.1311641619
run-004,5.1,0.238207671685,0.453025438731,0.13116455808
run-004,5.125,0.24945793849,0.446849758118,0.131164971168
run-004,5.15,0.260550159591,0.440383325563,0.131165400423
run-004,5.175,0.271477104768,0.433629321798,0.131165845046
run-004,5.2,0.282231625681,0.426591118231,0.131166304179
run-004,5.225,0.29280666068,0.419272280712,0.131166776902
run-004,5.25,0.303195239717,0.411676573145,0.131167262238
run-004,5.275,0.313390489337,0.403807960886,0.131167759146
run-004,5.3,0.323385637761,0.395670613922,0.131168266524
run-004,5.325,0.333174020033,0.38726890976,0.131168783214
run-004,5.35,0.342749083249,0.378607436028,0.131169307994
run-004,5.375,0.352104391835,0.369690992719,0.131169839589
run-004,5.4,0.361233632885,0.360524594071,0.131170376667
run-004,5.425,0.370130621538,0.351113470036,0.131170917844
run-004,5.45,0.378789306387,0.341463067317,0.131171461687
run-004,5.475,0.387203774904,0.331579049936,0.131172006718
run-004,5.5,0.395368258883,0.321467299316,0.131172551417
run-004,5.525,0.40327713987,0.311133913846,0.131173094229
run-004,5.55,0.410924954576,0.300585207907,0.131173633568
run-004,5.575,0.418306400265,0.289827710346,0.131174167822
run-004,5.6,0.425416340093,0.278868162373,0.131174695359
run-004,5.625,0.432249808384,0.267713514877,0.131175214536
run-004,5.65,0.438802015837,0.256370925138,0.131175723705
run-004,5.675,0.445068354641,0.24484775294,0.131176221218
run-004,5.7,0.451044403484,0.233151556072,0.13117670544
run-004,5.725,0.456725932444,0.22129008522,0.131177174748
run-004,5.75,0.462108907745,0.209271278249,0.13117762755
run-004,5.775,0.467189496357,0.197103253888,0.131178062284
run-004,5.8,0.471964070439,0.184794304819,0.13117847743
run-004,5.825,0.476429211598,0.172352890181,0.131178871519
run-004,5.85,0.480581714948,0.159787627523,0.13117924314
run-004,5.875,0.484418592974,0.147107284196,0.131179590946
run-004,5.9,0.487937079158,0.134320768236,0.131179913664
run-004,5.925,0.491134631386,0.121437118746,0.131180210104
run-004,5.95,0.494008935095,0.108465495805,0.13118047916
run-004,5.975,0.496557906176,0.0954151699515,0.131180719824
run-004,6,0.498779693593,0.0822955112563,0.131180931186
run-004,6.025,0.500672681739,0.0691159780353,0.131181112442
run-004,6.05,0.502235492495,0.0558861052356,0.131181262902
run-004,6.075,0.503466987001,0.0426154925357,0.131181381986
run-004,6.1,0.504366267122,0.0293137922064,0.131181469238
run-004,6.125,0.504932676611,0.0159906967725,0.13118152432
run-004,6.15,0.50516580196,0.00265592652482,0.131181547019
run-004,6.175,0.505065472937,-0.0106807830736,0.131181537248
run-004,6.2,0.504631762807,-0.0240096940378,0.131181495044
run-004,6.225,0.503864988235,-0.0373210785212,0.131181420571
run-004,6.25,0.50276570888,-0.0506052314374,0.131181314116
run-004,6.275,0.501334726663,-0.0638524829962,0.13118117609
run-004,6.3,0.499573084731,-0.0770532111064,0.131181007022
run-004,6.325,0.497482066108,-0.0901978536006,0.13118080756
run-004,6.35,0.495063192051,-0.103276920235,0.131180578463
run-004,6.375,0.492318220096,-0.116281004422,0.131180320599
run-004,6.4,0.48924914183,-0.129200794653,0.131180034938
run-004,6.425,0.485858180364,-0.142027085572,0.131179722548
run-004,6.45,0.482147787551,-0.154750788663,0.131179384585
run-004,6.475,0.478120640931,-0.167362942511,0.131179022292
run-004,6.5,0.473779640425,-0.179854722613,0.131178636985
run-004,6.525,0.4691279048,-0.1922174507,0.131178230052
run-004,6.55,0.46416876789,-0.204442603547,0.13117780294
run-004,6.575,0.458905774623,-0.216521821248,0.131177357149
run-004,6.6,0.453342676828,-0.228446914936,0.131176894225
run-004,6.625,0.447483428876,-0.240209873923,0.13117641575
run-004,6.65,0.441332183132,-0.251802872256,0.131175923335
run-004,6.675,0.434893285263,-0.263218274676,0.131175418611
run-004,6.7,0.428171269398,-0.274448641969,0.131174903222
run-004,6.725,0.421170853164,-0.285486735704,0.131174378817
run-004,6.75,0.413896932613,-0.296325522366,0.131173847043
run-004,6.775,0.406354577046,-0.306958176884,0.131173309535
run-004,6.8,0.398549023769,-0.317378085548,0.131172767914
run-004,6.825,0.390485672769,-0.327578848349,0.131172223778
run-004,6.85,0.382170081351,-0.337554280729,0.131171678695
run-004,6.875,0.373607958732,-0.347298414773,0.131171134199
run-004,6.9,0.364805160613,-0.356805499857,0.131170591786
run-004,6.925,0.355767683739,-0.366070002769,0.131170052907
run-004,6.95,0.346501660474,-0.375086607332,0.131169518966
run-004,6.975,0.337013353373,-0.383850213549,0.131168991316
run-004,7,0.327309149797,-0.392355936303,0.131168471255
run-004,7.025,0.317395556558,-0.40059910364,0.131167960025
run-004,7.05,0.307279194615,-0.408575254659,0.131167458812
run-004,7.075,0.296966793825,-0.416280137058,0.13116696874
run-004,7.1,0.286465187762,-0.423709704348,0.131166490873
run-004,7.125,0.275781308607,-0.43086011279,0.131166026214
run-004,7.15,0.264922182122,-0.437727718077,0.131165575706
run-004,7.175,0.253894922703,-0.444309071806,0.131165140231
run-004,7.2,0.242706728532,-0.450600917766,0.131164720612
run-004,7.225,0.231364876815,-0.456600188089,0.131164317613
run-004,7.25,0.219876719127,-0.462303999298,0.131163931941
run-004,7.275,0.20824967685,-0.467709648281,0.131163564246
run-004,7.3,0.196491236713,-0.472814608236,0.131163215128
run-004,7.325,0.184608946438,-0.477616524614,0.131162885133
run-004,7.35,0.172610410483,-0.482113211104,0.131162574757
run-004,7.375,0.160503285883,-0.48630264568,0.131162284453
run-004,7.4,0.148295278199,-0.490182966753,0.131162014624
run-004,7.425,0.135994137546,-0.493752469453,0.131161765636
run-004,7.45,0.123607654726,-0.49700960207,0.131161537811
run-004,7.475,0.111143657442,-0.499952962682,0.131161331437
run-004,7.5,0.098610006592,-0.502581296001,0.131161146764
run-004,7.525,0.0860145926421,-0.504893490448,0.13116098401
run-004,7.55,0.0733653320695,-0.506888575491,0.131160843362
run-004,7.575,0.0606701638675,-0.508565719256,0.131160724977
run-004,7.6,0.0479370461068,-0.50992422644,0.131160628984
run-004,7.625,0.0351739525455,-0.510963536529,0.131160555488
run-004,7.65,0.0223888692803,-0.511683222338,0.131160504564
run-004,7.675,0.00958979142863,-0.512082988884,0.131160476267
run-004,7.7,-0.00321528016393,-0.512162672609,0.131160470626
run-004,7.725,-0.0160183422018,-0.511922240935,0.131160487646
run-004,7.75,-0.0288113922107,-0.511361792182,0.131160527311
run-004,7.775,-0.0415864318109,-0.51048155583,0.131160589578
run-004,7.8,-0.0543354700022,-0.509281893128,0.131160674383
run-004,7.825,-0.0670505264674,-0.507763298055,0.131160781634
run-004,7.85,-0.0797236349049,-0.505926398609,0.131160911217
run-004,7.875,-0.0923468463978,-0.503771958431,0.131161062987
run-004,7.9,-0.104912232826,-0.501300878745,0.131161236774
run-004,7.925,-0.117411890335,-0.498514200597,0.131161432374
run-004,7.95,-0.129837942856,-0.495413107383,0.131161649554
run-004,7.975,-0.142182545704,-0.491998927644,0.131161888044
run-004,8,-0.154437889239,-0.488273138114,0.131162147541
run-004,8.025,-0.16659620261,-0.484237366979,0.1311624277
run-004,8.05,-0.178649757588,-0.479893397356,0.131162728137
run-004,8.075,-0.190590872478,-0.475243170925,0.131163048424
run-004,8.1,-0.202411916134,-0.470288791723,0.131163388087
run-004,8.125,-0.214105312064,-0.465032530047,0.131163746605
run-004,8.15,-0.225663542636,-0.459476826439,0.131164123406
run-004,8.175,-0.237079153386,-0.453624295732,0.131164517864
run-004,8.2,-0.248344757423,-0.447477731106,0.131164929301
run-004,8.225,-0.259453039941,-0.441040108133,0.131165356981
run-004,8.25,-0.270396762829,-0.434314588773,0.131165800112
run-004,8.275,-0.28116876938,-0.427304525276,0.13116625784
run-004,8.3,-0.291761989093,-0.420013463971,0.131166729253
run-004,8.325,-0.302169442578,-0.412445148882,0.131167213379
run-004,8.35,-0.312384246537,-0.404603525165,0.131167709182
run-004,8.375,-0.322399618836,-0.396492742294,0.13116821557
run-004,8.4,-0.332208883652,-0.388117156996,0.131168731386
run-004,8.425,-0.341805476686,-0.379481335869,0.131169255417
run-004,8.45,-0.351182950445,-0.370590057673,0.131169786392
run-004,8.475,-0.36033497957,-0.361448315239,0.131170322985
run-004,8.5,-0.369255366207,-0.35206131699,0.131170863817
run-004,8.525,-0.377938045419,-0.342434488013,0.13117140746
run-004,8.55,-0.386377090608,-0.332573470681,0.13117195244
run-004,8.575,-0.394566718953,-0.322484124783,0.131172497242
run-004,8.6,-0.402501296847,-0.312172527138,0.131173040313
run-004,8.625,-0.41017534531,-0.301644970683,0.13117358007
run-004,8.65,-0.417583545381,-0.290907962994,0.131174114902
run-004,8.675,-0.42472074346,-0.27996822425,0.131174643181
run-004,8.7,-0.431581956594,-0.268832684598,0.131175163265
run-004,8.725,-0.43816237769,-0.257508480934,0.131175673504
run-004,8.75,-0.44445738064,-0.24600295307,0.131176172252
run-004,8.775,-0.450462525343,-0.234323639301,0.131176657869
run-004,8.8,-0.456173562606,-0.222478271352,0.131177128735
run-004,8.825,-0.461586438911,-0.210474768725,0.131177583251
run-004,8.85,-0.466697301042,-0.198321232442,0.131178019852
run-004,8.875,-0.471502500533,-0.18602593819,0.131178437016
run-004,8.9,-0.475998597951,-0.173597328889,0.131178833266
run-004,8.925,-0.480182366978,-0.161044006689,0.131179207185
run-004,8.95,-0.484050798286,-0.148374724428,0.13117955742
run-004,8.975,-0.487601103199,-0.13559837656,0.131179882691
run-005,0,0.568965517241,0,0.167624647682
run-005,0.025,0.568775052694,-0.0152342744717,0.167624625675
run-005,0.05,0.568203803518,-0.0304569959319,0.167624559744
run-005,0.075,0.567252202897,-0.0456566282826,0.167624450167
run-005,0.1,0.565920972104,-0.0608216691821,0.167624297405
run-005,0.125,0.564211119438,-0.0759406667463,0.167624102096
run-005,0.15,0.562123938766,-0.0910022360384,0.167623865056
run-005,0.175,0.559661007636,-0.10599507528,0.167623587268
run-005,0.2,0.556824185002,-0.120907981718,0.167623269878
run-005,0.225,0.553615608551,-0.135729867077,0.167622914189
run-005,0.25,0.550037691648,-0.15044977255,0.167622521648
run-005,0.275,0.546093119923,-0.165056883253,0.167622093837
run-005,0.3,0.541784847486,-0.179540542099,0.167621632468
run-005,0.325,0.537116092818,-0.193890263038,0.167621139364
run-005,0.35,0.532090334334,-0.208095743622,0.167620616453
run-005,0.375,0.526711305637,-0.222146876836,0.167620065752
run-005,0.4,0.520982990492,-0.236033762181,0.167619489359
run-005,0.425,0.514909617528,-0.249746715959,0.167618889434
run-005,0.45,0.508495654694,-0.263276280737,0.167618268194
run-005,0.475,0.501745803491,-0.276613233971,0.167617627892
run-005,0.5,0.494664992996,-0.289748595772,0.167616970812
run-005,0.525,0.487258373703,-0.30267363579,0.16761629925
run-005,0.55,0.479531311206,-0.315379879234,0.167615615507
run-005,0.575,0.471489379741,-0.327859112,0.167614921873
run-005,0.6,0.463138355606,-0.340103384925,0.16761422062
run-005,0.625,0.454484210495,-0.352105017176,0.16761351399
run-005,0.65,0.445533104747,-0.363856598774,0.167612804184
run-005,0.675,0.436291380556,-0.375350992294,0.167612093352
run-005,0.7,0.426765555133,-0.386581333735,0.167611383591
run-005,0.725,0.416962313869,-0.397541032616,0.167610676929
run-005,0.75,0.406888503502,-0.408223771298,0.167609975323
run-005,0.775,0.396551125304,-0.418623503597,0.167609280656
run-005,0.8,0.385957328322,-0.4287344527,0.167608594725
run-005,0.825,0.375114402669,-0.438551108441,0.167607919244
run-005,0.85,0.3640297729,-0.448068223975,0.167607255835
run-005,0.875,0.35271099147,-0.457280811895,0.167606606033
run-005,0.9,0.341165732305,-0.46618413984,0.167605971275
run-005,0.925,0.329401784478,-0.474773725647,0.16760535291
run-005,0.95,0.317427046023,-0.483045332098,0.167604752192
run-005,0.975,0.305249517874,-0.490994961315,0.167604170281
run-005,1,0.292877297957,-0.498618848847,0.167603608251
run-005,1.025,0.280318575431,-0.505913457517,0.167603067083
run-005,1.05,0.267581625081,-0.51287547108,0.167602547676
run-005,1.075,0.254674801877,-0.519501787734,0.167602050846
run-005,1.1,0.241606535695,-0.52578951355,0.167601577328
run-005,1.125,0.2283853262,-0.531735955873,0.167601127784
run-005,1.15,0.215019737901,-0.537338616734,0.167600702807
run-005,1.175,0.201518395363,-0.542595186344,0.16760030292
run-005,1.2,0.187889978584,-0.547503536688,0.167599928586
run-005,1.225,0.174143218529,-0.552061715306,0.167599580213
run-005,1.25,0.160286892818,-0.556267939266,0.167599258154
run-005,1.275,0.146329821565,-0.560120589403,0.167598962714
run-005,1.3,0.132280863348,-0.563618204843,0.167598694156
run-005,1.325,0.118148911323,-0.566759477863,0.167598452703
run-005,1.35,0.103942889455,-0.569543249121,0.167598238544
run-005,1.375,0.0896717488671,-0.571968503277,0.167598051835
run-005,1.4,0.0753444642913,-0.574034365051,0.167597892705
run-005,1.425,0.0609700306145,-0.575740095731,0.167597761258
run-005,1.45,0.0465574595047,-0.57708509016,0.167597657576
run-005,1.475,0.0321157761065,-0.578068874222,0.167597581721
run-005,1.5,0.0176540157936,-0.578691102845,0.167597533735
run-005,1.525,0.00318122096426,-0.578951558524,0.167597513648
run-005,1.55,-0.0112935621326,-0.578850150387,0.167597521469
run-005,1.575,-0.0257612865551,-0.578386913802,0.167597557195
run-005,1.6,-0.0402129078227,-0.577562010532,0.167597620805
run-005,1.625,-0.0546393870817,-0.57637572943,0.167597712263
run-005,1.65,-0.0690316942942,-0.574828487677,0.167597831515
run-005,1.675,-0.0833808114656,-0.572920832553,0.167597978489
run-005,1.7,-0.0976777359219,-0.570653443726,0.16759815309
run-005,1.725,-0.111913483652,-0.568027136048,0.167598355202
run-005,1.75,-0.126079092724,-0.565042862838,0.167598584679
run-005,1.775,-0.140165626794,-0.561701719631,0.167598841348
run-005,1.8,-0.154164178706,-0.558004948365,0.167599125003
run-005,1.825,-0.168065874212,-0.553953941988,0.167599435397
run-005,1.85,-0.181861875805,-0.549550249435,0.167599772245
run-005,1.875,-0.195543386684,-0.544795580964,0.167600135215
run-005,1.9,-0.209101654853,-0.539691813793,0.167600523924
run-005,1.925,-0.222527977373,-0.53424099802,0.167600937934
run-005,1.95,-0.235813704754,-0.528445362758,0.167601376749
run-005,1.975,-0.248950245511,-0.522307322469,0.167601839806
run-005,2,-0.261929070878,-0.515829483429,0.167602326476
run-005,2.025,-0.274741719683,-0.509014650288,0.167602836056
run-005,2.05,-0.287379803392,-0.501865832666,0.167603367765
run-005,2.075,-0.299835011316,-0.494386251751,0.167603920741
run-005,2.1,-0.31209911598,-0.48657934682,0.16760449404
run-005,2.125,-0.324163978657,-0.478448781659,0.16760508663
run-005,2.15,-0.336021555063,-0.469998450805,0.167605697388
run-005,2.175,-0.347663901197,-0.461232485567,0.167606325101
run-005,2.2,-0.359083179341,-0.452155259777,0.167606968462
run-005,2.225,-0.370271664186,-0.442771395203,0.167607626074
run-005,2.25,-0.381221749101,-0.433085766583,0.167608296444
run-005,2.275,-0.391925952515,-0.423103506221,0.167608977987
run-005,2.3,-0.402376924412,-0.412830008101,0.167609669031
run-005,2.325,-0.41256745292,-0.402270931461,0.167610367814
run-005,2.35,-0.422490470985,-0.391432203795,0.16761107249
run-005,2.375,-0.43213906311,-0.380320023213,0.167611781135
run-005,2.4,-0.441506472146,-0.368940860148,0.16761249175
run-005,2.425,-0.450586106118,-0.357301458346,0.167613202269
run-005,2.45,-0.459371545063,-0.345408835112,0.167613910564
run-005,2.475,-0.467856547873,-0.333270280789,0.167614614454
run-005,2.5,-0.476035059103,-0.320893357422,0.167615311715
run-005,2.525,-0.483901215744,-0.3082858966,0.167616000087
run-005,2.55,-0.491449353933,-0.295455996449,0.167616677286
run-005,2.575,-0.498674015567,-0.28241201776,0.167617341015
run-005,2.6,-0.505569954821,-0.269162579244,0.167617988973
run-005,2.625,-0.512132144529,-0.255716551907,0.167618618871
run-005,2.65,-0.518355782416,-0.242083052542,0.16761922844
run-005,2.675,-0.524236297156,-0.228271436352,0.167619815446
run-005,2.7,-0.529769354234,-0.214291288701,0.167620377702
run-005,2.725,-0.534950861591,-0.200152416017,0.167620913081
run-005,2.75,-0.539776975035,-0.18586483586,0.16762141953
run-005,2.775,-0.544244103384,-0.171438766194,0.167621895078
run-005,2.8,-0.548348913344,-0.156884613876,0.167622337857
run-005,2.825,-0.552088334078,-0.142212962407,0.167622746103
run-005,2.85,-0.555459561465,-0.127434558986,0.167623118176
run-005,2.875,-0.558460062027,-0.11256030091,0.167623452569
run-005,2.9,-0.56108757651,-0.0976012213636,0.167623747913
run-005,2.925,-0.563340123095,-0.0825684746608,0.167624002995
run-005,2.95,-0.565216000243,-0.0674733209866,0.167624216756
run-005,2.975,-0.566713789145,-0.0523271107046,0.167624388308
run-005,3,-0.567832355778,-0.0371412682894,0.167624516934
run-005,3.025,-0.568570852559,-0.0219272759513,0.167624602094
run-005,3.05,-0.568928719576,-0.00669665701892,0.16762464343
run-005,3.075,-0.56890568541,0.00853904084955,0.167624640768
run-005,3.1,-0.568501767533,0.0237682625576,0.167624594119
run-005,3.125,-0.567717272282,0.0389794624929,0.16762450368
run-005,3.15,-0.566552794409,0.0541611214095,0.167624369831
run-005,3.175,-0.565009216212,0.0693017632005,0.167624193133
run-005,3.2,-0.563087706249,0.0843899714886,0.167623974324
run-005,3.225,-0.560789717637,0.0994144059686,0.167623714314
run-005,3.25,-0.55811698595,0.114363818433,0.167623414179
run-005,3.275,-0.555071526716,0.129227068414,0.167623075154
run-005,3.3,-0.55165563253,0.143993138386,0.167622698623
run-005,3.325,-0.547871869796,0.158651148462,0.167622286112
run-005,3.35,-0.543723075107,0.173190370528,0.167621839275
run-005,3.375,-0.53921235127,0.187600241769,0.167621359888
run-005,3.4,-0.534343063018,0.201870377537,0.167620849834
run-005,3.425,-0.529118832393,0.215990583506,0.167620311094
run-005,3.45,-0.523543533843,0.229950867093,0.16761974573
run-005,3.475,-0.517621289039,0.243741448093,0.167619155879
run-005,3.5,-0.511356461438,0.25735276851,0.167618543732
run-005,3.525,-0.504753650613,0.270775501551,0.167617911528
run-005,3.55,-0.497817686361,0.284000559771,0.167617261541
run-005,3.575,-0.490553622624,0.297019102348,0.16761659606
run-005,3.6,-0.482966731243,0.309822541478,0.167615917388
run-005,3.625,-0.475062495551,0.322402547903,0.16761522782
run-005,3.65,-0.466846603848,0.33475105554,0.167614529638
run-005,3.675,-0.458324942774,0.346860265254,0.167613825098
run-005,3.7,-0.449503590585,0.358722647759,0.16761311642
run-005,3.725,-0.440388810386,0.370330945679,0.167612405777
run-005,3.75,-0.430987043301,0.381678174776,0.167611695291
run-005,3.775,-0.421304901647,0.392757624387,0.167610987021
run-005,3.8,-0.411349162082,0.403562857078,0.167610282957
run-005,3.825,-0.401126758793,0.41408770757,0.167609585014
run-005,3.85,-0.390644776704,0.424326280949,0.167608895027
run-005,3.875,-0.379910444745,0.434272950225,0.167608214747
run-005,3.9,-0.368931129192,0.443922353262,0.167607545838
run-005,3.925,-0.357714327082,0.453269389132,0.167606889873
run-005,3.95,-0.346267659736,0.462309213944,0.167606248331
run-005,3.975,-0.334598866385,0.471037236189,0.167605622601
run-005,4,-0.322715797926,0.479449111659,0.167605013977
run-005,4.025,-0.310626410802,0.487540737989,0.167604423663
run-005,4.05,-0.298338761027,0.495308248873,0.167603852768
run-005,4.075,-0.285860998359,0.502748008012,0.167603302315
run-005,4.1,-0.273201360626,0.509856602846,0.167602773238
run-005,4.125,-0.260368168216,0.516630838122,0.16760226639
run-005,4.15,-0.24736981872,0.523067729358,0.167601782539
run-005,4.175,-0.234214781748,0.529164496244,0.167601322381
run-005,4.2,-0.220911593908,0.53491855605,0.167600886538
run-005,4.225,-0.207468853946,0.540327517069,0.167600475562
run-005,4.25,-0.193895218055,0.545389172169,0.167600089943
run-005,4.275,-0.180199395337,0.550101492483,0.167599730113
run-005,4.3,-0.16639014343,0.554462621291,0.167599396448
run-005,4.325,-0.152476264273,0.558470868141,0.167599089273
run-005,4.35,-0.138466600023,0.562124703236,0.16759880887
run-005,4.375,-0.124370029111,0.56542275215,0.167598555478
run-005,4.4,-0.110195462416,0.568363790886,0.167598329302
run-005,4.425,-0.0959518395668,0.570946741322,0.16759813051
run-005,4.45,-0.0816481253498,0.573170667074,0.167597959244
run-005,4.475,-0.0672933062131,0.575034769802,0.167597815618
run-005,4.5,-0.0528963868597,0.576538385989,0.167597699724
run-005,4.525,-0.0384663869137,0.577680984199,0.167597611631
run-005,4.55,-0.0240123376497,0.578462162854,0.167597551392
run-005,4.575,-0.00954327877098,0.578881648524,0.16759751904
run-005,4.6,0.00493174477648,0.578939294759,0.167597514594
run-005,4.625,0.019403685967,0.578635081455,0.167597538056
run-005,4.65,0.0338634988492,0.577969114765,0.167597589413
run-005,4.675,0.0483021417052,0.576941627561,0.167597668637
run-005,4.7,0.0627105802273,0.575552980434,0.16759777568
run-005,4.725,0.0770797907269,0.573803663228,0.16759791048
run-005,4.75,0.0914007633887,0.571694297108,0.167598072951
run-005,4.775,0.105664505582,0.569225637133,0.167598262987
run-005,4.8,0.119862045245,0.566398575325,0.167598480456
run-005,4.825,0.133984434349,0.56321414422,0.167598725197
run-005,4.85,0.148022752456,0.559673520864,0.167598997018
run-005,4.875,0.161968110392,0.555778031239,0.167599295692
run-005,4.9,0.175811654018,0.551529155082,0.167599620951
run-005,4.925,0.189544568146,0.546928531066,0.167599972483
run-005,4.95,0.203158080572,0.541977962312,0.167600349929
run-005,4.975,0.216643466261,0.536679422186,0.167600752877
run-005,5,0.229992051681,0.53103506035,0.167601180854
run-005,5.025,0.243195219279,0.525047209009,0.16760163333
run-005,5.05,0.256244412131,0.518718389327,0.167602109704
run-005,5.075,0.269131138745,0.512051317949,0.167602609305
run-005,5.1,0.281846978029,0.505048913592,0.167603131388
run-005,5.125,0.294383584425,0.497714303642,0.167603675128
run-005,5.15,0.306732693211,0.490050830722,0.167604239617
run-005,5.175,0.318886125961,0.482062059158,0.167604823861
run-005,5.2,0.330835796169,0.473751781307,0.167605426777
run-005,5.225,0.342573715026,0.465124023684,0.167606047193
run-005,5.25,0.354091997353,0.456183052837,0.167606683843
run-005,5.275,0.365382867668,0.446933380914,0.16760733537
run-005,5.3,0.376438666399,0.43737977087,0.167608000322
run-005,5.325,0.387251856212,0.427527241264,0.167608677155
run-005,5.35,0.397815028462,0.417381070589,0.167609364235
run-005,5.375,0.408120909741,0.406946801093,0.167610059838
run-005,5.4,0.418162368517,0.39623024203,0.167610762157
run-005,5.425,0.427932421843,0.385237472316,0.167611469299
run-005,5.45,0.437424242132,0.373974842525,0.167612179299
run-005,5.475,0.446631163969,0.362448976196,0.167612890119
run-005,5.5,0.455546690942,0.350666770416,0.167613599657
run-005,5.525,0.46416450249,0.338635395632,0.167614305755
run-005,5.55,0.472478460724,0.326362294685,0.167615006206
run-005,5.575,0.480482617224,0.31385518101,0.167615698765
run-005,5.6,0.488171219774,0.301122036007,0.167616381157
run-005,5.625,0.495538719024,0.288171105548,0.16761705109
run-005,5.65,0.502579775052,0.275010895623,0.167617706263
run-005,5.675,0.509289263805,0.261650167092,0.167618344381
run-005,5.7,0.515662283406,0.248097929576,0.167618963162
run-005,5.725,0.521694160284,0.234363434453,0.167619560358
run-005,5.75,0.527380455129,0.220456166995,0.167620133758
run-005,5.775,0.532716968634,0.206385837639,0.167620681208
run-005,5.8,0.537699747011,0.19216237242,0.16762120062
run-005,5.825,0.542325087255,0.17779590259,0.167621689987
run-005,5.85,0.54658954214,0.163296753448,0.167622147393
run-005,5.875,0.550489924927,0.148675432408,0.167622571026
run-005,5.9,0.554023313761,0.133942616356,0.167622959193
run-005,5.925,0.557187055745,0.119109138331,0.167623310324
run-005,5.95,0.559978770677,0.104185973577,0.167623622991
run-005,5.975,0.562396354424,0.0891842250193,0.167623895909
run-005,6,0.564437981928,0.0741151082172,0.167624127951
run-005,6.025,0.566102109835,0.0589899358563,0.167624318155
run-005,6.05,0.567387478721,0.0438201018374,0.167624465725
run-005,6.075,0.568293114927,0.0286170650279,0.167624570044
run-005,6.1,0.568818331973,0.013392332743,0.167624630674
run-005,6.125,0.568962731564,-0.00184255597662,0.16762464736
run-005,6.15,0.568726204174,-0.0170760472198,0.167624620032
run-005,6.175,0.568108929203,-0.032296589122,0.167624548805
run-005,6.2,0.567111374718,-0.0474926487745,0.167624433978
run-005,6.225,0.565734296764,-0.0626527290534,0.167624276032
run-005,6.25,0.563978738265,-0.077765385299,0.16762407563
run-005,6.275,0.561846027499,-0.092819241776,0.167623833607
run-005,6.3,0.559337776176,-0.107803007845,0.167623550965
run-005,6.325,0.556455877107,-0.122705493785,0.167623228872
run-005,6.35,0.553202501487,-0.137515626191,0.167622868647
run-005,6.375,0.549580095797,-0.152222462903,0.167622471753
run-005,6.4,0.545591378342,-0.166815207395,0.167622039791
run-005,6.425,0.541239335428,-0.181283222573,0.167621574485
run-005,6.45,0.536527217213,-0.195616043937,0.167621077672
run-005,6.475,0.531458533231,-0.209803392059,0.167620551291
run-005,6.5,0.52603704761,-0.223835184325,0.167619997371
run-005,6.525,0.520266774015,-0.237701545924,0.167619418015
run-005,6.55,0.514151970314,-0.251392820034,0.167618815394
run-005,6.575,0.507697133013,-0.264899577187,0.167618191728
run-005,6.6,0.500906991455,-0.278212623788,0.167617549276
run-005,6.625,0.493786501823,-0.291323009776,0.167616890322
run-005,6.65,0.486340840966,-0.304222035406,0.167616217165
run-005,6.675,0.478575400053,-0.316901257156,0.167615532104
run-005,6.7,0.470495778108,-0.329352492754,0.167614837428
run-005,6.725,0.462107775415,-0.341567825324,0.167614135407
run-005,6.75,0.453417386842,-0.35353960667,0.167613428277
run-005,6.775,0.444430795082,-0.365260459702,0.167612718233
run-005,6.8,0.435154363857,-0.376723280028,0.167612007421
run-005,6.825,0.425594631081,-0.387921236737,0.167611297928
run-005,6.85,0.41575830202,-0.398847772392,0.167610591774
run-005,6.875,0.405652242461,-0.409496602272,0.16760989091
run-005,6.9,0.395283471906,-0.419861712891,0.167609197205
run-005,6.925,0.384659156816,-0.429937359841,0.167608512449
run-005,6.95,0.373786603914,-0.439718064987,0.167607838343
run-005,6.975,0.362673253567,-0.449198613078,0.1676071765
run-005,7,0.35132667326,-0.458374047791,0.167606528442
run-005,7.025,0.339754551177,-0.467239667288,0.167605895597
run-005,7.05,0.327964689896,-0.475791019317,0.167605279302
run-005,7.075,0.315965000212,-0.484023895909,0.167604680798
run-005,7.1,0.3037634951,-0.491934327732,0.167604101236
run-005,7.125,0.291368283825,-0.499518578151,0.167603541678
run-005,7.15,0.278787566193,-0.506773137051,0.167603003096
run-005,7.175,0.266029626972,-0.513694714465,0.167602486378
run-005,7.2,0.25310283047,-0.520280234079,0.167601992329
run-005,7.225,0.240015615269,-0.526526826657,0.167601521676
run-005,7.25,0.226776489137,-0.532431823437,0.167601075074
run-005,7.275,0.213394024097,-0.537992749553,0.167600653104
run-005,7.3,0.199876851659,-0.543207317531,0.167600256283
run-005,7.325,0.18623365822,-0.548073420919,0.167599885069
run-005,7.35,0.172473180613,-0.55258912807,0.16759953986
run-005,7.375,0.158604201817,-0.55675267616,0.167599221005
run-005,7.4,0.144635546805,-0.560562465451,0.167598928802
run-005,7.425,0.130576078544,-0.564017053855,0.167598663511
run-005,7.45,0.116434694112,-0.56711515184,0.16759842535
run-005,7.475,0.102220320952,-0.569855617704,0.167598214503
run-005,7.5,0.0879419132273,-0.572237453244,0.167598031123
run-005,7.525,0.0736084482898,-0.574259799873,0.167597875336
run-005,7.55,0.0592289232337,-0.575921935179,0.167597747243
run-005,7.575,0.0448123515309,-0.577223269978,0.167597646923
run-005,7.6,0.0303677597348,-0.578163345855,0.167597574436
run-005,7.625,0.0159041842381,-0.578741833231,0.167597529823
run-005,7.65,0.00143066807321,-0.578958529956,0.16759751311
run-005,7.675,-0.0130437422597,-0.578813360434,0.167597524307
run-005,7.7,-0.0275099999485,-0.578306375299,0.167597563406
run-005,7.725,-0.0419590610246,-0.577437751637,0.167597630386
run-005,7.75,-0.0563818875303,-0.576207793741,0.167597725208
run-005,7.775,-0.0707694507117,-0.574616934423,0.167597847817
run-005,7.8,-0.0851127342515,-0.572665736841,0.167597998137
run-005,7.825,-0.0994027375537,-0.570354896851,0.167598176072
run-005,7.85,-0.113630479094,-0.567685245868,0.167598381502
run-005,7.875,-0.127786999847,-0.564657754201,0.167598614277
run-005,7.9,-0.141863366804,-0.561273534858,0.167598874222
run-005,7.925,-0.15585067659,-0.557533847789,0.167599161123
run-005,7.95,-0.169740059194,-0.55344010453,0.167599474733
run-005,7.975,-0.183522681817,-0.548993873238,0.167599814759
run-005,8,-0.197189752855,-0.544196884056,0.167600180862
run-005,8.025,-0.210732526019,-0.53905103479,0.167600572656
run-005,8.05,-0.224142304595,-0.533558396854,0.167600989693
run-005,8.075,-0.237410445862,-0.527721221439,0.167601431471
run-005,8.1,-0.250528365667,-0.521541945857,0.167601897419
run-005,8.125,-0.263487543155,-0.515023200023,0.167602386898
run-005,8.15,-0.276279525668,-0.508167813023,0.167602899197
run-005,8.175,-0.288895933806,-0.500978819715,0.167603433525
run-005,8.2,-0.301328466654,-0.493459467315,0.167603989011
run-005,8.225,-0.313568907172,-0.485613221912,0.1676045647
run-005,8.25,-0.325609127749,-0.47744377487,0.167605159548
run-005,8.275,-0.337441095915,-0.468955049043,0.167605772423
run-005,8.3,-0.349056880202,-0.460151204771,0.167606402099
run-005,8.325,-0.360448656154,-0.45103664559,0.167607047261
run-005,8.35,-0.371608712481,-0.4416160236,0.167607706496
run-005,8.375,-0.382529457334,-0.43189424445,0.167608378303
run-005,8.4,-0.393203424704,-0.421876471884,0.167609061086
run-005,8.425,-0.403623280928,-0.411568131784,0.167609753161
run-005,8.45,-0.413781831293,-0.400974915682,0.167610452757
run-005,8.475,-0.423672026712,-0.390102783685,0.167611158017
run-005,8.5,-0.433286970477,-0.37895796676,0.167611867008
run-005,8.525,-0.44261992505,-0.367546968353,0.167612577723
run-005,8.55,-0.451664318895,-0.355876565295,0.167613288087
run-005,8.575,-0.460413753315,-0.343953807954,0.167613995965
run-005,8.6,-0.468862009292,-0.331786019618,0.167614699173
run-005,8.625,-0.477003054296,-0.319380795059,0.167615395479
run-005,8.65,-0.484831049045,-0.306745998278,0.167616082622
run-005,8.675,-0.49234035421,-0.293889759387,0.167616758314
run-005,8.7,-0.499525537015,-0.280820470639,0.167617420258
run-005,8.725,-0.506381377742,-0.267546781572,0.167618066154
run-005,8.75,-0.512902876093,-0.254077593278,0.167618693714
run-005,8.775,-0.519085257406,-0.240422051793,0.167619300672
run-005,8.8,-0.524923978683,-0.226589540609,0.1676198848
run-005,8.825,-0.530414734436,-0.212589672323,0.167620443917
run-005,8.85,-0.535553462299,-0.19843227944,0.167620975905
run-005,8.875,-0.540336348408,-0.184127404343,0.16762147872
run-005,8.9,-0.544759832516,-0.169685288466,0.167621950403
run-005,8.925,-0.548820612831,-0.155116360692,0.167622389096
run-005,8.95,-0.552515650551,-0.140431225022,0.167622793052
run-005,8.975,-0.555842174082,-0.12564064754,0.167623160647
run-006,0,0.63275862069,0,0.209008616887
run-006,0.025,0.632543466077,-0.0172089691497,0.209008587633
run-006,0.05,0.631898172232,-0.0344043443548,0.209008500007
run-006,0.075,0.630823248859,-0.0515725539775,0.209008354408
run-006,0.1,0.629319544533,-0.0687000708909,0.209008151501
run-006,0.125,0.627388245314,-0.085773434479,0.209007892209
run-006,0.15,0.625030872809,-0.102779272331,0.209007577708
run-006,0.175,0.622249281698,-0.119704321535,0.209007209414
run-006,0.2,0.619045656733,-0.13653544947,0.209006788976
run-006,0.225,0.615422509224,-0.153259674008,0.209006318265
run-006,0.25,0.611382673032,-0.169864183045,0.209005799353
run-006,0.275,0.606929300072,-0.186336353263,0.209005234507
run-006,0.3,0.602065855369,-0.202663768057,0.209004626164
run-006,0.325,0.596796111669,-0.218834234558,0.20900397692
run-006,0.35,0.591124143641,-0.234835799671,0.20900328951
run-006,0.375,0.585054321686,-0.250656765088,0.209002566785
run-006,0.4,0.578591305387,-0.266285701217,0.2090018117
run-006,0.425,0.571740036625,-0.28171145997,0.209001027287
run-006,0.45,0.564505732388,-0.296923186398,0.209000216641
run-006,0.475,0.556893877305,-0.311910329126,0.208999382897
run-006,0.5,0.548910215932,-0.326662649565,0.208998529215
run-006,0.525,0.540560744827,-0.341170229903,0.208997658755
run-006,0.55,0.531851704437,-0.35542347985,0.208996774666
run-006,0.575,0.522789570834,-0.369413142155,0.208995880063
run-006,0.6,0.513381047329,-0.38313029689,0.208994978016
run-006,0.625,0.50363305599,-0.396566364527,0.20899407153
run-006,0.65,0.493552729103,-0.409713107829,0.208993163534
run-006,0.675,0.483147400598,-0.422562632575,0.20899225687
run-006,0.7,0.472424597474,-0.435107387175,0.208991354276
run-006,0.725,0.46139203124,-0.447340161195,0.208990458383
run-006,0.75,0.450057589414,-0.459254082856,0.2089895717
run-006,0.775,0.438429327097,-0.470842615551,0.208988696612
run-006,0.8,0.426515458637,-0.482099553439,0.208987835372
run-006,0.825,0.414324349425,-0.493019016182,0.208986990097
run-006,0.85,0.401864507828,-0.503595442879,0.208986162765
run-006,0.875,0.389144577281,-0.51382358528,0.208985355213
run-006,0.9,0.376173328564,-0.523698500339,0.20898456914
run-006,0.925,0.362959652264,-0.533215542186,0.208983806104
run-006,0.95,0.349512551454,-0.542370353588,0.208983067525
run-006,0.975,0.335841134585,-0.551158856979,0.208982354693
run-006,1,0.321954608605,-0.559577245137,0.208981668763
run-006,1.025,0.307862272328,-0.567621971576,0.208981010769
run-006,1.05,0.293573510027,-0.57528974074,0.208980381624
run-006,1.075,0.279097785291,-0.582577498075,0.208979782132
run-006,1.1,0.264444635123,-0.589482420045,0.208979212987
run-006,1.125,0.249623664288,-0.59600190417,0.208978674788
run-006,1.15,0.234644539914,-0.602133559168,0.208978168043
run-006,1.175,0.21951698633,-0.607875195253,0.208977693178
run-006,1.2,0.204250780152,-0.613224814672,0.208977250544
run-006,1.225,0.188855745596,-0.618180602537,0.208976840428
run-006,1.25,0.173341750025,-0.622740918015,0.208976463055
run-006,1.275,0.157718699696,-0.626904285934,0.208976118603
run-006,1.3,0.141996535728,-0.630669388869,0.208975807205
run-006,1.325,0.126185230252,-0.63403505974,0.208975528959
run-006,1.35,0.110294782741,-0.637000274989,0.208975283934
run-006,1.375,0.0943352165028,-0.639564148365,0.208975072174
run-006,1.4,0.0783165753228,-0.641725925364,0.208974893708
run-006,1.425,0.0622489202346,-0.643484978359,0.208974748551
run-006,1.45,0.0461423264048,-0.644840802436,0.208974636708
run-006,1.475,0.0300068801128,-0.645793011985,0.208974558182
run-006,1.5,0.0138526758056,-0.646341338045,0.208974512972
run-006,1.525,-0.0023101867895,-0.646485626434,0.208974501076
run-006,1.55,-0.0184716055161,-0.646225836665,0.208974522495
run-006,1.575,-0.0346214786227,-0.645562041659,0.208974577228
run-006,1.6,-0.0507497075991,-0.644494428264,0.208974665277
run-006,1.625,-0.0668462000359,-0.643023298557,0.208974786643
run-006,1.65,-0.0829008725269,-0.641149071947,0.208974941323
run-006,1.675,-0.0989036536333,-0.638872288044,0.208975129308
run-006,1.7,-0.114844486929,-0.636193610286,0.208975350579
run-006,1.725,-0.130713334148,-0.633113830307,0.208975605106
run-006,1.75,-0.146500178444,-0.629633873011,0.208975892836
run-006,1.775,-0.162195027798,-0.625754802318,0.208976213694
run-006,1.8,-0.17778791856,-0.621477827562,0.208976567572
run-006,1.825,-0.193268919176,-0.616804310481,0.208976954324
run-006,1.85,-0.208628134084,-0.611735772769,0.208977373761
run-006,1.875,-0.223855707815,-0.606273904137,0.20897782564
run-006,1.9,-0.238941829291,-0.600420570827,0.208978309657
run-006,1.925,-0.253876736356,-0.594177824536,0.208978825439
run-006,1.95,-0.268650720518,-0.587547911667,0.20897937254
run-006,1.975,-0.283254131939,-0.580533282874,0.208979950425
run-006,2,-0.297677384662,-0.573136602813,0.208980558469
run-006,2.025,-0.31191096208,-0.565360760036,0.208981195946
run-006,2.05,-0.325945422664,-0.55720887697,0.208981862024
run-006,2.075,-0.339771405928,-0.548684319886,0.208982555755
run-006,2.1,-0.353379638658,-0.539790708808,0.208983276071
run-006,2.125,-0.366760941369,-0.530531927265,0.208984021777
run-006,2.15,-0.379906235021,-0.520912131827,0.208984791549
run-006,2.175,-0.39280654796,-0.510935761334,0.208985583927
run-006,2.2,-0.405453023088,-0.500607545752,0.208986397312
run-006,2.225,-0.417836925248,-0.489932514572,0.208987229968
run-006,2.25,-0.429949648816,-0.478916004683,0.208988080014
run-006,2.275,-0.441782725482,-0.467563667631,0.208988945435
run-006,2.3,-0.453327832198,-0.455881476213,0.208989824072
run-006,2.325,-0.464576799293,-0.443875730318,0.208990713637
run-006,2.35,-0.475521618714,-0.43155306195,0.208991611707
run-006,2.375,-0.48615445239,-0.418920439375,0.208992515738
run-006,2.4,-0.496467640683,-0.405985170336,0.208993423067
run-006,2.425,-0.506453710907,-0.392754904258,0.208994330925
run-006,2.45,-0.516105385896,-0.379237633419,0.208995236445
run-006,2.475,-0.525415592578,-0.365441693024,0.208996136674
run-006,2.5,-0.534377470547,-0.351375760147,0.208997028587
run-006,2.525,-0.542984380585,-0.337048851505,0.208997909101
run-006,2.55,-0.551229913122,-0.322470320036,0.208998775087
run-006,2.575,-0.559107896587,-0.307649850269,0.208999623392
run-006,2.6,-0.566612405636,-0.292597452451,0.209000450855
run-006,2.625,-0.57373776921,-0.277323455448,0.209001254321
run-006,2.65,-0.580478578408,-0.261838498406,0.209002030665
run-006,2.675,-0.58682969413,-0.246153521184,0.209002776807
run-006,2.7,-0.592786254467,-0.230279753573,0.209003489734
run-006,2.725,-0.598343681809,-0.214228703335,0.209004166521
run-006,2.75,-0.603497689634,-0.198012143076,0.209004804347
run-006,2.775,-0.608244288962,-0.181642096008,0.209005400515
run-006,2.8,-0.612579794434,-0.165130820636,0.209005952473
run-006,2.825,-0.616500829994,-0.148490794429,0.20900645783
run-006,2.85,-0.620004334156,-0.131734696539,0.209006914374
run-006,2.875,-0.623087564821,-0.11487538962,0.209007320087
run-006,2.9,-0.625748103637,-0.097925900841,0.209007673163
run-006,2.925,-0.627983859863,-0.0808994021561,0.209007972018
run-006,2.95,-0.629793073745,-0.0638091899233,0.209008215301
run-006,2.975,-0.631174319359,-0.0466686639588,0.20900840191
run-006,3,-0.632126506942,-0.0294913061203,0.209008530994
run-006,3.025,-0.632648884665,-0.0122906585139,0.209008601964
run-006,3.05,-0.632741039868,0.00491969857321,0.209008614496
run-006,3.075,-0.632402899737,0.0221261689179,0.209008568531
run-006,3.1,-0.631634731422,0.0393151626774,0.209008464281
run-006,3.125,-0.630437141603,0.056473118678,0.209008302221
run-006,3.15,-0.628811075488,0.0735865265706,0.209008083092
run-006,3.175,-0.626757815274,0.0906419487537,0.209007807888
run-006,3.2,-0.624278978051,0.107626041963,0.209007477855
run-006,3.225,-0.621376513176,0.124525578431,0.209007094478
run-006,3.25,-0.618052699129,0.141327466521,0.20900665947
run-006,3.275,-0.61431013985,0.158018770744,0.20900617476
run-006,3.3,-0.610151760592,0.174586731079,0.209005642479
run-006,3.325,-0.605580803296,0.191018781506,0.209005064944
run-006,3.35,-0.600600821517,0.207302567677,0.209004444638
run-006,3.375,-0.595215674912,0.223425963667,0.2090037842
run-006,3.4,-0.589429523333,0.239377087727,0.209003086399
run-006,3.425,-0.583246820526,0.255144316988,0.209002354119
run-006,3.45,-0.576672307484,0.270716301066,0.209001590338
run-006,3.475,-0.569711005473,0.286081974533,0.209000798108
run-006,3.5,-0.562368208757,0.301230568203,0.208999980539
run-006,3.525,-0.554649477063,0.31615161922,0.208999140773
run-006,3.55,-0.546560627796,0.330834979929,0.208998281972
run-006,3.575,-0.538107728066,0.345270825502,0.208997407297
run-006,3.6,-0.529297086521,0.359449660339,0.208996519886
run-006,3.625,-0.520135245049,0.373362323227,0.208995622844
run-006,3.65,-0.51062897036,0.386999991278,0.208994719224
run-006,3.675,-0.500785245485,0.400354182666,0.208993812011
run-006,3.7,-0.490611261227,0.413416758176,0.208992904111
run-006,3.725,-0.480114407576,0.426179921616,0.208991998335
run-006,3.75,-0.469302265146,0.43863621911,0.208991097393
run-006,3.775,-0.458182596621,0.450778537327,0.208990203882
run-006,3.8,-0.446763338279,0.462600100691,0.208989320276
run-006,3.825,-0.435052591586,0.474094467632,0.208988448922
run-006,3.85,-0.423058614898,0.485255525927,0.208987592036
run-006,3.875,-0.41078981529,0.496077487198,0.208986751693
run-006,3.9,-0.398254740538,0.506554880637,0.208985929834
run-006,3.925,-0.385462071258,0.516682546023,0.208985128255
run-006,3.95,-0.372420613237,0.526455626099,0.208984348613
run-006,3.975,-0.359139289953,0.535869558392,0.208983592429
run-006,4,-0.345627135317,0.544920066543,0.208982861085
run-006,4.025,-0.331893286626,0.55360315123,0.208982155829
run-006,4.05,-0.317946977756,0.561915080748,0.208981477785
run-006,4.075,-0.303797532589,0.569852381349,0.208980827949
run-006,4.1,-0.289454358688,0.577411827384,0.208980207203
run-006,4.125,-0.274926941219,0.584590431351,0.208979616319
run-006,4.15,-0.260224837121,0.591385433917,0.208979055962
run-006,4.175,-0.245357669524,0.597794293973,0.208978526706
run-006,4.2,-0.230335122422,0.603814678814,0.208978029034
run-006,4.225,-0.215166935583,0.609444454501,0.20897756335
run-006,4.25,-0.199862899697,0.614681676472,0.208977129984
run-006,4.275,-0.184432851759,0.619524580475,0.208976729207
run-006,4.3,-0.168886670673,0.623971573865,0.208976361228
run-006,4.325,-0.153234273066,0.628021227351,0.208976026212
run-006,4.35,-0.137485609306,0.631672267212,0.208975724282
run-006,4.375,-0.121650659705,0.634923568064,0.208975455527
run-006,4.4,-0.105739430902,0.637774146204,0.208975220006
run-006,4.425,-0.0897619523952,0.640223153579,0.208975017762
run-006,4.45,-0.0737282732235,0.642269872419,0.208974848816
run-006,4.475,-0.0576484587743,0.643913710565,0.208974713181
run-006,4.5,-0.0415325876953,0.645154197522,0.208974610861
run-006,4.525,-0.0253907488982,0.64599098126,0.208974541859
run-006,4.55,-0.00923303863228,0.646423825784,0.208974506171
run-006,4.575,0.006930442391,0.646452609486,0.208974503798
run-006,4.6,0.023089591842,0.646077324291,0.208974534739
run-006,4.625,0.0392343086055,0.645298075598,0.208974598996
run-006,4.65,0.0553544956219,0.644115083025,0.208974696569
run-006,4.675,0.0714400627568,0.64252868194,0.208974827458
run-006,4.7,0.0874809297189,0.640539325782,0.208974991658
run-006,4.725,0.103467029046,0.638147589156,0.208975189161
run-006,4.75,0.119388309177,0.635354171666,0.208975419942
run-006,4.775,0.135234737629,0.632159902493,0.208975683966
run-006,4.8,0.150996304301,0.628565745662,0.208975981175
run-006,4.825,0.166663024912,0.62457280598,0.208976311484
run-006,4.85,0.1822249446,0.620182335604,0.208976674775
run-006,4.875,0.197672141692,0.615395741203,0.208977070892
run-006,4.9,0.21299473166,0.610214591653,0.20897749963
run-006,4.925,0.228182871275,0.604640626238,0.208977960729
run-006,4.95,0.243226762972,0.598675763285,0.208978453867
run-006,4.975,0.258116659439,0.592322109188,0.208978978651
run-006,5,0.272842868432,0.585581967751,0.208979534609
run-006,5.025,0.287395757827,0.578457849796,0.208980121183
run-006,5.05,0.301765760922,0.570952482963,0.208980737719
run-006,5.075,0.315943381975,0.563068821638,0.208981383462
run-006,5.1,0.329919202003,0.554810056931,0.208982057546
run-006,5.125,0.343683884822,0.546179626644,0.20898275899
run-006,5.15,0.357228183336,0.537181225134,0.208983486691
run-006,5.175,0.370542946078,0.527818813015,0.208984239418
run-006,5.2,0.383619123986,0.518096626617,0.208985015807
run-006,5.225,0.396447777409,0.508019187111,0.208985814359
run-006,5.25,0.409020083342,0.497591309246,0.208986633436
run-006,5.275,0.421327342872,0.486818109603,0.20898747126
run-006,5.3,0.433360988822,0.475705014299,0.208988325913
run-006,5.325,0.445112593587,0.46425776607,0.208989195338
run-006,5.35,0.456573877126,0.452482430647,0.208990077339
run-006,5.375,0.467736715119,0.440385402377,0.208990969587
run-006,5.4,0.478593147244,0.427973408999,0.208991869626
run-006,5.425,0.489135385569,0.415253515534,0.208992774876
run-006,5.45,0.499355823021,0.402233127211,0.208993682644
run-006,5.475,0.509247041929,0.388919991385,0.20899459013
run-006,5.5,0.51880182259,0.3753221984,0.208995494443
run-006,5.525,0.528013151849,0.361448181342,0.208996392606
run-006,5.55,0.536874231658,0.347306714649,0.208997281578
run-006,5.575,0.545378487582,0.332906911545,0.208998158259
run-006,5.6,0.553519577235,0.318258220282,0.208999019514
run-006,5.625,0.561291398596,0.303370419144,0.208999862185
run-006,5.65,0.568688098192,0.288253610235,0.209000683109
run-006,5.675,0.575704079108,0.272918212016,0.20900147914
run-006,5.7,0.582334008793,0.257374950621,0.209002247162
run-006,5.725,0.588572826639,0.241634849938,0.209002984114
run-006,5.75,0.59441575129,0.225709220487,0.209003687005
run-006,5.775,0.599858287663,0.209609647124,0.209004352938
run-006,5.8,0.604896233646,0.19334797559,0.209004979125
run-006,5.825,0.609525686443,0.176936297963,0.20900556291
run-006,5.85,0.613743048544,0.160386937048,0.209006101783
run-006,5.875,0.617545033295,0.143712429769,0.209006593405
run-006,5.9,0.620928670033,0.126925509622,0.209007035616
run-006,5.925,0.623891308776,0.110039088259,0.209007426459
run-006,5.95,0.626430624446,0.093066236281,0.209007764187
run-006,5.975,0.62854462059,0.0760201633074,0.209008047284
run-006,6,0.630231632611,0.0589141974301,0.209008274469
run-006,6.025,0.631490330462,0.0417617641207,0.20900844471
run-006,6.05,0.632319720817,0.0245763646968,0.209008557231
run-006,6.075,0.632719148696,0.00737155444051,0.209008611519
run-006,6.1,0.632688298539,-0.00983907953025,0.209008607323
run-006,6.125,0.63222719472,-0.0270419405375,0.209008544665
run-006,6.15,0.631336201512,-0.0442234446625,0.20900842383
run-006,6.175,0.630016022487,-0.0613700430063,0.20900824537
run-006,6.2,0.628267699362,-0.0784682437894,0.2090080101
run-006,6.225,0.626092610297,-0.0955046341895,0.209007719085
run-006,6.25,0.623492467652,-0.112465901818,0.209007373643
run-006,6.275,0.620469315206,-0.129338855739,0.209006975322
run-006,6.3,0.617025524865,-0.146110446936,0.209006525902
run-006,6.325,0.61316379286,-0.162767788138,0.209006027368
run-006,6.35,0.608887135458,-0.179298172922,0.209005481907
run-006,6.375,0.604198884214,-0.195689094009,0.209004891885
run-006,6.4,0.599102680758,-0.211928260678,0.209004259833
run-006,6.425,0.59360247118,-0.228003615237,0.209003588427
run-006,6.45,0.587702499996,-0.243903348484,0.209002880471
run-006,6.475,0.581407303755,-0.259615914097,0.209002138879
run-006,6.5,0.574721704291,-0.275130041925,0.209001366651
run-006,6.525,0.567650801659,-0.29043475012,0.209000566859
run-006,6.55,0.560199966785,-0.30551935608,0.208999742623
run-006,6.575,0.552374833855,-0.320373486199,0.208998897093
run-006,6.6,0.544181292475,-0.334987084375,0.208998033433
run-006,6.625,0.535625479636,-0.349350419289,0.208997154798
run-006,6.65,0.526713771511,-0.363454090452,0.208996264319
run-006,6.675,0.517452775114,-0.377289033009,0.208995365088
run-006,6.7,0.50784931986,-0.390846521338,0.20899446014
run-006,6.725,0.497910449047,-0.404118171437,0.208993552437
run-006,6.75,0.487643411289,-0.417095942152,0.208992644861
run-006,6.775,0.477055651939,-0.429772135259,0.208991740196
run-006,6.8,0.466154804526,-0.442139394452,0.208990841118
run-006,6.825,0.454948682217,-0.454190703273,0.208989950191
run-006,6.85,0.443445269362,-0.465919382045,0.208989069853
run-006,6.875,0.431652713115,-0.477319083853,0.208988202415
run-006,6.9,0.419579315169,-0.488383789639,0.208987350052
run-006,6.925,0.407233523633,-0.499107802475,0.208986514801
run-006,6.95,0.394623925046,-0.509485741075,0.208985698561
run-006,6.975,0.381759236579,-0.519512532622,0.20898490309
run-006,7,0.368648298414,-0.529183404981,0.208984130004
run-006,7.025,0.35530006633,-0.538493878366,0.208983380785
run-006,7.05,0.341723604496,-0.547439756551,0.208982656776
run-006,7.075,0.327928078502,-0.556017117684,0.20898195919
run-006,7.1,0.313922748612,-0.564222304793,0.208981289112
run-006,7.125,0.299716963263,-0.572051916059,0.208980647507
run-006,7.15,0.285320152809,-0.579502794925,0.208980035223
run-006,7.175,0.270741823516,-0.586572020128,0.208979453001
run-006,7.2,0.255991551803,-0.593256895724,0.20897890148
run-006,7.225,0.24107897873,-0.599554941172,0.208978381206
run-006,7.25,0.226013804744,-0.605463881556,0.20897789264
run-006,7.275,0.210805784652,-0.610981638015,0.208977436162
run-006,7.3,0.195464722843,-0.61610631844,0.208977012087
run-006,7.325,0.18000046873,-0.620836208501,0.208976620666
run-006,7.35,0.164422912418,-0.62516976307,0.208976262095
run-006,7.375,0.148741980577,-0.629105598094,0.208975936526
run-006,7.4,0.132967632513,-0.63264248297,0.208975644071
run-006,7.425,0.117109856428,-0.635779333465,0.20897538481
run-006,7.45,0.10117866584,-0.638515205238,0.208975158798
run-006,7.475,0.0851840961664,-0.640849287995,0.20897496607
run-006,7.5,0.0691362014405,-0.642780900316,0.208974806645
run-006,7.525,0.0530450511506,-0.64430948519,0.208974680533
run-006,7.55,0.036920727181,-0.645434606278,0.208974587737
run-006,7.575,0.0207733208367,-0.646155944933,0.208974528257
run-006,7.6,0.00461292993436,-0.646473297989,0.208974502093
run-006,7.625,-0.0115503440627,-0.646386576345,0.208974509242
run-006,7.65,-0.0277063988829,-0.645895804332,0.208974549706
run-006,7.675,-0.0438451342793,-0.645001119887,0.208974623486
run-006,7.7,-0.0599564548772,-0.643702775524,0.208974730582
run-006,7.725,-0.0760302730555,-0.64200114009,0.208974870994
run-006,7.75,-0.0920565118817,-0.63989670131,0.208975044715
run-006,7.775,-0.108025108121,-0.637390069095,0.208975251733
run-006,7.8,-0.123926015336,-0.634481979591,0.208975492021
run-006,7.825,-0.139749207101,-0.631173299954,0.208975765538
run-006,7.85,-0.155484680334,-0.627465033818,0.208976072218
run-006,7.875,-0.171122458791,-0.623358327413,0.208976411968
run-006,7.9,-0.186652596705,-0.618854476305,0.208976784661
run-006,7.925,-0.202065182607,-0.613954932722,0.208977190125
run-006,7.95,-0.217350343341,-0.608661313392,0.208977628142
run-006,7.975,-0.232498248276,-0.60297540788,0.208978098435
run-006,8,-0.247499113735,-0.596899187334,0.208978600663
run-006,8.025,-0.262343207643,-0.59043481361,0.20897913441
run-006,8.05,-0.277020854415,-0.583584648696,0.20897969918
run-006,8.075,-0.291522440078,-0.576351264385,0.20898029439
run-006,8.1,-0.305838417635,-0.568737452114,0.208980919356
run-006,8.125,-0.319959312684,-0.560746232915,0.208981573293
run-006,8.15,-0.33387572928,-0.552380867401,0.208982255304
run-006,8.175,-0.347578356054,-0.543644865706,0.208982964372
run-006,8.2,-0.361057972566,-0.534541997316,0.208983699357
run-006,8.225,-0.374305455919,-0.525076300705,0.208984458993
run-006,8.25,-0.387311787601,-0.515252092707,0.208985241876
run-006,8.275,-0.400068060555,-0.505073977538,0.208986046468
run-006,8.3,-0.412565486478,-0.494546855405,0.208986871092
run-006,8.325,-0.424795403325,-0.483675930608,0.208987713928
run-006,8.35,-0.436749283008,-0.472466719075,0.20898857302
run-006,8.375,-0.448418739279,-0.460925055249,0.208989446269
run-006,8.4,-0.459795535771,-0.449057098258,0.208990331443
run-006,8.425,-0.470871594192,-0.436869337295,0.208991226175
run-006,8.45,-0.481639002636,-0.424368596156,0.208992127971
run-006,8.475,-0.492090023999,-0.411562036852,0.208993034221
run-006,8.5,-0.502217104478,-0.398457162256,0.208993942198
run-006,8.525,-0.512012882112,-0.385061817726,0.208994849076
run-006,8.55,-0.521470195364,-0.371384191652,0.208995751938
run-006,8.575,-0.530582091695,-0.357432814884,0.208996647788
run-006,8.6,-0.539341836109,-0.343216559017,0.208997533564
run-006,8.625,-0.547742919646,-0.328744633477,0.208998406157
run-006,8.65,-0.555779067782,-0.314026581418,0.208999262423
run-006,8.675,-0.563444248717,-0.299072274374,0.2090000992
run-006,8.7,-0.570732681501,-0.283891905694,0.209000913329
run-006,8.725,-0.577638844001,-0.268495982728,0.209001701669
run-006,8.75,-0.584157480638,-0.252895317785,0.20900246112
run-006,8.775,-0.59028360989,-0.237101017873,0.209003188637
run-006,8.8,-0.596012531531,-0.221124473237,0.209003881255
run-006,8.825,-0.601339833552,-0.204977344726,0.209004536106
run-006,8.85,-0.606261398768,-0.188671550029,0.209005150438
run-006,8.875,-0.610773411054,-0.172219248814,0.209005721634
run-006,8.9,-0.614872361208,-0.155632826827,0.209006247232
run-006,8.925,-0.618555052395,-0.138924879013,0.209006724942
run-006,8.95,-0.621818605159,-0.122108191708,0.20900715266
run-006,8.975,-0.624660461981,-0.105195723994,0.209007528489
run-007,0,0.696551724138,0,0.255539361708
run-007,0.025,0.696310817252,-0.0192685756065,0.25553932341
run-007,0.05,0.695588295358,-0.0385212573004,0.255539208706
run-007,0.075,0.694384754387,-0.0577421802438,0.255539018166
run-007,0.1,0.692701186345,-0.0769155376034,0.255538752735
run-007,0.125,0.690538977506,-0.0960256091912,0.255538413724
run-007,0.15,0.687899905886,-0.115056789676,0.2555380028
run-007,0.175,0.684786138023,-0.133993616223,0.255537521971
run-007,0.2,0.681200225075,-0.152820795436,0.255536973571
run-007,0.225,0.677145098251,-0.171523229463,0.255536360241
run-007,0.25,0.672624063602,-0.190086041151,0.255535684905
run-007,0.275,0.667640796193,-0.208494598126,0.255534950751
run-007,0.3,0.662199333695,-0.226734535707,0.2555341612
run-007,0.325,0.656304069408,-0.244791778532,0.255533319885
run-007,0.35,0.649959744769,-0.262652560827,0.25553243062
run-007,0.375,0.643171441367,-0.280303445226,0.255531497371
run-007,0.4,0.635944572507,-0.297731340082,0.255530524231
run-007,0.425,0.628284874363,-0.314923515196,0.255529515384
run-007,0.45,0.620198396748,-0.331867615937,0.255528475082
run-007,0.475,0.611691493566,-0.348551675694,0.255527407612
run-007,0.5,0.602770812963,-0.364964126654,0.255526317271
run-007,0.525,0.593443287233,-0.381093808873,0.255525208334
run-007,0.55,0.583716122519,-0.39692997766,0.255524085035
run-007,0.575,0.57359678835,-0.412462309256,0.255522951535
run-007,0.6,0.563093007056,-0.427680904841,0.255521811905
run-007,0.625,0.552212743108,-0.442576292899,0.255520670102
run-007,0.65,0.540964192411,-0.457139429968,0.255519529949
run-007,0.675,0.52935577161,-0.471361699833,0.25551839512
run-007,0.7,0.51739610742,-0.485234911209,0.255517269125
run-007,0.725,0.505094026049,-0.498751293985,0.255516155296
run-007,0.75,0.492458542721,-0.511903494095,0.255515056776
run-007,0.775,0.479498851344,-0.5246845671,0.255513976512
run-007,0.8,0.466224314365,-0.537087970558,0.25551291725
run-007,0.825,0.452644452816,-0.549107555274,0.25551188153
run-007,0.85,0.438768936602,-0.560737555536,0.255510871681
run-007,0.875,0.42460757504,-0.571972578407,0.255509889829
run-007,0.9,0.410170307681,-0.58280759221,0.255508937891
run-007,0.925,0.395467195429,-0.593237914279,0.255508017584
run-007,0.95,0.380508411968,-0.603259198098,0.25550713043
run-007,0.975,0.365304235524,-0.612867419933,0.255506277761
run-007,1,0.349865040971,-0.622058865058,0.255505460731
run-007,1.025,0.334201292271,-0.630830113688,0.25550468032
run-007,1.05,0.318323535286,-0.639178026716,0.255503937352
run-007,1.075,0.302242390936,-0.647099731375,0.255503232501
run-007,1.1,0.285968548718,-0.654592606904,0.255502566303
run-007,1.125,0.26951276059,-0.661654270344,0.255501939174
run-007,1.15,0.252885835201,-0.668282562533,0.255501351416
run-007,1.175,0.236098632464,-0.674475534424,0.255500803235
run-007,1.2,0.219162058479,-0.680231433787,0.255500294753
run-007,1.225,0.202087060774,-0.685548692403,0.255499826019
run-007,1.25,0.184884623859,-0.690425913815,0.255499397024
run-007,1.275,0.167565765084,-0.694861861727,0.255499007712
run-007,1.3,0.150141530773,-0.69885544911,0.255498657992
run-007,1.325,0.132622992628,-0.702405728088,0.255498347749
run-007,1.35,0.115021244368,-0.705511880665,0.255498076852
run-007,1.375,0.0973473985948,-0.70817321034,0.255497845168
run-007,1.4,0.0796125838514,-0.710389134678,0.255497652565
run-007,1.425,0.0618279418609,-0.712159178853,0.255497498925
run-007,1.45,0.0440046249087,-0.713482970229,0.255497384142
run-007,1.475,0.0261537933495,-0.714360233983,0.255497308135
run-007,1.5,0.00828661320957,-0.714790789827,0.255497270849
run-007,1.525,-0.00958574614186,-0.714774549808,0.255497272256
run-007,1.55,-0.0274521142808,-0.714311517237,0.255497312355
run-007,1.575,-0.0453013220037,-0.713401786729,0.255497391178
run-007,1.6,-0.0631222036173,-0.712045545359,0.255497508782
run-007,1.625,-0.0809035992717,-0.710243074933,0.255497665252
run-007,1.65,-0.098634357364,-0.707994755358,0.255497860691
run-007,1.675,-0.11630333704,-0.705301069086,0.255498095221
run-007,1.7,-0.133899410818,-0.702162606615,0.255498368974
run-007,1.725,-0.15141146737,-0.698580073015,0.255498682082
run-007,1.75,-0.168828414469,-0.69455429543,0.255499034677
run-007,1.775,-0.186139182142,-0.690086231528,0.255499426871
run-007,1.8,-0.203332726045,-0.685176978839,0.255499858753
run-007,1.825,-0.220398031084,-0.679827784926,0.255500330376
run-007,1.85,-0.237324115292,-0.67404005833,0.255500841747
run-007,1.875,-0.254100034,-0.667815380229,0.25550139281
run-007,1.9,-0.270714884303,-0.66115551672,0.255501983438
run-007,1.925,-0.287157809836,-0.654062431674,0.255502613419
run-007,1.95,-0.303418005887,-0.646538300052,0.255503282442
run-007,1.975,-0.319484724839,-0.638585521628,0.255503990084
run-007,2,-0.335347281968,-0.630206734999,0.255504735798
run-007,2.025,-0.350995061589,-0.621404831811,0.2555055189
run-007,2.05,-0.366417523559,-0.612182971089,0.255506338556
run-007,2.075,-0.381604210143,-0.602544593582,0.255507193773
run-007,2.1,-0.396544753238,-0.592493436006,0.255508083384
run-007,2.125,-0.411228881944,-0.5820335451,0.255509006043
run-007,2.15,-0.425646430493,-0.571169291371,0.255509960216
run-007,2.175,-0.439787346512,-0.559905382427,0.255510944171
run-007,2.2,-0.453641699614,-0.548246875804,0.255511955974
run-007,2.225,-0.467199690302,-0.536199191156,0.255512993488
run-007,2.25,-0.480451659172,-0.523768121724,0.255514054364
run-007,2.275,-0.493388096389,-0.51095984497,0.25551513605
run-007,2.3,-0.505999651421,-0.497780932277,0.255516235784
run-007,2.325,-0.518277143003,-0.484238357619,0.255517350607
run-007,2.35,-0.530211569302,-0.470339505103,0.255518477358
run-007,2.375,-0.541794118258,-0.456092175301,0.255519612694
run-007,2.4,-0.553016178067,-0.441504590277,0.255520753093
run-007,2.425,-0.563869347772,-0.426585397244,0.255521894869
run-007,2.45,-0.574345447929,-0.411343670772,0.255523034188
run-007,2.475,-0.58443653131,-0.395788913484,0.255524167085
run-007,2.5,-0.594134893603,-0.379931055188,0.255525289481
run-007,2.525,-0.60343308407,-0.363780450399,0.255526397209
run-007,2.55,-0.612323916123,-0.347347874206,0.255527486033
run-007,2.575,-0.62080047778,-0.330644516469,0.255528551673
run-007,2.6,-0.628856141946,-0.313681974319,0.255529589832
run-007,2.625,-0.636484576496,-0.296472242957,0.255530596226
run-007,2.65,-0.643679754094,-0.279027704756,0.255531566607
run-007,2.675,-0.650435961734,-0.261361116683,0.255532496794
run-007,2.7,-0.656747809928,-0.243485596068,0.255533382706
run-007,2.725,-0.662610241537,-0.225414604752,0.255534220385
run-007,2.75,-0.668018540166,-0.207161931665,0.255535006029
run-007,2.775,-0.67296833812,-0.188741673902,0.25553573602
run-007,2.8,-0.677455623861,-0.170168216347,0.255536406953
run-007,2.825,-0.681476748938,-0.151456209956,0.255537015658
run-007,2.85,-0.685028434359,-0.132620548749,0.255537559231
run-007,2.875,-0.688107776375,-0.113676345654,0.255538035053
run-007,2.9,-0.690712251642,-0.0946389072746,0.255538440814
run-007,2.925,-0.692839721739,-0.0755237077213,0.255538774528
run-007,2.95,-0.694488437028,-0.056346361614,0.255539034555
run-007,2.975,-0.695657039819,-0.0371225963958,0.255539219609
run-007,3,-0.696344566847,-0.0178682240865,0.255539328773
run-007,3.025,-0.696550451024,0.0014008873851,0.255539361505
run-007,3.05,-0.696274522478,0.0206688431254,0.255539317642
run-007,3.075,-0.695517008868,0.0399197503564,0.255539197402
run-007,3.1,-0.69427853496,0.0591377474843,0.255539001382
run-007,3.125,-0.692560121493,0.0783070330133,0.255538730553
run-007,3.15,-0.69036318331,0.0974118941601,0.255538386254
run-007,3.175,-0.687689526785,0.116436735028,0.255537970177
run-007,3.2,-0.684541346558,0.1353661042,0.255537484353
run-007,3.225,-0.680921221575,0.154184721627,0.255536931141
run-007,3.25,-0.676832110477,0.172877504664,0.255536313201
run-007,3.275,-0.672277346342,0.191429593152,0.25553563348
run-007,3.3,-0.667260630819,0.209826373422,0.25553489518
run-007,3.325,-0.661786027671,0.22805350111,0.255534101742
run-007,3.35,-0.655857955764,0.246096922693,0.255533256811
run-007,3.375,-0.649481181536,0.263942895653,0.255532364213
run-007,3.4,-0.642660810981,0.281578007192,0.255531427925
run-007,3.425,-0.635402281177,0.298989191426,0.255530452047
run-007,3.45,-0.62771135141,0.316163745001,0.25552944077
run-007,3.475,-0.619594093927,0.333089341093,0.255528398348
run-007,3.5,-0.611056884355,0.349754041739,0.255527329071
run-007,3.525,-0.60210639184,0.366146308488,0.255526237234
run-007,3.55,-0.592749568931,0.382255011357,0.255525127111
run-007,3.575,-0.582993641272,0.39806943608,0.255524002931
run-007,3.6,-0.572846097127,0.413579289674,0.25552286885
run-007,3.625,-0.562314676788,0.428774704321,0.25552172893
run-007,3.65,-0.551407361911,0.443646239616,0.255520587119
run-007,3.675,-0.540132364807,0.458184883201,0.255519447232
run-007,3.7,-0.528498117751,0.472382049845,0.255518312929
run-007,3.725,-0.516513262315,0.486229579024,0.255517187708
run-007,3.75,-0.5041866388,0.499719731059,0.255516074888
run-007,3.775,-0.491527275762,0.512845181893,0.255514977598
run-007,3.8,-0.478544379705,0.525599016581,0.255513898771
run-007,3.825,-0.465247324933,0.537974721573,0.255512841138
run-007,3.85,-0.451645643626,0.549966175895,0.255511807222
run-007,3.875,-0.437749016138,0.561567641302,0.255510799339
run-007,3.9,-0.423567261561,0.572773751518,0.255509819599
run-007,3.925,-0.409110328563,0.583579500655,0.255508869905
run-007,3.95,-0.394388286528,0.593980230924,0.255507951959
run-007,3.975,-0.379411317016,0.60397161973,0.255507067269
run-007,4,-0.364189705542,0.613549666269,0.255506217155
run-007,4.025,-0.348733833703,0.622710677734,0.255505402755
run-007,4.05,-0.333054171655,0.631451255223,0.255504625041
run-007,4.075,-0.317161270942,0.639768279476,0.255503884822
run-007,4.1,-0.301065757681,0.647658896526,0.255503182764
run-007,4.125,-0.284778326115,0.655120503378,0.255502519394
run-007,4.15,-0.268309732512,0.662150733806,0.255501895117
run-007,4.175,-0.251670789425,0.668747444383,0.255501310231
run-007,4.2,-0.234872360293,0.67490870081,0.255500764933
run-007,4.225,-0.217925354385,0.68063276466,0.255500259339
run-007,4.25,-0.20084072206,0.685918080603,0.255499793495
run-007,4.275,-0.183629450354,0.69076326421,0.255499367387
run-007,4.3,-0.16630255885,0.695167090392,0.255498980957
run-007,4.325,-0.148871095835,0.699128482568,0.255498634111
run-007,4.35,-0.131346134721,0.702646502606,0.255498326732
run-007,4.375,-0.113738770705,0.70572034161,0.25549805869
run-007,4.4,-0.0960601176409,0.708349311614,0.255497829851
run-007,4.425,-0.0783213051238,0.710532838208,0.255497640085
run-007,4.45,-0.0605334757305,0.712270454166,0.255497489272
run-007,4.475,-0.0427077824155,0.713561794096,0.25549737731
run-007,4.5,-0.0248553860257,0.714406590145,0.25549730412
run-007,4.525,-0.00698745290825,0.714804668798,0.255497269648
run-007,4.55,0.0108848474142,0.714755948758,0.255497273866
run-007,4.575,0.0287503445296,0.71426043996,0.255497316779
run-007,4.6,0.0465978694122,0.713318243686,0.255497398419
run-007,4.625,0.0644162567139,0.711929553808,0.255497518846
run-007,4.65,0.0821943471026,0.710094659138,0.255497678144
run-007,4.675,0.0999209896708,0.707813946873,0.255497876421
run-007,4.7,0.117585044446,0.705087907122,0.255498113797
run-007,4.725,0.135175385027,0.701917138479,0.255498390406
run-007,4.75,0.15268090137,0.698302354624,0.255498706381
run-007,4.775,0.170090502758,0.694244391893,0.255499061851
run-007,4.8,0.187393120965,0.689744217797,0.255499456927
run-007,4.825,0.204577713648,0.684802940419,0.255499891697
run-007,4.85,0.221633267986,0.679421818645,0.25550036621
run-007,4.875,0.23854880458,0.673602273167,0.255500880469
run-007,4.9,0.255313381644,0.667345898182,0.255501434413
run-007,4.925,0.271916099489,0.660654473727,0.25550202791
run-007,4.95,0.28834610533,0.653529978561,0.255502660741
run-007,4.975,0.304592598417,0.645974603522,0.255503332587
run-007,5,0.320644835507,0.637990765269,0.255504043016
run-007,5.025,0.336492136681,0.629581120313,0.255504791473
run-007,5.05,0.352123891522,0.620748579254,0.255505577262
run-007,5.075,0.367529565643,0.611496321112,0.255506399539
run-007,5.1,0.382698707578,0.601827807672,0.255507257297
run-007,5.125,0.397620956027,0.591746797718,0.255508149358
run-007,5.15,0.412286047464,0.581257361064,0.255509074363
run-007,5.175,0.42668382408,0.570363892278,0.255510030762
run-007,5.2,0.440804242078,0.559071123983,0.255511016808
run-007,5.225,0.454637380279,0.547384139632,0.255512030555
run-007,5.25,0.468173449059,0.535308385662,0.255513069848
run-007,5.275,0.481402799563,0.522849682895,0.255514132326
run-007,5.3,0.494315933204,0.510014237113,0.255515215419
run-007,5.325,0.506903511418,0.496808648687,0.255516316353
run-007,5.35,0.519156365638,0.483239921163,0.255517432151
run-007,5.375,0.531065507476,0.469315468726,0.255518559641
run-007,5.4,0.542622139075,0.455043122433,0.255519695466
run-007,5.425,0.553817663598,0.440431135147,0.255520836091
run-007,5.45,0.564643695832,0.425488185092,0.255521977819
run-007,5.475,0.575092072853,0.410223377948,0.255523116807
run-007,5.5,0.585154864729,0.394646247441,0.255524249079
run-007,5.525,0.594824385225,0.378766754356,0.255525370551
run-007,5.55,0.604093202447,0.362595283938,0.255526477048
run-007,5.575,0.612954149422,0.346142641644,0.255527564331
run-007,5.6,0.621400334529,0.329420047215,0.255528628118
run-007,5.625,0.629425151782,0.312439127048,0.255529664112
run-007,5.65,0.637022290882,0.295211904876,0.255530668031
run-007,5.675,0.644185747026,0.277750790747,0.25553163563
run-007,5.7,0.650909830419,0.260068568324,0.255532562735
run-007,5.725,0.657189175442,0.242178380533,0.255533445272
run-007,5.75,0.663018749446,0.224093713599,0.255534279294
run-007,5.775,0.668393861122,0.205828379509,0.255535061012
run-007,5.8,0.673310168421,0.187396496981,0.255535786822
run-007,5.825,0.677763685971,0.16881247099,0.255536453335
run-007,5.85,0.681750791971,0.150090970949,0.255537057401
run-007,5.875,0.685268234519,0.131246907621,0.255537596133
run-007,5.9,0.688313137352,0.112295408874,0.255538066937
run-007,5.925,0.690883004962,0.0932517943822,0.255538467523
run-007,5.95,0.692975727071,0.0741315493881,0.255538795932
run-007,5.975,0.694589582432,0.054950297654,0.255539050547
run-007,6,0.695723241954,0.0357237737294,0.255539230111
run-007,6.025,0.696375771118,0.0164677946683,0.255539333733
run-007,6.05,0.696546631687,-0.00280176866203,0.255539360898
run-007,6.075,0.696235682685,-0.022069020541,0.255539311471
run-007,6.1,0.69544318066,-0.0413180694789,0.255539185697
run-007,6.125,0.694169779211,-0.0605330572787,0.255538984202
run-007,6.15,0.692416527796,-0.0796981879336,0.255538707983
run-007,6.175,0.690184869815,-0.0987977562136,0.255538358405
run-007,6.2,0.687476639985,-0.117816175802,0.255537937185
run-007,6.225,0.684294061024,-0.136738006845,0.255537446379
run-007,6.25,0.680639739643,-0.155547982773,0.255536888368
run-007,6.275,0.676516661886,-0.174231036283,0.255536265835
run-007,6.3,0.671928187829,-0.192772324339,0.255535581745
run-007,6.325,0.666878045669,-0.211157252094,0.255534839318
run-007,6.35,0.661370325224,-0.229371495616,0.255534042011
run-007,6.375,0.655409470888,-0.247401023329,0.255533193484
run-007,6.4,0.649000274058,-0.26523211607,0.255532297575
run-007,6.425,0.642147865085,-0.282851385697,0.25553135827
run-007,6.45,0.634857704773,-0.300245792174,0.255530379676
run-007,6.475,0.627135575476,-0.317402659066,0.255529365991
run-007,6.5,0.61898757182,-0.334309687421,0.255528321472
run-007,6.525,0.610420091105,-0.350954967979,0.255527250411
run-007,6.55,0.601439823421,-0.367326991701,0.255526157101
run-007,6.575,0.59205374152,-0.383414658598,0.255525045814
run-007,6.6,0.582269090491,-0.399207284865,0.255523920775
run-007,6.625,0.572093377276,-0.414694608311,0.255522786134
run-007,6.65,0.561534360075,-0.429866792135,0.255521645945
run-007,6.675,0.55060003767,-0.444714427043,0.255520504147
run-007,6.7,0.539298638723,-0.459228531777,0.255519364544
run-007,6.725,0.527638611081,-0.473400552079,0.255518230786
run-007,6.75,0.515628611119,-0.487222358164,0.255517106357
run-007,6.775,0.503277493173,-0.500686240758,0.255515994563
run-007,6.8,0.490594299081,-0.513784905779,0.255514898518
run-007,6.825,0.477588247884,-0.526511467734,0.255513821142
run-007,6.85,0.464268725695,-0.538859441921,0.25551276515
run-007,6.875,0.450645275788,-0.550822735531,0.255511733051
run-007,6.9,0.436727588918,-0.562395637731,0.255510727146
run-007,6.925,0.422525493901,-0.573572808843,0.255509749528
run-007,6.95,0.408048948476,-0.584349268707,0.255508802087
run-007,6.975,0.393308030466,-0.59472038434,0.25550788651
run-007,7,0.378312929259,-0.604681856998,0.255507004292
run-007,7.025,0.363073937616,-0.614229708734,0.255506156737
run-007,7.05,0.347601443822,-0.623360268582,0.255505344973
run-007,7.075,0.331905924187,-0.632070158454,0.255504569959
run-007,7.1,0.315997935899,-0.640356278858,0.255503832494
run-007,7.125,0.299888110244,-0.648215794551,0.255503133232
run-007,7.15,0.283587146172,-0.655646120226,0.255502472691
run-007,7.175,0.267105804233,-0.662644906323,0.25550185127
run-007,7.2,0.250454900856,-0.669210025072,0.255501269255
run-007,7.225,0.233645302979,-0.675339556855,0.25550072684
run-007,7.25,0.216687923013,-0.681031776977,0.255500224135
run-007,7.275,0.19959371413,-0.686285142937,0.255499761181
run-007,7.3,0.182373665866,-0.691098282269,0.25549933796
run-007,7.325,0.165038800017,-0.695469981038,0.25549895441
run-007,7.35,0.147600166814,-0.699399173054,0.255498610437
run-007,7.375,0.130068841364,-0.702884929879,0.255498305923
run-007,7.4,0.11245592032,-0.70592645168,0.255498040735
run-007,7.425,0.09477251878,-0.70852305898,0.255497814741
run-007,7.45,0.0770297673713,-0.710674185363,0.25549762781
run-007,7.475,0.0592388095118,-0.712379371175,0.255497479825
run-007,7.5,0.0414107988125,-0.713638258244,0.255497370684
run-007,7.525,0.0235568965996,-0.714450585673,0.25549730031
run-007,7.55,0.00568826952888,-0.714816186705,0.25549726865
run-007,7.575,-0.0121839127356,-0.714734986697,0.255497275681
run-007,7.6,-0.030048479806,-0.714207002206,0.255497321408
run-007,7.625,-0.0478942628459,-0.71323234119,0.255497405865
run-007,7.65,-0.0657100968655,-0.711811204329,0.255497529114
run-007,7.675,-0.0834848230624,-0.709943887459,0.255497691242
run-007,7.7,-0.101207291238,-0.707630785091,0.255497892357
run-007,7.725,-0.118866362317,-0.704872395021,0.255498132581
run-007,7.75,-0.136450910989,-0.701669323974,0.255498412047
run-007,7.775,-0.153949828516,-0.69802229428,0.255498730889
run-007,7.8,-0.171352025703,-0.693932151512,0.255499089234
run-007,7.825,-0.188646436091,-0.689399873073,0.255499487193
run-007,7.85,-0.205822019357,-0.684426577652,0.255499924851
run-007,7.875,-0.222867764974,-0.679013535521,0.255500402254
run-007,7.9,-0.239772696133,-0.673162179579,0.2555009194
run-007,7.925,-0.256525873953,-0.666874117112,0.255501476225
run-007,7.95,-0.273116401989,-0.66015114216,0.25550207259
run-007,7.975,-0.289533431061,-0.652995248445,0.255502708269
run-007,8,-0.305766164411,-0.645408642754,0.255503382936
run-007,8.025,-0.321803863199,-0.637393758704,0.25550409615
run-007,8.05,-0.337635852346,-0.628953270795,0.255504847346
run-007,8.075,-0.353251526738,-0.620090108657,0.255505635818
run-007,8.1,-0.368640357779,-0.610807471381,0.25550646071
run-007,8.125,-0.383791900307,-0.601108841866,0.255507321003
run-007,8.15,-0.398695799872,-0.590998001033,0.255508215507
run-007,8.175,-0.413341800359,-0.580479041848,0.255509142849
run-007,8.2,-0.427719751965,-0.569556383009,0.255510101464
run-007,8.225,-0.44181961951,-0.558234782219,0.255511089592
run-007,8.25,-0.455631491076,-0.546519348917,0.255512105271
run-007,8.275,-0.469145586955,-0.534415556378,0.255513146332
run-007,8.3,-0.482352268894,-0.521929253065,0.255514210397
run-007,8.325,-0.495242049609,-0.50906667313,0.255515294883
run-007,8.35,-0.507805602551,-0.495834445976,0.255516397
run-007,8.375,-0.520033771907,-0.482239604764,0.255517513757
run-007,8.4,-0.531917582789,-0.468289593785,0.255518641969
run-007,8.425,-0.543448251597,-0.453992274609,0.255519778264
run-007,8.45,-0.55461719652,-0.43935593092,0.255520919095
run-007,8.475,-0.565416048143,-0.42438927196,0.255522060756
run-007,8.5,-0.575836660118,-0.409101434524,0.25552319939
run-007,8.525,-0.585871119869,-0.393501983435,0.255524331016
run-007,8.55,-0.595511759289,-0.37760091044,0.255525451541
run-007,8.575,-0.604751165391,-0.361408631495,0.255526556785
run-007,8.6,-0.613582190864,-0.344935982394,0.255527642505
run-007,8.625,-0.62199796451,-0.328194212713,0.255528704416
run-007,8.65,-0.6299919015,-0.311194978071,0.255529738223
run-007,8.675,-0.637557713414,-0.293950330673,0.255530739644
run-007,8.7,-0.644689418033,-0.276472708175,0.255531704439
run-007,8.725,-0.651381348823,-0.25877492086,0.25553262844
run-007,8.75,-0.657628164076,-0.240870137167,0.255533507582
run-007,8.775,-0.663424855681,-0.22277186761,0.255534337927
run-007,8.8,-0.668766757457,-0.204493947133,0.2555351157
run-007,8.825,-0.673649553038,-0.18605051597,0.255535837311
run-007,8.85,-0.678069283255,-0.167455999071,0.255536499388
run-007,8.875,-0.682022352991,-0.148725084184,0.255537098798
run-007,8.9,-0.685505537465,-0.129872698686,0.255537632677
run-007,8.925,-0.688515987926,-0.110913985254,0.255538098449
run-007,8.95,-0.691051236727,-0.0918642764897,0.25553849385
run-007,8.975,-0.69310920175,-0.0727390686277,0.255538816945
run-008,0,0.760344827586,0,0.307444649517
run-008,0.025,0.76007699913,-0.0214216517054,0.307444599983
run-008,0.05,0.759273745001,-0.0428248135162,0.307444451648
run-008,0.075,0.757935758454,-0.0641910330342,0.307444205312
run-008,0.1,0.756064193349,-0.0855019326531,0.307443862298
run-008,0.125,0.753660661821,-0.106739246454,0.307443424442
run-008,0.15,0.750727231027,-0.127884856503,0.307442894078
run-008,0.175,0.747266418996,-0.148920828364,0.307442274012
run-008,0.2,0.743281189608,-0.169829445632,0.307441567503
run-008,0.225,0.738774946714,-0.190593243325,0.307440778228
run-008,0.25,0.733751527442,-0.21119503995,0.307439910255
run-008,0.275,0.728215194717,-0.231617968099,0.307438968005
run-008,0.3,0.722170629037,-0.251845503414,0.307437956214
run-008,0.325,0.715622919546,-0.271861491808,0.307436879895
run-008,0.35,0.708577554447,-0.2916501748,0.307435744294
run-008,0.375,0.701040410806,-0.311196212872,0.30743455485
run-008,0.4,0.693017743803,-0.330484706755,0.307433317152
run-008,0.425,0.684516175468,-0.349501216561,0.307432036891
run-008,0.45,0.675542682975,-0.368231778713,0.307430719826
run-008,0.475,0.666104586533,-0.386662920615,0.307429371733
run-008,0.5,0.656209536944,-0.404781673044,0.307427998371
run-008,0.525,0.645865502881,-0.422575580253,0.307426605439
run-008,0.55,0.635080757932,-0.44003270777,0.307425198541
run-008,0.575,0.623863867492,-0.457141647933,0.307423783151
run-008,0.6,0.612223675535,-0.473891523187,0.307422364584
run-008,0.625,0.600169291333,-0.490271987169,0.30742094796
run-008,0.65,0.587710076177,-0.50627322368,0.307419538188
run-008,0.675,0.574855630149,-0.521885943579,0.307418139934
run-008,0.7,0.561615778998,-0.537101379698,0.307416757609
run-008,0.725,0.548000561164,-0.551911279885,0.30741539535
run-008,0.75,0.534020215003,-0.56630789825,0.307414057008
run-008,0.775,0.519685166251,-0.580283984754,0.307412746141
run-008,0.8,0.505006015766,-0.593832773249,0.307411466006
run-008,0.825,0.489993527589,-0.606947968096,0.307410219557
run-008,0.85,0.474658617361,-0.619623729499,0.307409009448
run-008,0.875,0.459012341114,-0.631854657684,0.307407838035
run-008,0.9,0.443065884477,-0.643635776078,0.307406707383
run-008,0.925,0.42683055231,-0.654962513612,0.307405619274
run-008,0.95,0.410317758796,-0.665830686312,0.307404575219
run-008,0.975,0.393539017994,-0.676236478307,0.307403576472
run-008,1,0.376505934881,-0.686176422413,0.307402624044
run-008,1.025,0.359230196874,-0.695647380422,0.307401718719
run-008,1.05,0.34172356586,-0.704646523253,0.307400861074
run-008,1.075,0.323997870711,-0.713171311094,0.307400051495
run-008,1.1,0.306065000305,-0.72121947367,0.307399290199
run-008,1.125,0.287936897028,-0.728788990781,0.307398577251
run-008,1.15,0.269625550766,-0.735878073214,0.307397912589
run-008,1.175,0.251142993367,-0.74248514418,0.30739729604
run-008,1.2,0.232501293557,-0.748608821363,0.307396727339
run-008,1.225,0.213712552299,-0.754247899717,0.307396206156
run-008,1.25,0.194788898571,-0.759401335096,0.307395732105
run-008,1.275,0.175742485544,-0.764068228823,0.30739530477
run-008,1.3,0.15658548713,-0.768247813289,0.307394923716
run-008,1.325,0.13733009488,-0.771939438656,0.307394588511
run-008,1.35,0.117988515197,-0.775142560758,0.307394298736
run-008,1.375,0.0985729668416,-0.777856730244,0.307394053998
run-008,1.4,0.0790956786849,-0.780081583045,0.307393853948
run-008,1.425,0.0595688876894,-0.781816832202,0.307393698281
run-008,1.45,0.0400048370748,-0.783062261113,0.307393586753
run-008,1.475,0.0204157746337,-0.783817718224,0.307393519183
run-008,1.5,0.000813951163554,-0.784083113199,0.30739349546
run-008,1.525,-0.0187883810262,-0.783858414588,0.307393515545
run-008,1.55,-0.0383789695658,-0.783143649009,0.30739357947
run-008,1.575,-0.0579455634766,-0.781938901839,0.307393687342
run-008,1.6,-0.0774759146578,-0.780244319425,0.307393839335
run-008,1.625,-0.0969577794479,-0.778060112785,0.30739403569
run-008,1.65,-0.116378920297,-0.775386562797,0.307394276703
run-008,1.675,-0.135727107588,-0.772224026836,0.307394562724
run-008,1.7,-0.154990121639,-0.768572946826,0.307394894141
run-008,1.725,-0.174155754929,-0.764433858665,0.307395271371
run-008,1.75,-0.193211814572,-0.759807402972,0.307395694847
run-008,1.775,-0.212146125078,-0.754694337086,0.307396165003
run-008,1.8,-0.230946531426,-0.749095548267,0.307396682257
run-008,1.825,-0.249600902491,-0.743012068007,0.307397246998
run-008,1.85,-0.268097134827,-0.736445087381,0.307397859563
run-008,1.875,-0.28642315686,-0.729395973338,0.307398520222
run-008,1.9,-0.304566933494,-0.721866285848,0.307399229156
run-008,1.925,-0.322516471152,-0.713857795782,0.307399986438
run-008,1.95,-0.340259823283,-0.705372503442,0.307400792014
run-008,1.975,-0.357785096324,-0.696412657599,0.30740164568
run-008,2,-0.375080456163,-0.686980774934,0.307402547064
run-008,2.025,-0.392134135071,-0.677079659754,0.307403495608
run-008,2.05,-0.40893443915,-0.666712423839,0.307404490544
run-008,2.075,-0.425469756263,-0.655882506302,0.307405530881
run-008,2.1,-0.441728564466,-0.644593693316,0.307406615385
run-008,2.125,-0.457699440929,-0.63285013756,0.307407742569
run-008,2.15,-0.473371071344,-0.620656377246,0.307408910672
run-008,2.175,-0.488732259791,-0.608017354592,0.307410117653
run-008,2.2,-0.503771939073,-0.594938433576,0.307411361181
run-008,2.225,-0.51847918147,-0.581425416838,0.307412638628
run-008,2.25,-0.532843209915,-0.56748456159,0.307413947063
run-008,2.275,-0.54685340955,-0.553122594381,0.307415283254
run-008,2.3,-0.560499339634,-0.538346724591,0.30741664367
run-008,2.325,-0.573770745779,-0.523164656519,0.307418024482
run-008,2.35,-0.58665757246,-0.50758459992,0.307419421577
run-008,2.375,-0.599149975775,-0.491615278905,0.307420830568
run-008,2.4,-0.611238336405,-0.475265939051,0.307422246806
run-008,2.425,-0.622913272728,-0.458546352647,0.307423665404
run-008,2.45,-0.634165654038,-0.44146682196,0.307425081258
run-008,2.475,-0.644986613826,-0.42403818045,0.307426489067
run-008,2.5,-0.65536756306,-0.406271791854,0.307427883371
run-008,2.525,-0.665300203418,-0.388179547076,0.307429258574
run-008,2.55,-0.674776540414,-0.369773858845,0.307430608984
run-008,2.575,-0.683788896361,-0.351067654097,0.307431928846
run-008,2.6,-0.692329923119,-0.33207436407,0.307433212382
run-008,2.625,-0.700392614564,-0.312807912097,0.307434453833
run-008,2.65,-0.707970318724,-0.293282699128,0.307435647498
run-008,2.675,-0.71505674952,-0.273513586984,0.307436787779
run-008,2.7,-0.721645998073,-0.253515879406,0.307437869224
run-008,2.725,-0.727732543491,-0.233305300947,0.307438886568
run-008,2.75,-0.73331126312,-0.212897973782,0.307439834777
run-008,2.775,-0.73837744218,-0.192310392531,0.30744070909
run-008,2.8,-0.742926782747,-0.171559397197,0.30744150506
run-008,2.825,-0.74695541204,-0.150662144335,0.307442218587
run-008,2.85,-0.750459889963,-0.129636076587,0.307442845961
run-008,2.875,-0.753437215869,-0.108498890735,0.307443383888
run-008,2.9,-0.7558848345,-0.0872685044105,0.30744382952
run-008,2.925,-0.75780064109,-0.0659630216493,0.307444180487
run-008,2.95,-0.759182985583,-0.0446006974544,0.307444434909
run-008,2.975,-0.760030675962,-0.0231999015554,0.30744459142
run-008,3,-0.76034298066,-0.00177908155549,0.307444649176
run-008,3.025,-0.76011963004,0.0196432743382,0.307444607865
run-008,3.05,-0.759360816944,0.0410486748021,0.307444467712
run-008,3.075,-0.7580671963,0.0624186629005,0.30744422947
run-008,3.1,-0.756239883799,0.083734853405,0.30744389442
run-008,3.125,-0.75388045363,0.104978969731,0.307443464358
run-008,3.15,-0.750990935312,0.126132880292,0.307442941575
run-008,3.175,-0.747573809615,0.147178634084,0.30744232884
run-008,3.2,-0.743632003608,0.168098495311,0.307441629374
run-008,3.225,-0.73916888485,0.188874976872,0.307440846823
run-008,3.25,-0.734188254764,0.209490872547,0.307439985221
run-008,3.275,-0.728694341222,0.22992928772,0.307439048963
run-008,3.3,-0.722691790378,0.250173668487,0.307438042759
run-008,3.325,-0.716185657798,0.270207829023,0.307436971602
run-008,3.35,-0.709181398927,0.290015977078,0.307435840719
run-008,3.375,-0.701684858944,0.309582737505,0.307434655535
run-008,3.4,-0.693702262052,0.32889317372,0.307433421628
run-008,3.425,-0.685240200258,0.347932807012,0.307432144683
run-008,3.45,-0.676305621701,0.366687633662,0.307430830454
run-008,3.475,-0.666905818575,0.385144139799,0.307429484718
run-008,3.5,-0.657048414711,0.403289313989,0.307428113236
run-008,3.525,-0.646741352876,0.421110657513,0.307426721714
run-008,3.55,-0.635992881836,0.438596192373,0.307425315765
run-008,3.575,-0.624811543257,0.455734467008,0.307423900876
run-008,3.6,-0.613206158485,0.472514559768,0.307422482375
run-008,3.625,-0.601185815269,0.488926080193,0.3074210654
run-008,3.65,-0.588759854476,0.504959168151,0.307419654877
run-008,3.675,-0.575937856861,0.5206044909,0.307418255495
run-008,3.7,-0.562729629931,0.53585323817,0.307416871686
run-008,3.725,-0.549145194953,0.550697115349,0.307415507611
run-008,3.75,-0.535194774163,0.565128334884,0.307414167144
run-008,3.775,-0.520888778208,0.579139605996,0.307412853867
run-008,3.8,-0.506237793863,0.592724122845,0.307411571063
run-008,3.825,-0.491252572066,0.605875551264,0.307410321712
run-008,3.85,-0.4759440163,0.618588014192,0.307409108491
run-008,3.875,-0.460323171356,0.630856075943,0.307407933783
run-008,3.9,-0.444401212503,0.642674725464,0.307406799674
run-008,3.925,-0.428189435083,0.654039358707,0.307405707971
run-008,3.95,-0.411699244568,0.66494576027,0.307404660207
run-008,3.975,-0.39494214707,0.675390084449,0.307403657656
run-008,4,-0.377929740345,0.685368835852,0.307402701349
run-008,4.025,-0.360673705277,0.694878849709,0.307401792088
run-008,4.05,-0.34318579786,0.703917272026,0.307400930466
run-008,4.075,-0.325477841676,0.712481539723,0.307400116885
run-008,4.1,-0.307561720874,0.720569360892,0.307399351575
run-008,4.125,-0.289449373631,0.728178695296,0.307398634614
run-008,4.15,-0.271152786109,0.735307735259,0.307397965947
run-008,4.175,-0.252683986868,0.741954887041,0.307397345411
run-008,4.2,-0.234055041757,0.748118752847,0.30739677275
run-008,4.225,-0.215278049226,0.753798113545,0.307396247634
run-008,4.25,-0.196365136079,0.758991912228,0.307395769685
run-008,4.275,-0.177328453615,0.763699238704,0.307395338487
run-008,4.3,-0.158180174144,0.767919315001,0.307394953607
run-008,4.325,-0.138932487865,0.77165148198,0.307394614611
run-008,4.35,-0.119597600045,0.77489518713,0.307394321078
run-008,4.375,-0.100187728508,0.777649973609,0.307394072615
run-008,4.4,-0.0807151013647,0.779915470595,0.307393868866
run-008,4.425,-0.0611919549783,0.781691385004,0.307393709524
run-008,4.45,-0.0416305321145,0.782977494614,0.307393594338
run-008,4.475,-0.0220430802476,0.783773642635,0.307393523123
run-008,4.5,-0.00244184998279,0.784079733757,0.307393495762
run-008,4.525,0.0171609064403,0.783895731694,0.307393512209
run-008,4.55,0.0367529366019,0.783221658234,0.307393572491
run-008,4.575,0.0563219893519,0.782057593813,0.307393676708
run-008,4.6,0.0758558162925,0.780403679593,0.307393825029
run-008,4.625,0.0953421733316,0.778260121046,0.307394017689
run-008,4.65,0.114768822345,0.775627193016,0.307394254981
run-008,4.675,0.134123532982,0.772505246238,0.307394537251
run-008,4.7,0.153394084657,0.768894715275,0.307394864883
run-008,4.725,0.172568268746,0.76479612783,0.307395238292
run-008,4.75,0.191633891048,0.760210115385,0.307395657911
run-008,4.775,0.210578774515,0.755137425102,0.307396124174
run-008,4.8,0.229390762303,0.749578932921,0.307396637502
run-008,4.825,0.248057721161,0.743535657788,0.307397198286
run-008,4.85,0.266567545193,0.737008776917,0.307397806869
run-008,4.875,0.284908160007,0.729999642012,0.307398463526
run-008,4.9,0.303067527293,0.722509796343,0.307399168446
run-008,4.925,0.321033649824,0.71454099257,0.307399921714
run-008,4.95,0.338794576922,0.706095211226,0.307400723285
run-008,4.975,0.356338410386,0.697174679713,0.307401572969
run-008,5,0.373653310908,0.687781891718,0.30740247041
run-008,5.025,0.390727504972,0.677919626909,0.307403415064
run-008,5.05,0.407549292253,0.667590970776,0.307404406182
run-008,5.075,0.42410705351,0.656799334499,0.307405442792
run-008,5.1,0.440389258978,0.645548474686,0.307406523682
run-008,5.125,0.456384477245,0.633842512848,0.307407647385
run-008,5.15,0.47208138462,0.621685954475,0.307408812164
run-008,5.175,0.487468774968,0.609083707547,0.307410016002
run-008,5.2,0.502535569998,0.596041100365,0.307411256591
run-008,5.225,0.517270829987,0.582563898522,0.307412531328
run-008,5.25,0.531663764924,0.568658320904,0.307413837309
run-008,5.275,0.545703746032,0.554331054555,0.307415171326
run-008,5.3,0.559380317652,0.539589268282,0.307416529871
run-008,5.325,0.572683209446,0.524440624861,0.307417909143
run-008,5.35,0.585602348895,0.508893291715,0.307419305049
run-008,5.375,0.598127874032,0.492955949945,0.307420713226
run-008,5.4,0.610250146392,0.476637801603,0.307422129045
run-008,5.425,0.621959764112,0.459948575085,0.307423547639
run-008,5.45,0.633247575146,0.442898528577,0.307424963919
run-008,5.475,0.644104690541,0.425498451433,0.307426372603
run-008,5.5,0.654522497718,0.407759663445,0.307427768239
run-008,5.525,0.664492673713,0.389694011914,0.307429145244
run-008,5.55,0.674007198313,0.371313866496,0.307430497931
run-008,5.575,0.683058367038,0.352632111774,0.30743182055
run-008,5.6,0.691638803902,0.333662137541,0.307433107322
run-008,5.625,0.699741473915,0.314417826789,0.307434352486
run-008,5.65,0.707359695242,0.294913541412,0.307435550334
run-008,5.675,0.714487150985,0.275164105655,0.307436695258
run-008,5.7,0.721117900524,0.255184787335,0.307437781792
run-008,5.725,0.727246390352,0.234991276916,0.307438804653
run-008,5.75,0.73286746437,0.214599664486,0.307439758788
run-008,5.775,0.737976373577,0.194026414746,0.307440639412
run-008,5.8,0.742568785107,0.17328834009,0.307441442048
run-008,5.825,0.746640790581,0.152402571926,0.307442162569
run-008,5.85,0.750188913704,0.131386530338,0.307442797228
run-008,5.875,0.753210117098,0.110257892252,0.307443342697
run-008,5.9,0.755701808316,0.0890345582591,0.30744379609
run-008,5.925,0.757661845011,0.0677346182525,0.307444154996
run-008,5.95,0.759088539229,0.046376316069,0.307444417495
run-008,5.975,0.759980660814,0.0249780133073,0.307444582175
run-008,6,0.760337439894,0.00355815251854,0.307444648151
run-008,6.025,0.76015856844,-0.0178647800363,0.307444615065
run-008,6.05,0.759444200892,-0.0392722918634,0.307444483098
run-008,6.075,0.758194953847,-0.0606459217469,0.30744425296
run-008,6.1,0.756411904805,-0.0819672770912,0.307443925888
run-008,6.125,0.754096589992,-0.103218070897,0.307443503635
run-008,6.15,0.75125100126,-0.12438015817,0.307442988452
run-008,6.175,0.747877582084,-0.145435571579,0.30744238307
run-008,6.2,0.743979222681,-0.166366556164,0.307441690673
run-008,6.225,0.739559254276,-0.187155602931,0.307440914872
run-008,6.25,0.734621442535,-0.207785481143,0.307440059673
run-008,6.275,0.729169980219,-0.228239269179,0.307439129438
run-008,6.3,0.723209479076,-0.248500383776,0.307438128857
run-008,6.325,0.71674496103,-0.268552607545,0.307437062896
run-008,6.35,0.709781848699,-0.288380114633,0.307435936769
run-008,6.375,0.702325955298,-0.30796749441,0.307434755884
run-008,6.4,0.694383473978,-0.327299773109,0.307433525807
run-008,6.425,0.685960966643,-0.346362433317,0.307432252218
run-008,6.45,0.677065352312,-0.365141431273,0.307430940865
run-008,6.475,0.667703895079,-0.383623211922,0.307429597526
run-008,6.5,0.657884191716,-0.401794721682,0.307428227963
run-008,6.525,0.647614158995,-0.419643418925,0.30742683789
run-008,6.55,0.63690202077,-0.437157282164,0.307425432928
run-008,6.575,0.625756294887,-0.454324815959,0.307424018577
run-008,6.6,0.614185779972,-0.471135054579,0.307422600177
run-008,6.625,0.602199542158,-0.48757756346,0.307421182884
run-008,6.65,0.589806901799,-0.503642438514,0.307419771644
run-008,6.675,0.577017420232,-0.519320303367,0.307418371165
run-008,6.7,0.563840886631,-0.534602304596,0.3074169859
run-008,6.725,0.550287305002,-0.549480105075,0.307415620034
run-008,6.75,0.536366881377,-0.563945875514,0.307414277466
run-008,6.775,0.522090011227,-0.577992284312,0.307412961803
run-008,6.8,0.507467267161,-0.591612485847,0.307411676351
run-008,6.825,0.492509386934,-0.604800107322,0.307410424115
run-008,6.85,0.477227261795,-0.617549234303,0.3074092078
run-008,6.875,0.461631925219,-0.629854395076,0.30740802981
run-008,6.9,0.445734542041,-0.641710543989,0.307406892257
run-008,6.925,0.42954639802,-0.653113043885,0.307405796971
run-008,6.95,0.413078889847,-0.664057647804,0.307404745506
run-008,6.975,0.396343515629,-0.674540480075,0.307403739158
run-008,7,0.379351865843,-0.684558016964,0.307402778978
run-008,7.025,0.362115614781,-0.694107067001,0.307401865785
run-008,7.05,0.344646512493,-0.703184751141,0.307401000189
run-008,7.075,0.326956377224,-0.711788482904,0.307400182608
run-008,7.1,0.309057088348,-0.719915948607,0.307399413285
run-008,7.125,0.290960579794,-0.727565087851,0.307398692309
run-008,7.15,0.272678833956,-0.734734074362,0.307398019637
run-008,7.175,0.254223876076,-0.741421297334,0.307397395113
run-008,7.2,0.235607769089,-0.747625343365,0.307396818488
run-008,7.225,0.216842608907,-0.753344979128,0.307396289438
run-008,7.25,0.197940520132,-0.758579134848,0.307395807588
run-008,7.275,0.178913652165,-0.763326888716,0.307395372524
run-008,7.3,0.159774175697,-0.767587452306,0.307394983814
run-008,7.325,0.14053427955,-0.771360157093,0.307394641024
run-008,7.35,0.121206167842,-0.774644442146,0.307394343732
run-008,7.375,0.101802057442,-0.777439843065,0.30739409154
run-008,7.4,0.0823341756888,-0.779745982219,0.307393884091
run-008,7.425,0.0628147583315,-0.781562560351,0.307393721071
run-008,7.45,0.0432560476712,-0.782889349581,0.307393602227
run-008,7.475,0.0236702908525,-0.783726187857,0.307393527366
run-008,7.5,0.00406973827839,-0.784072974877,0.307393496366
run-008,7.525,-0.0155333578914,-0.78392966951,0.307393509175
run-008,7.55,-0.0351267451971,-0.783296288723,0.307393565814
run-008,7.575,-0.0546981723275,-0.782172908022,0.307393666377
run-008,7.6,-0.0742353905982,-0.780559663411,0.307393811028
run-008,7.625,-0.0937261554981,-0.778456754849,0.307393999996
run-008,7.65,-0.113158228341,-0.775864451191,0.30739423357
run-008,7.675,-0.132519378058,-0.772783096587,0.30739451209
run-008,7.7,-0.15179738317,-0.769213118303,0.307394835939
run-008,7.725,-0.170980033973,-0.765155035921,0.307395205531
run-008,7.75,-0.190055134966,-0.76060947187,0.307395621296
run-008,7.775,-0.209010507566,-0.755577163221,0.30739608367
run-008,7.8,-0.227833993127,-0.750058974696,0.307396593074
run-008,7.825,-0.246513456301,-0.744055912798,0.307397149904
run-008,7.85,-0.265036788767,-0.737569140993,0.307397754506
run-008,7.875,-0.283391913351,-0.730599995857,0.307398407162
run-008,7.9,-0.30156678856,-0.723150004083,0.30739910807
run-008,7.925,-0.319549413555,-0.715220900249,0.307399857323
run-008,7.95,-0.337327833572,-0.706814645249,0.307400654888
run-008,7.975,-0.354890145817,-0.697933445249,0.307401500588
run-008,8,-0.372224505835,-0.68857977108,0.307402394082
run-008,8.025,-0.389319134371,-0.678756377906,0.30740333484
run-008,8.05,-0.40616232473,-0.668466325067,0.307404322134
run-008,8.075,-0.422742450625,-0.657712995942,0.307405355009
run-008,8.1,-0.439047974527,-0.64650011771,0.307406432275
run-008,8.125,-0.45506745651,-0.634831780848,0.307407552485
run-008,8.15,-0.47078956357,-0.622712458247,0.307408713926
run-008,8.175,-0.486203079422,-0.610147023777,0.307409914604
run-008,8.2,-0.501296914759,-0.597140770176,0.307411152236
run-008,8.225,-0.516060117931,-0.583699426101,0.307412424244
run-008,8.25,-0.530481886064,-0.569829172215,0.307413727749
run-008,8.275,-0.544551576542,-0.555536656152,0.307415059567
run-008,8.3,-0.558258718871,-0.540829006227,0.307416416216
run-008,8.325,-0.571593026853,-0.525713843771,0.307417793918
run-008,8.35,-0.58454441106,-0.510199293933,0.307419188606
run-008,8.375,-0.59710299155,-0.494293994858,0.307420595936
run-008,8.4,-0.609259110803,-0.478007105106,0.307422011303
run-008,8.425,-0.621003346805,-0.461348309209,0.307423429857
run-008,8.45,-0.632326526263,-0.444327821277,0.307424846528
run-008,8.475,-0.643219737869,-0.426956386556,0.307426256048
run-008,8.5,-0.653674345591,-0.409245280871,0.307427652979
run-008,8.525,-0.663682001913,-0.391206307886,0.307429031747
run-008,8.55,-0.673234660985,-0.372851794131,0.307430386671
run-008,8.575,-0.682324591619,-0.354194581771,0.307431712006
run-008,8.6,-0.690944390074,-0.33524801907,0.307433001975
run-008,8.625,-0.699086992573,-0.316025948579,0.307434250813
run-008,8.65,-0.706745687503,-0.296542693025,0.307435452805
run-008,8.675,-0.713914127224,-0.276813038944,0.307436602334
run-008,8.7,-0.72058633945,-0.256852218087,0.30743769392
run-008,8.725,-0.726756738128,-0.23667588667,0.307438722265
run-008,8.75,-0.732420133783,-0.216300102524,0.307439682293
run-008,8.775,-0.737571743255,-0.195741300238,0.307440569196
run-008,8.8,-0.742207198795,-0.175016264406,0.30744137847
run-008,8.825,-0.746322556475,-0.154142101078,0.307442105958
run-008,8.85,-0.749914303849,-0.133136207558,0.307442747879
run-008,8.875,-0.752979366853,-0.112016240691,0.30744330087
run-008,8.9,-0.755515115884,-0.090800083788,0.307443762008
run-008,8.925,-0.757519371042,-0.0695058123559,0.307444128841
run-008,8.95,-0.758990406501,-0.048151658816,0.307444399405
run-008,8.975,-0.759926953983,-0.0267559763822,0.307444572249
run-009,0,0.824137931034,0,0.364974108629
run-009,0.025,0.823841904622,-0.0236767545253,0.364974045196
run-009,0.05,0.822954093308,-0.0473320870545,0.364973855266
run-009,0.075,0.821475300269,-0.0709446234889,0.364973539946
run-009,0.1,0.819406862134,-0.0944930852508,0.36497310107
run-009,0.125,0.816750646006,-0.117956336359,0.36497254118
run-009,0.15,0.813509045316,-0.141313429693,0.364971863502
run-009,0.175,0.809684974522,-0.164543652178,0.36497107191
run-009,0.2,0.805281862707,-0.187626568646,0.364970170899
run-009,0.225,0.800303646089,-0.210542064134,0.36496916553
run-009,0.25,0.7947547595,-0.23327038438,0.364968061392
run-009,0.275,0.78864012687,-0.255792174322,0.364966864543
run-009,0.3,0.781965150784,-0.278088514393,0.364965581459
run-009,0.325,0.774735701151,-0.300140954431,0.364964218972
run-009,0.35,0.766958103063,-0.321931545062,0.364962784214
run-009,0.375,0.758639123898,-0.343442866399,0.364961284548
run-009,0.4,0.749785959743,-0.364658053956,0.364959727512
run-009,0.425,0.7404062212,-0.385560821664,0.364958120755
run-009,0.45,0.730507918659,-0.406135481935,0.364956471973
run-009,0.475,0.720099447103,-0.426366962712,0.364954788852
run-009,0.5,0.709189570524,-0.446240821468,0.364953079011
run-009,0.525,0.69778740603,-0.465743256167,0.364951349946
run-009,0.55,0.685902407715,-0.484861113184,0.364949608976
run-009,0.575,0.673544350371,-0.503581892221,0.364947863204
run-009,0.6,0.660723313104,-0.521893748281,0.364946119466
run-009,0.625,0.647449662957,-0.539785490767,0.364944384295
run-009,0.65,0.633734038566,-0.557246579792,0.364942663889
run-009,0.675,0.619587333967,-0.574267119823,0.364940964082
run-009,0.7,0.605020682575,-0.590837850764,0.364939290318
run-009,0.725,0.590045441429,-0.606950136625,0.364937647635
run-009,0.75,0.574673175744,-0.622595951923,0.364936040651
run-009,0.775,0.558915643833,-0.637767865974,0.364934473558
run-009,0.8,0.542784782445,-0.652459025244,0.364932950113
run-009,0.825,0.52629269257,-0.66666313394,0.364931473645
run-009,0.85,0.509451625748,-0.680374433018,0.364930047057
run-009,0.875,0.492273970919,-0.6935876778,0.364928672838
run-009,0.9,0.474772241858,-0.706298114393,0.364927353074
run-009,0.925,0.4569590652,-0.718501455097,0.364926089466
run-009,0.95,0.438847169103,-0.730193853001,0.364924883351
run-009,0.975,0.42044937255,-0.741371875962,0.364923735721
run-009,1,0.401778575305,-0.752032480156,0.364922647251
run-009,1.025,0.382847748542,-0.762172983388,0.364921618326
run-009,1.05,0.363669926136,-0.771791038353,0.364920649065
run-009,1.075,0.344258196624,-0.780884606025,0.364919739352
run-009,1.1,0.324625695834,-0.789451929344,0.36491888887
run-009,1.125,0.304785600157,-0.797491507385,0.364918097123
run-009,1.15,0.284751120465,-0.805002070148,0.364917363472
run-009,1.175,0.26453549665,-0.811982554153,0.364916687165
run-009,1.2,0.244151992758,-0.818432078955,0.364916067363
run-009,1.225,0.223613892702,-0.824349924741,0.364915503167
run-009,1.25,0.20293449652,-0.82973551113,0.364914993653
run-009,1.275,0.182127117145,-0.834588377287,0.364914537887
run-009,1.3,0.161205077656,-0.83890816348,0.364914134957
run-009,1.325,0.140181708971,-0.842694594167,0.364913783992
run-009,1.35,0.119070347948,-0.84594746271,0.364913484182
run-009,1.375,0.097884335836,-0.848666617793,0.364913234796
run-009,1.4,0.0766370170581,-0.850851951622,0.364913035199
run-009,1.425,0.0553417382549,-0.852503389971,0.364912884862
run-009,1.45,0.0340118475596,-0.853620884105,0.364912783379
run-009,1.475,0.0126606940496,-0.854204404656,0.364912730467
run-009,1.5,-0.0086983726732,-0.854253937444,0.364912725978
run-009,1.525,-0.0300520028226,-0.853769481303,0.364912769899
run-009,1.55,-0.0513868467384,-0.852751047893,0.364912862354
run-009,1.575,-0.0726895552172,-0.851198663508,0.364913003601
run-009,1.6,-0.0939467799138,-0.849112372884,0.364913194023
run-009,1.625,-0.115145173861,-0.846492244967,0.364913434127
run-009,1.65,-0.136271392162,-0.843338380627,0.36491372453
run-009,1.675,-0.157312092893,-0.839650922268,0.364914065946
run-009,1.7,-0.178253938275,-0.83543006529,0.364914459171
run-009,1.725,-0.199083596157,-0.830676071349,0.364914905066
run-009,1.75,-0.219787741843,-0.825389283327,0.364915404539
run-009,1.775,-0.240353060324,-0.819570141951,0.36491595852
run-009,1.8,-0.260766248941,-0.813219203967,0.364916567937
run-009,1.825,-0.281014020522,-0.806337161754,0.364917233696
run-009,1.85,-0.301083107028,-0.798924864299,0.364917956648
run-009,1.875,-0.320960263737,-0.790983339383,0.364918737565
run-009,1.9,-0.340632273997,-0.782513816872,0.364919577109
run-009,1.925,-0.360085954581,-0.773517752969,0.364920475803
run-009,1.95,-0.379308161646,-0.763996855279,0.364921434002
run-009,1.975,-0.398285797344,-0.753953108543,0.36492245186
run-009,2,-0.417005817073,-0.743388800871,0.364923529304
run-009,2.025,-0.435455237388,-0.73230655031,0.364924666
run-009,2.05,-0.453621144589,-0.720709331575,0.364925861331
run-009,2.075,-0.471490703967,-0.70860050276,0.364927114363
run-009,2.1,-0.489051169727,-0.695983831847,0.364928423826
run-009,2.125,-0.506289895559,-0.68286352282,0.364929788089
run-009,2.15,-0.523194345868,-0.669244241201,0.364931205137
run-009,2.175,-0.539752107619,-0.655131138803,0.364932672558
run-009,2.2,-0.555950902808,-0.640529877514,0.364934187526
run-009,2.225,-0.571778601495,-0.625446651922,0.364935746793
run-009,2.25,-0.587223235404,-0.609888210572,0.36493734668
run-009,2.275,-0.602273012024,-0.593861875687,0.364938983076
run-009,2.3,-0.616916329188,-0.577375561156,0.364940651443
run-009,2.325,-0.631141790081,-0.560437788617,0.364942346818
run-009,2.35,-0.644938218619,-0.543057701454,0.364944063832
run-009,2.375,-0.658294675154,-0.525245076569,0.364945796721
run-009,2.4,-0.671200472447,-0.507010333749,0.364947539354
run-009,2.425,-0.683645191842,-0.488364542511,0.364949285257
run-009,2.45,-0.695618699573,-0.469319426298,0.364951027646
run-009,2.475,-0.707111163156,-0.449887363896,0.364952759467
run-009,2.5,-0.718113067768,-0.430081388011,0.364954473437
run-009,2.525,-0.728615232557,-0.409915180892,0.364956162087
run-009,2.55,-0.738608826812,-0.38940306698,0.364957817819
run-009,2.575,-0.748085385906,-0.36856000251,0.364959432954
run-009,2.6,-0.757036826938,-0.347401562074,0.364960999794
run-009,2.625,-0.76545546401,-0.325943922136,0.364962510677
run-009,2.65,-0.773334023045,-0.304203841527,0.36496395804
run-009,2.675,-0.780665656086,-0.28219863897,0.364965334481
run-009,2.7,-0.787443954993,-0.259946167695,0.364966632821
run-009,2.725,-0.793662964471,-0.23746478725,0.364967846169
run-009,2.75,-0.799317194356,-0.214773332606,0.364968967978
run-009,2.775,-0.804401631101,-0.191891080708,0.364969992108
run-009,2.8,-0.808911748391,-0.168837714602,0.364970912878
run-009,2.825,-0.812843516831,-0.145633285338,0.364971725126
run-009,2.85,-0.816193412658,-0.122298171823,0.36497242425
run-009,2.875,-0.818958425422,-0.0988530388458,0.364973006255
run-009,2.9,-0.8211360646,-0.0753187934847,0.364973467794
run-009,2.925,-0.822724365097,-0.05171654015,0.364973806196
run-009,2.95,-0.823721891608,-0.0280675345011,0.364974019494
run-009,2.975,-0.824127741822,-0.0043931365007,0.364974106445
run-009,3,-0.823941548433,0.0192852371266,0.364974066542
run-009,3.025,-0.823163479965,0.0429461607622,0.364973900018
run-009,3.05,-0.821794240395,0.0665682478119,0.364973607843
run-009,3.075,-0.819835067575,0.0901301984,0.364973191718
run-009,3.1,-0.817287730475,0.113610846568,0.364972654055
run-009,3.125,-0.814154525246,0.136989206709,0.364971997955
run-009,3.15,-0.810438270139,0.160244518971,0.364971227175
run-009,3.175,-0.806142299298,0.183356293383,0.364970346097
run-009,3.2,-0.80127045547,0.206304352463,0.364969359681
run-009,3.225,-0.795827081675,0.229068872059,0.364968273422
run-009,3.25,-0.789817011867,0.251630420242,0.364967093295
run-009,3.275,-0.783245560663,0.273969994013,0.364965825703
run-009,3.3,-0.776118512167,0.296069053681,0.364964477417
run-009,3.325,-0.768442107979,0.317909554715,0.364963055515
run-009,3.35,-0.760223034431,0.339473976956,0.364961567326
run-009,3.375,-0.751468409131,0.360745351053,0.364960020358
run-009,3.4,-0.742185766878,0.381707282024,0.364958422244
run-009,3.425,-0.73238304503,0.402343969875,0.364956780677
run-009,3.45,-0.722068568384,0.422640227204,0.364955103349
run-009,3.475,-0.711251033669,0.442581493778,0.364953397894
run-009,3.5,-0.699939493696,0.462153848047,0.364951671836
run-009,3.525,-0.688143341267,0.481344015634,0.364949932531
run-009,3.55,-0.675872292914,0.500139374798,0.364948187126
run-009,3.575,-0.663136372527,0.518527958957,0.364946442507
run-009,3.6,-0.649945894966,0.536498456305,0.364944705268
run-009,3.625,-0.636311449712,0.554040206639,0.364942981671
run-009,3.65,-0.622243884634,0.571143195484,0.364941277619
run-009,3.675,-0.607754289938,0.587798045645,0.36493959863
run-009,3.7,-0.592853982352,0.603996006309,0.364937949819
run-009,3.725,-0.577554489622,0.619728939859,0.364936335883
run-009,3.75,-0.561867535359,0.634989306541,0.364934761093
run-009,3.775,-0.545805024295,0.649770147166,0.364933229286
run-009,3.8,-0.529379028001,0.66406506401,0.364931743871
run-009,3.825,-0.512601771095,0.677868200103,0.364930307829
run-009,3.85,-0.495485617995,0.691174217093,0.364928923725
run-009,3.875,-0.47804306024,0.703978271864,0.364927593719
run-009,3.9,-0.460286704402,0.716275992128,0.364926319581
run-009,3.925,-0.442229260634,0.728063451148,0.364925102715
run-009,3.95,-0.423883531845,0.739337141822,0.364923944175
run-009,3.975,-0.405262403542,0.750093950298,0.364922844693
run-009,4,-0.38637883433,0.760331129312,0.364921804704
run-009,4.025,-0.367245847077,0.770046271448,0.364920824376
run-009,4.05,-0.347876520757,0.779237282487,0.364919903635
run-009,4.075,-0.328283982952,0.787902355026,0.364919042196
run-009,4.1,-0.308481403006,0.796039942548,0.364918239597
run-009,4.125,-0.288481985825,0.803648734082,0.364917495223
run-009,4.15,-0.268298966302,0.810727629639,0.364916808338
run-009,4.175,-0.247945604343,0.817275716543,0.364916178119
run-009,4.2,-0.227435180475,0.823292246821,0.364915603677
run-009,4.225,-0.206780992002,0.828776615766,0.364915084089
run-009,4.25,-0.185996349687,0.833728341804,0.364914618422
run-009,4.275,-0.165094574912,0.838147047772,0.364914205757
run-009,4.3,-0.144088997298,0.842032443713,0.364913845215
run-009,4.325,-0.122992952726,0.845384311283,0.364913535973
run-009,4.35,-0.101819781734,0.848202489849,0.364913277283
run-009,4.375,-0.0805828282338,0.850486864353,0.364913068492
run-009,4.4,-0.0592954385162,0.852237355005,0.364912909051
run-009,4.425,-0.0379709604835,0.853453908864,0.36491279853
run-009,4.45,-0.016622743073,0.854136493341,0.364912736622
run-009,4.475,0.00473586418354,0.854285091667,0.364912723154
run-009,4.5,0.0260915115103,0.853899700332,0.36491275809
run-009,4.525,0.0474308492001,0.85298032854,0.364912841525
run-009,4.55,0.0687405279373,0.851526999642,0.364912973695
run-009,4.575,0.0900071991822,0.849539754575,0.364913154959
run-009,4.6,0.111217515666,0.84701865727,0.364913385803
run-009,4.625,0.132358132046,0.843963802002,0.364913666823
run-009,4.65,0.153415705766,0.840375322659,0.364913998717
run-009,4.675,0.174376898179,0.836253403861,0.364914382267
run-009,4.7,0.195228375959,0.831598293891,0.364914818324
run-009,4.725,0.215956812873,0.826410319353,0.364915307787
run-009,4.75,0.236548891927,0.820689901497,0.364915851585
run-009,4.775,0.256991307948,0.814437574101,0.364916450648
run-009,4.8,0.277270770632,0.807654002839,0.364917105888
run-009,4.825,0.29737400809,0.800340006002,0.364917818169
run-009,4.85,0.317287770932,0.792496576471,0.364918588279
run-009,4.875,0.336998836914,0.784124904818,0.364919416902
run-009,4.9,0.356494016173,0.775226403383,0.364920304591
run-009,4.925,0.375760157083,0.765802731205,0.364921251732
run-009,4.95,0.394784152733,0.755855819643,0.36492225852
run-009,4.975,0.413552948065,0.745387898526,0.364923324927
run-009,5,0.432053547659,0.734401522673,0.364924450668
run-009,5.025,0.450273024199,0.72289959861,0.364925635182
run-009,5.05,0.46819852759,0.710885411296,0.364926877595
run-009,5.075,0.485817294763,0.698362650682,0.364928176701
run-009,5.1,0.503116660124,0.685335437917,0.364929530938
run-009,5.125,0.520084066659,0.671808351003,0.364930938364
run-009,5.15,0.536707077674,0.657786449707,0.364932396641
run-009,5.175,0.552973389145,0.643275299543,0.364933903021
run-009,5.2,0.568870842651,0.628280994623,0.364935454334
run-009,5.225,0.584387438876,0.612810179183,0.364937046983
run-009,5.25,0.599511351611,0.596870067605,0.364938676936
run-009,5.275,0.614230942256,0.580468462739,0.364940339734
run-009,5.3,0.628534774748,0.56361377235,0.364942030493
run-009,5.325,0.642411630873,0.546315023521,0.364943743916
run-009,5.35,0.655850525924,0.52858187484,0.364945474313
run-009,5.375,0.668840724615,0.510424626232,0.364947215617
run-009,5.4,0.681371757235,0.491854226281,0.364948961417
run-009,5.425,0.693433435929,0.47288227692,0.364950704984
run-009,5.45,0.705015871081,0.453521035381,0.36495243931
run-009,5.475,0.716109487699,0.433783413294,0.36495415715
run-009,5.5,0.726705041746,0.413682972873,0.364955851068
run-009,5.525,0.736793636342,0.393233920113,0.364957513486
run-009,5.55,0.746366737752,0.372451094963,0.364959136735
run-009,5.575,0.75541619109,0.351349958454,0.364960713115
run-009,5.6,0.763934235674,0.329946576774,0.364962234954
run-009,5.625,0.771913519929,0.308257602325,0.364963694666
run-009,5.65,0.77934711579,0.286300251789,0.364965084814
run-009,5.675,0.786228532519,0.264092281284,0.364966398174
run-009,5.7,0.792551729855,0.241651958679,0.364967627795
run-009,5.725,0.798311130452,0.218998033201,0.364968767064
run-009,5.75,0.803501631515,0.196149702438,0.364969809758
run-009,5.775,0.808118615574,0.173126576911,0.36497075011
run-009,5.8,0.81215796036,0.149948642373,0.364971582856
run-009,5.825,0.815616047693,0.126636220027,0.364972303287
run-009,5.85,0.818489771362,0.103209924874,0.364972907292
run-009,5.875,0.820776543937,0.0796906224011,0.364973391403
run-009,5.9,0.822474302482,0.0560993838617,0.364973752819
run-009,5.925,0.82358151313,0.0324574403798,0.364973989441
run-009,5.95,0.824097174501,0.00878613614585,0.364974099893
run-009,5.975,0.824020819937,-0.0148931190357,0.364974083528
run-009,6,0.823352518549,-0.0385588975739,0.364973940443
run-009,6.025,0.822092875058,-0.0621898020207,0.364973671472
run-009,6.05,0.820243028448,-0.0857645128285,0.364973278181
run-009,6.075,0.817804649417,-0.10926183566,0.364972762852
run-009,6.1,0.814779936665,-0.132660747984,0.364972128459
run-009,6.125,0.811171612018,-0.155940444692,0.364971378642
run-009,6.15,0.80698291443,-0.179080382479,0.364970517668
run-009,6.175,0.802217592894,-0.202060322746,0.364969550395
run-009,6.2,0.796879898293,-0.224860372794,0.364968482221
run-009,6.225,0.790974574254,-0.247461025086,0.364967319036
run-009,6.25,0.784506847039,-0.269843194382,0.364966067169
run-009,6.275,0.777482414535,-0.291988252553,0.364964733326
run-009,6.3,0.769907434411,-0.313878060917,0.364963324535
run-009,6.325,0.761788511489,-0.335494999955,0.364961848081
run-009,6.35,0.753132684413,-0.356821996261,0.364960311444
run-009,6.375,0.743947411676,-0.377842546652,0.364958722238
run-009,6.4,0.734240557081,-0.39854073933,0.364957088151
run-009,6.425,0.72402037471,-0.418901272055,0.364955416877
run-009,6.45,0.713295493478,-0.438909467278,0.364953716068
run-009,6.475,0.702074901346,-0.458551284233,0.364951993271
run-009,6.5,0.690367929266,-0.477813327974,0.364950255877
run-009,6.525,0.678184234947,-0.496682855408,0.364948511075
run-009,6.55,0.665533786496,-0.515147778351,0.364946765802
run-009,6.575,0.652426846029,-0.53319666368,0.364945026711
run-009,6.6,0.638873953312,-0.550818730674,0.364943300126
run-009,6.625,0.624885909496,-0.568003845624,0.364941592019
run-009,6.65,0.610473761031,-0.58474251386,0.364939907982
run-009,6.675,0.595648783803,-0.601025869294,0.364938253205
run-009,6.7,0.580422467566,-0.616845661645,0.364936632464
run-009,6.725,0.564806500721,-0.632194241494,0.364935050108
run-009,6.75,0.548812755491,-0.647064543338,0.364933510057
run-009,6.775,0.532453273554,-0.66145006681,0.364932015797
run-009,6.8,0.515740252151,-0.675344856251,0.36493057039
run-009,6.825,0.498686030741,-0.688743478827,0.364929176475
run-009,6.85,0.481303078209,-0.701641001365,0.364927836288
run-009,6.875,0.463603980673,-0.714032966112,0.364926551669
run-009,6.9,0.445601429904,-0.725915365616,0.364925324088
run-009,6.925,0.427308212392,-0.737284616907,0.364924154662
run-009,6.95,0.408737199058,-0.748137535185,0.364923044182
run-009,6.975,0.389901335633,-0.758471307198,0.364921993136
run-009,7,0.370813633699,-0.7682834645,0.364921001739
run-009,7.025,0.351487162408,-0.777571856771,0.364920069958
run-009,7.05,0.33193504086,-0.786334625373,0.364919197548
run-009,7.075,0.312170431139,-0.794570177324,0.364918384076
run-009,7.1,0.292206531994,-0.802277159837,0.364917628952
run-009,7.125,0.272056573147,-0.809454435596,0.364916931462
run-009,7.15,0.251733810214,-0.816101058918,0.364916290796
run-009,7.175,0.231251520201,-0.82221625293,0.364915706075
run-009,7.2,0.210622997568,-0.82779938791,0.364915176381
run-009,7.225,0.189861550806,-0.832849960896,0.364914700781
run-009,7.25,0.168980499523,-0.837367576702,0.364914278351
run-009,7.275,0.147993171971,-0.84135193042,0.364913908203
run-009,7.3,0.126912903002,-0.844802791523,0.364913589503
run-009,7.325,0.105753032395,-0.847719989641,0.364913321487
run-009,7.35,0.0845269035196,-0.850103402095,0.364913103484
run-009,7.375,0.0632478622899,-0.851952943246,0.364912934924
run-009,7.4,0.0419292563573,-0.853268555721,0.364912815353
run-009,7.425,0.0205844345038,-0.854050203556,0.364912744444
run-009,7.45,-0.000773253820497,-0.854297867299,0.364912721997
run-009,7.475,-0.0221304588611,-0.854011541083,0.364912747949
run-009,7.5,-0.0434738308747,-0.853191231703,0.364912822373
run-009,7.525,-0.0647900204463,-0.851836959687,0.364912945478
run-009,7.55,-0.086065678859,-0.849948762357,0.364913117601
run-009,7.575,-0.107287458564,-0.847526698882,0.364913339205
run-009,7.6,-0.128442013803,-0.844570857264,0.364913610867
run-009,7.625,-0.149516001427,-0.841081363255,0.364913933266
run-009,7.65,-0.170496081966,-0.837058391142,0.36491430717
run-009,7.675,-0.191368920984,-0.832502176338,0.364914733419
run-009,7.7,-0.212121190783,-0.827413029734,0.364915212905
run-009,7.725,-0.232739572471,-0.821791353713,0.364915746552
run-009,7.75,-0.253210758468,-0.81563765976,0.364916335293
run-009,7.775,-0.273521455459,-0.808952587552,0.364916980044
run-009,7.8,-0.293658387846,-0.80173692544,0.36491768168
run-009,7.825,-0.313608301731,-0.793991632205,0.364918441006
run-009,7.85,-0.333357969456,-0.785717859949,0.364919258728
run-009,7.875,-0.352894194729,-0.776916978011,0.364920135425
run-009,7.9,-0.372203818357,-0.767590597746,0.364921071515
run-009,7.925,-0.391273724616,-0.75774059803,0.364922067233
run-009,7.95,-0.410090848258,-0.747369151323,0.364923122593
run-009,7.975,-0.428642182182,-0.73647875014,0.36492423736
run-009,8,-0.446914785765,-0.725072233735,0.364925411027
run-009,8.025,-0.464895793869,-0.713152814847,0.364926642779
run-009,8.05,-0.482572426508,-0.700724106301,0.364927931475
run-009,8.075,-0.499931999184,-0.687790147293,0.364929275619
run-009,8.1,-0.516961933872,-0.674355429161,0.364930673342
run-009,8.125,-0.533649770642,-0.660424920455,0.36493212238
run-009,8.15,-0.549983179895,-0.6460040911,0.364933620063
run-009,8.175,-0.565949975197,-0.631098935473,0.3649351633
run-009,8.2,-0.581538126669,-0.615715994193,0.364936748571
run-009,8.225,-0.596735774907,-0.599862374431,0.364938371928
run-009,8.25,-0.61153124539,-0.583545768563,0.364940028989
run-009,8.275,-0.625913063335,-0.566774470981,0.364941714948
run-009,8.3,-0.639869968939,-0.54955739288,0.364943424585
run-009,8.325,-0.653390932979,-0.531904074879,0.36494515228
run-009,8.35,-0.666465172683,-0.513824697294,0.364946892036
run-009,8.375,-0.679082167843,-0.495330087932,0.364948637501
run-009,8.4,-0.69123167708,-0.47643172729,0.364950382004
run-009,8.425,-0.702903754208,-0.457141751009,0.364952118585
run-009,8.45,-0.71408876463,-0.437472949516,0.36495384004
run-009,8.475,-0.724777401684,-0.417438764754,0.364955538966
run-009,8.5,-0.734960702868,-0.397053283934,0.364957207805
run-009,8.525,-0.74463006588,-0.376331230279,0.364958838902
run-009,8.55,-0.753777264382,-0.355287950705,0.364960424558
run-009,8.575,-0.762394463416,-0.333939400477,0.364961957093
run-009,8.6,-0.770474234406,-0.31230212481,0.364963428897
run-009,8.625,-0.778009569656,-0.290393237492,0.364964832504
run-009,8.65,-0.78499389628,-0.268230396574,0.364966160643
run-009,8.675,-0.791421089485,-0.245831777202,0.364967406311
run-009,8.7,-0.797285485141,-0.223216041719,0.364968562824
run-009,8.725,-0.802581891571,-0.20040230714,0.364969623884
run-009,8.75,-0.807305600498,-0.177410110161,0.364970583636
run-009,8.775,-0.811452397079,-0.154259369868,0.364971436718
run-009,8.8,-0.815018568991,-0.130970348327,0.364972178314
run-009,8.825,-0.818000914495,-0.107563609258,0.364972804201
run-009,8.85,-0.820396749454,-0.0840599750193,0.364973310786
run-009,8.875,-0.822203913246,-0.0604804821257,0.364973695144
run-009,8.9,-0.82342077356,-0.0368463355549,0.364973955044
run-009,8.925,-0.824046230024,-0.0131788620905,0.364974088974
run-009,8.95,-0.824079716665,0.0105005370298,0.364974096151
run-009,8.975,-0.823521203173,0.0341704338928,0.364973976534
run-010,0,0.887931034483,0,0.428399228298
run-010,0.025,0.887605426639,-0.0260424402887,0.428399147736
run-010,0.05,0.886628912468,-0.0520601468431,0.428398906558
run-010,0.075,0.885002419297,-0.0780284465859,0.428398506283
run-010,0.1,0.882727490139,-0.103922787384,0.428397949422
run-010,0.125,0.879806279927,-0.129718797596,0.428397239456
run-010,0.15,0.876241550259,-0.155392344532,0.428396380798
run-010,0.175,0.872036662701,-0.180919591452,0.428395378744
run-010,0.2,0.867195570687,-0.206277052793,0.428394239422
run-010,0.225,0.861722810061,-0.231441647285,0.428392969728
run-010,0.25,0.855623488322,-0.256390748662,0.428391577255
run-010,0.275,0.848903272628,-0.28110223368,0.428390070219
run-010,0.3,0.841568376638,-0.305554527187,0.428388457379
run-010,0.325,0.833625546269,-0.329726644023,0.428386747947
run-010,0.35,0.825082044437,-0.353598227523,0.428384951508
run-010,0.375,0.815945634893,-0.377149584461,0.428383077925
run-010,0.4,0.806224565214,-0.400361716288,0.428381137255
run-010,0.425,0.795927549078,-0.423216346536,0.428379139656
run-010,0.45,0.785063747887,-0.445695944311,0.428377095303
run-010,0.475,0.773642751863,-0.467783743814,0.428375014306
run-010,0.5,0.761674560697,-0.489463759859,0.428372906624
run-010,0.525,0.74916956387,-0.5107207994,0.428370781998
run-010,0.55,0.736138520727,-0.531540469099,0.428368649876
run-010,0.575,0.722592540415,-0.551909178981,0.428366519352
run-010,0.6,0.708543061778,-0.571814142281,0.428364399105
run-010,0.625,0.694001833301,-0.591243371584,0.428362297355
run-010,0.65,0.678980893198,-0.610185671391,0.428360221817
run-010,0.675,0.663492549731,-0.628630627273,0.428358179663
run-010,0.7,0.647549361835,-0.646568591788,0.4283561775
run-010,0.725,0.631164120142,-0.663990667343,0.428354221347
run-010,0.75,0.614349828468,-0.680888686231,0.428352316622
run-010,0.775,0.59711968583,-0.697255188036,0.428350468134
run-010,0.8,0.579487069066,-0.713083394661,0.428348680092
run-010,0.825,0.561465516097,-0.728367183211,0.428346956102
run-010,0.85,0.543068709905,-0.743101056978,0.428345299189
run-010,0.875,0.524310463248,-0.757280114781,0.428343711812
run-010,0.9,0.505204704166,-0.770900018916,0.42834219589
run-010,0.925,0.485765462302,-0.783956961979,0.428340752827
run-010,0.95,0.466006856067,-0.796447632806,0.428339383549
run-010,0.975,0.445943080662,-0.80836918179,0.428338088539
run-010,1,0.425588396978,-0.819719185825,0.428336867871
run-010,1.025,0.404957121371,-0.830495613117,0.428335721257
run-010,1.05,0.384063616322,-0.840696788104,0.428334648082
run-010,1.075,0.362922281966,-0.850321356707,0.428333647454
run-010,1.1,0.341547548486,-0.859368252148,0.428332718243
run-010,1.125,0.319953869358,-0.86783666153,0.428331859125
run-010,1.15,0.29815571541,-0.875725993394,0.428331068626
run-010,1.175,0.276167569689,-0.883035846435,0.428330345166
run-010,1.2,0.254003923088,-0.889765979566,0.428329687097
run-010,1.225,0.23167927071,-0.895916283493,0.428329092741
run-010,1.25,0.209208108914,-0.901486753953,0.428328560432
run-010,1.275,0.186604933013,-0.906477466777,0.428328088547
run-010,1.3,0.163884235575,-0.910888554885,0.42832767554
run-010,1.325,0.141060505268,-0.914720187359,0.428327319971
run-010,1.35,0.118148226207,-0.917972550675,0.428327020531
run-010,1.375,0.0951618777346,-0.920645832215,0.428326776071
run-010,1.4,0.0721159345961,-0.922740206122,0.428326585613
run-010,1.425,0.0490248674285,-0.924255821573,0.428326448377
run-010,1.45,0.0259031435174,-0.925192793533,0.428326363786
run-010,1.475,0.00276522775183,-0.925551196028,0.42832633148
run-010,1.5,-0.020374416284,-0.925331057971,0.42832635132
run-010,1.525,-0.0435013251467,-0.924532361563,0.428326423391
run-010,1.55,-0.0666010343622,-0.923155043277,0.428326548001
run-010,1.575,-0.0896590773106,-0.921198997417,0.428326725676
run-010,1.6,-0.112660984233,-0.918664082233,0.428326957149
run-010,1.625,-0.135592281422,-0.915550128576,0.428327243351
run-010,1.65,-0.158438490662,-0.911856951032,0.428327585392
run-010,1.675,-0.181185128974,-0.907584361494,0.428327984546
run-010,1.7,-0.203817708737,-0.902732185102,0.428328442223
run-010,1.725,-0.226321738229,-0.897300278469,0.428328959946
run-010,1.75,-0.24868272266,-0.891288550106,0.428329539323
run-010,1.775,-0.270886165734,-0.884696982937,0.428330182013
run-010,1.8,-0.292917571807,-0.877525658786,0.428330889694
run-010,1.825,-0.314762448674,-0.86977478472,0.428331664024
run-010,1.85,-0.336406311043,-0.861444721085,0.428332506604
run-010,1.875,-0.357834684728,-0.852536011099,0.428333418938
run-010,1.9,-0.379033111598,-0.843049411829,0.428334402387
run-010,1.925,-0.399987155319,-0.832985926373,0.428335458133
run-010,1.95,-0.420682407916,-0.822346837064,0.42833658713
run-010,1.975,-0.441104497172,-0.811133739493,0.42833779006
run-010,2,-0.461239094891,-0.799348577137,0.428339067296
run-010,2.025,-0.481071926029,-0.786993676385,0.428340418852
run-010,2.05,-0.50058877871,-0.774071781719,0.428341844349
run-010,2.075,-0.519775515115,-0.760586090824,0.428343342968
run-010,2.1,-0.538618083252,-0.746540289386,0.428344913423
run-010,2.125,-0.557102529585,-0.731938585318,0.428346553921
run-010,2.15,-0.575215012517,-0.716785742177,0.428348262133
run-010,2.175,-0.592941816693,-0.701087111504,0.428350035174
run-010,2.2,-0.610269368093,-0.684848663838,0.428351869575
run-010,2.225,-0.627184249885,-0.668077018151,0.428353761276
run-010,2.25,-0.643673219,-0.650779469437,0.428355705608
run-010,2.275,-0.659723223357,-0.632964014225,0.4283576973
run-010,2.3,-0.675321419711,-0.614639373753,0.428359730475
run-010,2.325,-0.690455192045,-0.595815014594,0.428361798667
run-010,2.35,-0.705112170441,-0.576501166476,0.428363894834
run-010,2.375,-0.719280250369,-0.556708837123,0.428366011389
run-010,2.4,-0.732947612297,-0.536449823886,0.428368140231
run-010,2.425,-0.746102741563,-0.515736722008,0.428370272783
run-010,2.45,-0.758734448398,-0.494582929352,0.428372400047
run-010,2.475,-0.770831888031,-0.473002647451,0.428374512654
run-010,2.5,-0.78238458077,-0.45101087877,0.428376600928
run-010,2.525,-0.793382431969,-0.428623420084,0.428378654953
run-010,2.55,-0.803815751774,-0.405856851897,0.42838066465
run-010,2.575,-0.813675274564,-0.382728523881,0.428382619851
run-010,2.6,-0.822952177968,-0.359256536308,0.428384510386
run-010,2.625,-0.831638101379,-0.335459717506,0.428386326167
run-010,2.65,-0.839725163844,-0.311357597381,0.428388057276
run-010,2.675,-0.847205981248,-0.286970377085,0.428389694054
run-010,2.7,-0.854073682698,-0.262318894947,0.428391227191
run-010,2.725,-0.860321925996,-0.237424588805,0.428392647811
run-010,2.75,-0.865944912138,-0.212309454898,0.428393947563
run-010,2.775,-0.870937398741,-0.186996003537,0.428395118697
run-010,2.8,-0.875294712315,-0.161507211767,0.428396154143
run-010,2.825,-0.879012759329,-0.135866473275,0.428397047585
run-010,2.85,-0.882088035979,-0.110097545822,0.428397793522
run-010,2.875,-0.88451763662,-0.0842244964922,0.428398387325
run-010,2.9,-0.886299260803,-0.0582716450878,0.428398825287
run-010,2.925,-0.887431218874,-0.0322635059865,0.428399104663
run-010,2.95,-0.887912436103,-0.00622472882224,0.428399223694
run-010,2.975,-0.887742455316,0.0198199616588,0.428399181631
run-010,3,-0.88692143802,0.0458458262004,0.428398978738
run-010,3.025,-0.885450164006,0.0718281717266,0.428398616293
run-010,3.05,-0.883330029433,0.0977424117512,0.428398096573
run-010,3.075,-0.880563043418,0.123564126136,0.428397422831
run-010,3.1,-0.877151823127,0.14926911984,0.428396599259
run-010,3.125,-0.873099587426,0.1748334803,0.428395630948
run-010,3.15,-0.868410149112,0.200233633114,0.428394523832
run-010,3.175,-0.86308790577,0.225446395684,0.428393284629
run-010,3.2,-0.857137829327,0.250449028531,0.428391920773
run-010,3.225,-0.850565454344,0.275219283982,0.42839044034
run-010,3.25,-0.843376865128,0.299735451967,0.428388851963
run-010,3.275,-0.835578681745,0.323976402693,0.428387164756
run-010,3.3,-0.827178044994,0.347921625978,0.428385388222
run-010,3.325,-0.818182600447,0.371551267061,0.428383532167
run-010,3.35,-0.808600481641,0.394846158738,0.428381606609
run-010,3.375,-0.79844029251,0.417787849688,0.428379621689
run-010,3.4,-0.787711089156,0.44035862891,0.428377587587
run-010,3.425,-0.776422361064,0.462541546195,0.428375514434
run-010,3.45,-0.764584011847,0.484320428603,0.428373412234
run-010,3.475,-0.752206339634,0.505679892942,0.428371290787
run-010,3.5,-0.739300017199,0.526605354275,0.428369159615
run-010,3.525,-0.72587607192,0.547083030507,0.428367027903
run-010,3.55,-0.711945865674,0.567099943131,0.428364904435
run-010,3.575,-0.697521074764,0.586643914241,0.428362797543
run-010,3.6,-0.682613669962,0.605703559941,0.428360715067
run-010,3.625,-0.667235896767,0.6242682803,0.428358664312
run-010,3.65,-0.651400255947,0.642328246023,0.428356652023
run-010,3.675,-0.635119484466,0.659874382026,0.428354684359
run-010,3.7,-0.618406536846,0.676898348128,0.428352766882
run-010,3.725,-0.601274567059,0.693392517065,0.42835090455
run-010,3.75,-0.583736910993,0.709349950064,0.428349101712
run-010,3.775,-0.565807069556,0.724764370219,0.428347362117
run-010,3.8,-0.547498692482,0.739630133899,0.42834568893
run-010,3.825,-0.528825562861,0.753942200468,0.42834408474
run-010,3.85,-0.509801582458,0.767696100537,0.428342551594
run-010,3.875,-0.490440757834,0.780887903037,0.428341091017
run-010,3.9,-0.470757187306,0.793514181342,0.428339704046
run-010,3.925,-0.450765048767,0.805571978718,0.428338391265
run-010,3.95,-0.43047858837,0.81705877333,0.428337152844
run-010,3.975,-0.4099121101,0.827972443063,0.428335988576
run-010,4,-0.389079966217,0.838311230395,0.428334897922
run-010,4.025,-0.367996548581,0.848073707552,0.428333880051
run-010,4.05,-0.34667628084,0.857258742165,0.428332933886
run-010,4.075,-0.325133611472,0.865865463654,0.428332058145
run-010,4.1,-0.303383007657,0.87389323053,0.428331251388
run-010,4.125,-0.281438949946,0.88134159882,0.428330512055
run-010,4.15,-0.259315927716,0.88821029179,0.42832983851
run-010,4.175,-0.237028435356,0.894499171149,0.42832922908
run-010,4.2,-0.214590969159,0.900208209871,0.428328682092
run-010,4.225,-0.192018024863,0.905337466812,0.428328195911
run-010,4.25,-0.169324095818,0.909887063232,0.428327768968
run-010,4.275,-0.146523671701,0.913857161359,0.428327399796
run-010,4.3,-0.12363123775,0.9172479451,0.428327087054
run-010,4.325,-0.100661274446,0.920059602996,0.428326829549
run-010,4.35,-0.0776282576002,0.922292313511,0.428326626264
run-010,4.375,-0.0545466587707,0.923946232725,0.428326476369
run-010,4.4,-0.031430945964,0.925021484484,0.428326379238
run-010,4.425,-0.0082955845465,0.925518153075,0.428326334457
run-010,4.45,0.0148449616898,0.925436278434,0.428326341836
run-010,4.475,0.0379762293752,0.924775853934,0.428326401405
run-010,4.5,0.0610837543865,0.92353682675,0.428326513419
run-010,4.525,0.0841530707127,0.921719100801,0.428326678353
run-010,4.55,0.107169709427,0.919322542263,0.428326896891
run-010,4.575,0.130119197826,0.916346987614,0.428327169919
run-010,4.6,0.152987058807,0.912792254184,0.428327498506
run-010,4.625,0.175758810535,0.908658153148,0.428327883887
run-010,4.65,0.198419966465,0.903944504906,0.428328327443
run-010,4.675,0.22095603578,0.898651156774,0.428328830672
run-010,4.7,0.243352524303,0.89277800289,0.428329395165
run-010,4.725,0.265594935925,0.886325006237,0.428330022571
run-010,4.75,0.287668774615,0.879292222677,0.428330714568
run-010,4.775,0.309559547059,0.871679826857,0.428331472821
run-010,4.8,0.331252765958,0.863488139856,0.42833229895
run-010,4.825,0.352733954052,0.85471765842,0.428333194483
run-010,4.85,0.373988648879,0.845369085625,0.428334160822
run-010,4.875,0.395002408333,0.835443362786,0.428335199194
run-010,4.9,0.415760817018,0.824941702437,0.428336310612
run-010,4.925,0.436249493455,0.813865622174,0.428337495827
run-010,4.95,0.456454098127,0.80221697916,0.428338755289
run-010,4.975,0.476360342413,0.789998005076,0.428340089103
run-010,5,0.495953998381,0.777211341285,0.428341496986
run-010,5.025,0.515220909477,0.763860073983,0.428342978229
run-010,5.05,0.53414700208,0.749947769093,0.42834453166
run-010,5.075,0.552718297932,0.735478506648,0.428346155609
run-010,5.1,0.570920927412,0.720456914428,0.42834784788
run-010,5.125,0.588741143653,0.704888200579,0.428349605721
run-010,5.15,0.606165337441,0.68877818497,0.428351425805
run-010,5.175,0.623180052901,0.672133329021,0.428353304213
run-010,5.2,0.639772003892,0.654960763764,0.428355236423
run-010,5.225,0.65592809109,0.637268315871,0.428357217309
run-010,5.25,0.671635419686,0.61906453141,0.428359241136
run-010,5.275,0.68688131766,0.600358697099,0.428361301579
run-010,5.3,0.701653354541,0.581160858817,0.42836339173
run-010,5.325,0.715939360601,0.561481837177,0.428365504131
run-010,5.35,0.7297274464,0.541333239937,0.428367630799
run-010,5.375,0.743006022598,0.52072747109,0.428369763267
run-010,5.4,0.755763819954,0.499677736447,0.428371892634
run-010,5.425,0.76798990942,0.47819804558,0.428374009614
run-010,5.45,0.779673722233,0.456303209998,0.428376104597
run-010,5.475,0.79080506992,0.434008837457,0.428378167719
run-010,5.5,0.801374164106,0.411331322335,0.428380188932
run-010,5.525,0.811371636037,0.388287832022,0.428382158083
run-010,5.55,0.820788555707,0.364896289307,0.428384064994
run-010,5.575,0.829616450502,0.341175350783,0.428385899551
run-010,5.6,0.837847323246,0.317144381305,0.428387651785
run-010,5.625,0.845473669567,0.292823424564,0.428389311967
run-010,5.65,0.852488494475,0.268233169907,0.428390870698
run-010,5.675,0.858885328063,0.243394915507,0.428392318989
run-010,5.7,0.86465824025,0.218330528066,0.428393648355
run-010,5.725,0.869801854466,0.193062399237,0.428394850897
run-010,5.75,0.874311360212,0.167613398977,0.428395919375
run-010,5.775,0.878182524415,0.142006826092,0.428396847286
run-010,5.8,0.881411701516,0.116266356236,0.428397628928
run-010,5.825,0.883995842227,0.0904159876539,0.428398259461
run-010,5.85,0.885932500899,0.0644799849854,0.428398734954
run-010,5.875,0.887219841476,0.0384828214635,0.428399052428
run-010,5.9,0.887856641972,0.012449119842,0.428399209885
run-010,5.925,0.887842297468,-0.0135964075838,0.428399206336
run-010,5.95,0.887176821593,-0.0396290195038,0.4283990418
run-010,5.975,0.885860846493,-0.0656240062956,0.428398717316
run-010,6,0.883895621278,-0.0915567505346,0.428398234924
run-010,6.025,0.881283008966,-0.117402786941,0.428397597644
run-010,6.05,0.878025481931,-0.143137861404,0.42839680945
run-010,6.075,0.874126115896,-0.16873798872,0.42839587522
run-010,6.1,0.869588582495,-0.194179508709,0.428394800694
run-010,6.125,0.86441714046,-0.219439140379,0.428393592408
run-010,6.15,0.858616625476,-0.244494033822,0.428392257631
run-010,6.175,0.852192438769,-0.269321819551,0.428390804292
run-010,6.2,0.845150534499,-0.293900655015,0.4283892409
run-010,6.225,0.837497406019,-0.318209268037,0.428387576462
run-010,6.25,0.829240071097,-0.342226996965,0.428385820394
run-010,6.275,0.82038605617,-0.365933827338,0.428383982439
run-010,6.3,0.81094337973,-0.389310424913,0.428382072572
run-010,6.325,0.800920534925,-0.412338164915,0.428380100913
run-010,6.35,0.790326471484,-0.434999157403,0.428378077641
run-010,6.375,0.779170577054,-0.457276268702,0.428376012905
run-010,6.4,0.767462658049,-0.479153138829,0.428373916747
run-010,6.425,0.755212920113,-0.500614194931,0.428371799021
run-010,6.45,0.742431948303,-0.521644660735,0.428369669325
run-010,6.475,0.729130687076,-0.542230562067,0.428367536927
run-010,6.5,0.715320420199,-0.562358728506,0.428365410713
run-010,6.525,0.701012750651,-0.582016791281,0.428363299128
run-010,6.55,0.686219580635,-0.601193177523,0.428361210132
run-010,6.575,0.670953091775,-0.619877101036,0.428359151162
run-010,6.6,0.655225725583,-0.638058549733,0.428357129097
run-010,6.625,0.639050164288,-0.655728269935,0.428355150239
run-010,6.65,0.622439312087,-0.672877747732,0.428353220295
run-010,6.675,0.605406276902,-0.689499187615,0.428351344366
run-010,6.7,0.587964352706,-0.705585488614,0.428349526946
run-010,6.725,0.570127002471,-0.721130218174,0.428347771928
run-010,6.75,0.551907841797,-0.736127584017,0.428346082613
run-010,6.775,0.53332062327,-0.750572404232,0.428344461728
run-010,6.8,0.514379221586,-0.764460075866,0.428342911446
run-010,6.825,0.495097619477,-0.777786542247,0.428341433413
run-010,6.85,0.475489894473,-0.790548259315,0.428340028782
run-010,6.875,0.455570206511,-0.802742161207,0.42833869824
run-010,6.9,0.435352786413,-0.814365625348,0.428337442054
run-010,6.925,0.414851925244,-0.825416437298,0.428336260101
run-010,6.95,0.394081964548,-0.835892755583,0.42833515192
run-010,6.975,0.373057287464,-0.84579307677,0.428334116744
run-010,7,0.351792310709,-0.85511620098,0.428333153551
run-010,7.025,0.330301477415,-0.863861198079,0.428332261106
run-010,7.05,0.308599250805,-0.872027374746,0.428331438001
run-010,7.075,0.286700108678,-0.879614242608,0.428330682701
run-010,7.1,0.264618538675,-0.886621487641,0.428329993585
run-010,7.125,0.242369034296,-0.893048941002,0.428329368985
run-010,7.15,0.219966091625,-0.898896551453,0.428328807225
run-010,7.175,0.197424206723,-0.904164359533,0.428328306658
run-010,7.2,0.174757873648,-0.908852473617,0.428327865695
run-010,7.225,0.151981583043,-0.912961047979,0.428327482844
run-010,7.25,0.129109821249,-0.916490262979,0.42832715673
run-010,7.275,0.106157069894,-0.919440307479,0.428326886124
run-010,7.3,0.0831378058754,-0.921811363561,0.428326669964
run-010,7.325,0.0600665017156,-0.923603593642,0.428326507374
run-010,7.35,0.0369576261933,-0.924817130036,0.428326397679
run-010,7.375,0.0138256452138,-0.925452067014,0.428326340413
run-010,7.4,-0.00931497715742,-0.92550845541,0.428326335331
run-010,7.425,-0.0324497775567,-0.924986299788,0.428326382412
run-010,7.45,-0.0555642921468,-0.923885558192,0.428326481858
run-010,7.475,-0.0786440554663,-0.922206144476,0.42832663409
run-010,7.5,-0.101674599371,-0.919947933196,0.428326839745
run-010,7.525,-0.124641452126,-0.917110767065,0.428327099659
run-010,7.55,-0.147530137724,-0.913694466895,0.428327414862
run-010,7.575,-0.170326175471,-0.909698844023,0.42832778655
run-010,7.6,-0.193015079925,-0.905123715122,0.42832821607
run-010,7.625,-0.215582361227,-0.899968919346,0.428328704897
run-010,7.65,-0.238013525892,-0.894234337717,0.4283292546
run-010,7.675,-0.260294078113,-0.887919914655,0.428329866819
run-010,7.7,-0.282409521625,-0.881025681537,0.428330543227
run-010,7.725,-0.30434536219,-0.87355178217,0.428331285496
run-010,7.75,-0.326087110733,-0.865498500037,0.42833209526
run-010,7.775,-0.347620287192,-0.856866287164,0.428332974074
run-010,7.8,-0.368930425092,-0.847655794459,0.428333923372
run-010,7.825,-0.390003076914,-0.837867903339,0.428334944429
run-010,7.85,-0.410823820259,-0.827503758471,0.42833603831
run-010,7.875,-0.431378264838,-0.81656480143,0.428337205836
run-010,7.9,-0.45165206033,-0.805052805062,0.428338447531
run-010,7.925,-0.471630905091,-0.792969908348,0.428339763586
run-010,7.95,-0.491300555748,-0.780318651543,0.428341153816
run-010,7.975,-0.510646837668,-0.767102011346,0.428342617615
run-010,8,-0.529655656315,-0.753323435882,0.428344153926
run-010,8.025,-0.548313009462,-0.738986879228,0.428345761202
run-010,8.05,-0.566605000276,-0.72409683525,0.428347437374
run-010,8.075,-0.584517851225,-0.708658370493,0.428349179825
run-010,8.1,-0.602037918801,-0.692677155855,0.428350985368
run-010,8.125,-0.619151709018,-0.676159496813,0.428352850226
run-010,8.15,-0.635845893642,-0.659112361924,0.428354770022
run-010,8.175,-0.652107327114,-0.641543409362,0.428356739773
run-010,8.2,-0.66792306411,-0.623461011237,0.428358753891
run-010,8.225,-0.683280377676,-0.604874275471,0.42836080619
run-010,8.25,-0.698166777883,-0.585793064986,0.428362889899
run-010,8.275,-0.712570030925,-0.56622801399,0.42836499769
run-010,8.3,-0.726478178583,-0.546190541172,0.4283671217
run-010,8.325,-0.739879557984,-0.525692859593,0.428369253577
run-010,8.35,-0.752762821562,-0.504747983124,0.428371384516
run-010,8.375,-0.76511695714,-0.483369729271,0.428373505318
run-010,8.4,-0.776931308026,-0.461572718263,0.428375606447
run-010,8.425,-0.788195593053,-0.439372368288,0.428377678091
run-010,8.45,-0.79889992644,-0.416784886821,0.428379710241
run-010,8.475,-0.809034837394,-0.393827257962,0.42838169276
run-010,8.5,-0.818591289338,-0.370517225785,0.428383615469
run-010,8.525,-0.827560698683,-0.34687327369,0.428385468231
run-010,8.55,-0.835934953023,-0.322914599797,0.428387241034
run-010,8.575,-0.843706428673,-0.298661088442,0.428388924084
run-010,8.6,-0.850868007445,-0.274133277884,0.428390507895
run-010,8.625,-0.857413092567,-0.249352324332,0.428391983371
run-010,8.65,-0.863335623662,-0.224339962461,0.428393341901
run-010,8.675,-0.86863009069,-0.199118462596,0.428394575436
run-010,8.7,-0.873291546791,-0.173710584783,0.428395676574
run-010,8.725,-0.877315619929,-0.148139529976,0.428396638628
run-010,8.75,-0.88069852329,-0.122428888623,0.4283974557
run-010,8.775,-0.88343706436,-0.0966025869143,0.428398122739
run-010,8.8,-0.885528652636,-0.0706848310282,0.428398635592
run-010,8.825,-0.886971305912,-0.0447000496761,0.428398991048
run-010,8.85,-0.88776365512,-0.0186728353044,0.428399186876
run-010,8.875,-0.887904947677,0.00737211570143,0.428399221841
run-010,8.9,-0.887395049335,0.0334100634457,0.428399095723
run-010,8.925,-0.886234444505,0.0594162852171,0.428398809316
run-010,8.95,-0.884424235074,0.0853661360785,0.428398364423
run-010,8.975,-0.881966137701,0.111235108982,0.428397763834
run-011,0,0.951724137931,0,0.498013358719
run-011,0.025,0.951367458092,-0.0285272642899,0.498013257126
run-011,0.05,0.950297774717,-0.0570260562567,0.498012953037
run-011,0.075,0.948516155279,-0.0854679797918,0.498012448514
run-011,0.1,0.946024375727,-0.113824790722,0.498011746967
run-011,0.125,0.942824915743,-0.142068471547,0.498010853118
run-011,0.15,0.93892095215,-0.170171304723,0.498009772944
run-011,0.175,0.934316350507,-0.198105944009,0.498008513615
run-011,0.2,0.929015654949,-0.225845483451,0.49800708341
run-011,0.225,0.923024076334,-0.25336352356,0.498005491632
run-011,0.25,0.916347478771,-0.280634234304,0.498003748502
run-011,0.275,0.908992364619,-0.307632414526,0.498001865052
run-011,0.3,0.900965858045,-0.334333547466,0.497999853013
run-011,0.325,0.892275687246,-0.360713852083,0.497997724687
run-011,0.35,0.882930165441,-0.38675032991,0.497995492831
run-011,0.375,0.87293817075,-0.412420807225,0.497993170524
run-011,0.4,0.862309125079,-0.437703972345,0.497990771047
run-011,0.425,0.851052972133,-0.462579407914,0.497988307756
run-011,0.45,0.839180154684,-0.487027618073,0.497985793965
run-011,0.475,0.826701591229,-0.511030050459,0.497983242827
run-011,0.5,0.813628652161,-0.534569113021,0.497980667229
run-011,0.525,0.799973135578,-0.557628185658,0.497978079688
run-011,0.55,0.785747242878,-0.580191626761,0.497975492255
run-011,0.575,0.77096355424,-0.60224477474,0.497972916439
run-011,0.6,0.755635004141,-0.62377394468,0.497970363124
run-011,0.625,0.739774857006,-0.644766420282,0.497967842513
run-011,0.65,0.723396683127,-0.665210441289,0.49796536407
run-011,0.675,0.706514334942,-0.68509518662,0.497962936482
run-011,0.7,0.689141923796,-0.704410753451,0.497960567624
run-011,0.725,0.671293797269,-0.72314813252,0.497958264544
run-011,0.75,0.65298451717,-0.741299179937,0.497956033448
run-011,0.775,0.634228838272,-0.758856585795,0.497953879702
run-011,0.8,0.61504168788,-0.775813839912,0.497951807845
run-011,0.825,0.595438146277,-0.792165195006,0.497949821602
run-011,0.85,0.57543342813,-0.807905627647,0.497947923913
run-011,0.875,0.555042864894,-0.823030797319,0.497946116966
run-011,0.9,0.534281888264,-0.837537003915,0.497944402238
run-011,0.925,0.513166014699,-0.851421144016,0.497942780539
run-011,0.95,0.491710831063,-0.864680666266,0.497941252064
run-011,0.975,0.469931981385,-0.877313526184,0.497939816447
run-011,1,0.447845154754,-0.889318140717,0.497938472815
run-011,1.025,0.425466074349,-0.900693342858,0.497937219855
run-011,1.05,0.402810487611,-0.911438336607,0.497936055865
run-011,1.075,0.379894157519,-0.921552652587,0.497934978824
run-011,1.1,0.356732854981,-0.931036104564,0.49793398645
run-011,1.125,0.333342352291,-0.939888747149,0.497933076261
run-011,1.15,0.309738417624,-0.948110834928,0.497932245633
run-011,1.175,0.285936810544,-0.955702783239,0.497931491863
run-011,1.2,0.261953278462,-0.962665130821,0.497930812217
run-011,1.225,0.237803554003,-0.968998504546,0.497930203991
run-011,1.25,0.213503353235,-0.974703586398,0.497929664553
run-011,1.275,0.189068374683,-0.979781082884,0.497929191393
run-011,1.3,0.164514299091,-0.984231697026,0.497928782165
run-011,1.325,0.139856789832,-0.988056103077,0.497928434725
run-011,1.35,0.115111493937,-0.991254924074,0.497928147162
run-011,1.375,0.0902940436284,-0.99382871234,0.497927917833
run-011,1.4,0.0654200583197,-0.995777933033,0.497927745384
run-011,1.425,0.0405051469767,-0.997102950807,0.497927628768
run-011,1.45,0.0155649107793,-0.997804019651,0.497927567268
run-011,1.475,-0.00938505400584,-0.997881275958,0.4979275605
run-011,1.5,-0.0343291530186,-0.997334734841,0.49792760842
run-011,1.525,-0.0592517907479,-0.996164289734,0.497927711329
run-011,1.55,-0.0841373675053,-0.994369715256,0.497927869863
run-011,1.575,-0.108970276511,-0.991950673344,0.497928084989
run-011,1.6,-0.133734901172,-0.988906722613,0.497928357984
run-011,1.625,-0.158415612641,-0.985237330917,0.497928690425
run-011,1.65,-0.182996767718,-0.980941891037,0.497929084157
run-011,1.675,-0.207462707193,-0.976019739426,0.497929541269
run-011,1.7,-0.23179775469,-0.970470177941,0.497930064062
run-011,1.725,-0.25598621609,-0.96429249843,0.497930655008
run-011,1.75,-0.280012379611,-0.957486010085,0.497931316712
run-011,1.775,-0.303860516594,-0.950050069397,0.497932051867
run-011,1.8,-0.327514883081,-0.941984112592,0.497932863203
run-011,1.825,-0.350959722224,-0.933287690364,0.497933753437
run-011,1.85,-0.374179267599,-0.923960504724,0.497934725216
run-011,1.875,-0.39715774746,-0.914002447778,0.497935781063
run-011,1.9,-0.419879389988,-0.903413642211,0.497936923316
run-011,1.925,-0.442328429571,-0.892194483257,0.497938154066
run-011,1.95,-0.464489114151,-0.880345681905,0.4979394751
run-011,1.975,-0.486345713666,-0.867868309088,0.497940887833
run-011,2,-0.507882529605,-0.854763840582,0.497942393252
run-011,2.025,-0.529083905695,-0.841034202335,0.497943991854
run-011,2.05,-0.549934239722,-0.826681815923,0.497945683589
run-011,2.075,-0.570417996491,-0.811709643834,0.497947467805
run-011,2.1,-0.590519721914,-0.796121234258,0.497949343192
run-011,2.125,-0.610224058204,-0.779920765069,0.497951307745
run-011,2.15,-0.629515760167,-0.763113086656,0.497953358711
run-011,2.175,-0.648379712537,-0.745703763283,0.497955492563
run-011,2.2,-0.666800948331,-0.72769911264,0.497957704968
run-011,2.225,-0.684764668169,-0.709106243242,0.497959990763
run-011,2.25,-0.702256260493,-0.689933089358,0.497962343952
run-011,2.275,-0.719261322637,-0.670188443141,0.497964757694
run-011,2.3,-0.735765682651,-0.649881983635,0.497967224319
run-011,2.325,-0.751755421819,-0.629024302368,0.497969735337
run-011,2.35,-0.767216897769,-0.607626925228,0.497972281473
run-011,2.375,-0.78213676808,-0.585702330358,0.497974852705
run-011,2.4,-0.796502014287,-0.563263961816,0.497977438309
run-011,2.425,-0.810299966171,-0.54032623877,0.497980026927
run-011,2.45,-0.823518326225,-0.516904560027,0.497982606633
run-011,2.475,-0.836145194172,-0.493015303726,0.497985165018
run-011,2.5,-0.848169091412,-0.468675822052,0.497987689276
run-011,2.525,-0.859578985275,-0.443904430861,0.497990166312
run-011,2.55,-0.870364312955,-0.418720394153,0.497992582841
run-011,2.575,-0.880515004982,-0.393143903362,0.497994925506
run-011,2.6,-0.890021508123,-0.367196051453,0.497997180996
run-011,2.625,-0.898874807555,-0.340898801903,0.497999336169
run-011,2.65,-0.907066448218,-0.314274952633,0.498001378179
run-011,2.675,-0.914588555187,-0.287348095023,0.498003294598
run-011,2.7,-0.921433852969,-0.260142568209,0.498005073542
run-011,2.725,-0.927595683597,-0.232683408836,0.498006703796
run-011,2.75,-0.933068023411,-0.204996296554,0.498008174927
run-011,2.775,-0.937845498425,-0.177107495531,0.498009477395
run-011,2.8,-0.941923398187,-0.149043792318,0.498010602659
run-011,2.825,-0.945297688041,-0.120832430422,0.498011543265
run-011,2.85,-0.947965019709,-0.0925010419793,0.498012292935
run-011,2.875,-0.94992274014,-0.0640775769494,0.498012846631
run-011,2.9,-0.951168898556,-0.0355902302736,0.498013200613
run-011,2.925,-0.951702251653,-0.00706736745129,0.498013352482
run-011,2.95,-0.951522266929,0.0214625509826,0.498013301208
run-011,2.975,-0.950629124104,0.0499710455957,0.498013047138
run-011,3,-0.949023714649,0.078429694318,0.498012591997
run-011,3.025,-0.946707639388,0.106810208332,0.498011938864
run-011,3.05,-0.943683204232,0.135084507097,0.498011092139
run-011,3.075,-0.939953414034,0.16322479204,0.498010057495
run-011,3.1,-0.93552196463,0.191203618421,0.498008841813
run-011,3.125,-0.930393233112,0.218993964943,0.498007453106
run-011,3.15,-0.924572266383,0.246569300667,0.498005900431
run-011,3.175,-0.918064768079,0.273903648824,0.498004193793
run-011,3.2,-0.910877083942,0.300971647153,0.498002344033
run-011,3.225,-0.903016185722,0.32774860442,0.498000362719
run-011,3.25,-0.894489653721,0.3542105528,0.497998262025
run-011,3.275,-0.885305658081,0.380334295869,0.497996054605
run-011,3.3,-0.875472938927,0.406097451945,0.497993753471
run-011,3.325,-0.865000785484,0.431478492613,0.497991371866
run-011,3.35,-0.853899014297,0.456456776259,0.497988923137
run-011,3.375,-0.842177946671,0.481012576517,0.497986420622
run-011,3.4,-0.829848385471,0.50512710555,0.497983877522
run-011,3.425,-0.816921591394,0.528782532151,0.497981306801
run-011,3.45,-0.803409258863,0.55196199466,0.497978721075
run-011,3.475,-0.789323491661,0.574649608758,0.497976132521
run-011,3.5,-0.774676778425,0.596830470229,0.497973552788
run-011,3.525,-0.759481968149,0.618490652804,0.497970992922
run-011,3.55,-0.743752245785,0.639617201255,0.497968463299
run-011,3.575,-0.727501108087,0.660198119923,0.497965973571
run-011,3.6,-0.710742339789,0.680222356885,0.49796353262
run-011,3.625,-0.693489990242,0.699679784023,0.497961148526
run-011,3.65,-0.675758350588,0.718561173235,0.497958828541
run-011,3.675,-0.657561931581,0.736858169081,0.497956579082
run-011,3.7,-0.638915442134,0.754563258161,0.497954405722
run-011,3.725,-0.619833768673,0.771669735537,0.497952313202
run-011,3.75,-0.600331955357,0.788171668512,0.497950305449
run-011,3.775,-0.580425185247,0.804063858105,0.497948385592
run-011,3.8,-0.560128762452,0.819341798544,0.497946556004
run-011,3.825,-0.53945809532,0.834001635124,0.497944818332
run-011,3.85,-0.518428680696,0.848040120755,0.497943173549
run-011,3.875,-0.497056089282,0.861454571526,0.497941621996
run-011,3.9,-0.475355952119,0.874242821631,0.49794016344
run-011,3.925,-0.4533439482,0.886403177959,0.49793879713
run-011,3.95,-0.431035793221,0.89793437466,0.497937521854
run-011,3.975,-0.408447229467,0.908835528002,0.497936336003
run-011,4,-0.385594016821,0.919106091792,0.497935237628
run-011,4.025,-0.362491924878,0.928745813652,0.497934224507
run-011,4.05,-0.339156726139,0.937754692404,0.4979332942
run-011,4.075,-0.315604190258,0.946132936821,0.497932444115
run-011,4.1,-0.291850079298,0.953880925978,0.497931671561
run-011,4.125,-0.267910143959,0.960999171418,0.497930973809
run-011,4.15,-0.243800120727,0.96748828135,0.497930348141
run-011,4.175,-0.219535729891,0.973348927052,0.497929791903
run-011,4.2,-0.195132674374,0.978581811668,0.497929302551
run-011,4.225,-0.170606639308,0.983187641549,0.497928877696
run-011,4.25,-0.145973292297,0.987167100277,0.497928515138
run-011,4.275,-0.121248284294,0.990520825507,0.497928212907
run-011,4.3,-0.0964472510214,0.99324938873,0.497927969292
run-011,4.325,-0.0715858148575,0.995353278062,0.497927782862
run-011,4.35,-0.0466795871183,0.99683288412,0.497927652497
run-011,4.375,-0.0217441706515,0.997688489078,0.497927577393
run-011,4.4,0.00320483733561,0.997920258926,0.497927557085
run-011,4.425,0.0281518422948,0.997528238985,0.497927591444
run-011,4.45,0.0530812492849,0.996512352687,0.497927680686
run-011,4.475,0.0779774599292,0.994872403638,0.497927825364
run-011,4.5,0.102824869467,0.992608080936,0.497928026365
run-011,4.525,0.127607863976,0.989718967745,0.49792828489
run-011,4.55,0.152310817854,0.986204553058,0.497928602444
run-011,4.575,0.176918091629,0.982064246622,0.497928980808
run-011,4.6,0.201414030185,0.977297396932,0.497929422014
run-011,4.625,0.225782961476,0.971903312233,0.497929928313
run-011,4.65,0.250009195797,0.965881284409,0.497930502139
run-011,4.675,0.274077025696,0.959230615661,0.497931146068
run-011,4.7,0.29797072658,0.951950647837,0.497931862776
run-011,4.725,0.321674558088,0.944040794262,0.497932654987
run-011,4.75,0.345172766293,0.935500573922,0.497933525427
run-011,4.775,0.368449586784,0.926329647804,0.497934476766
run-011,4.8,0.391489248683,0.916527857218,0.497935511563
run-011,4.825,0.414275979645,0.906095263876,0.497936632208
run-011,4.85,0.436794011877,0.89503219152,0.497937840858
run-011,4.875,0.459027589221,0.883339268842,0.497939139381
run-011,4.9,0.480960975319,0.871017473456,0.49794052929
run-011,4.925,0.502578462894,0.858068176645,0.497942011684
run-011,4.95,0.523864384151,0.844493188614,0.497943587188
run-011,4.975,0.544803122324,0.830294803939,0.49794525589
run-011,5,0.565379124348,0.815475846924,0.497947017294
run-011,5.025,0.585576914671,0.800039716547,0.497948870257
run-011,5.05,0.605381110176,0.783990430666,0.49795081295
run-011,5.075,0.624776436204,0.767332669169,0.497952842809
run-011,5.1,0.643747743634,0.750071815733,0.497954956503
run-011,5.125,0.66228002699,0.732213997848,0.497957149898
run-011,5.15,0.680358443526,0.713766124784,0.497959418041
run-011,5.175,0.69796833323,0.694735923162,0.497961755141
run-011,5.2,0.715095239685,0.675131969806,0.497964154567
run-011,5.225,0.73172493172,0.654963721554,0.497966608852
run-011,5.25,0.747843425762,0.634241541722,0.497969109708
run-011,5.275,0.763437008806,0.612976722929,0.497971648051
run-011,5.3,0.778492261909,0.591181506002,0.497974214039
run-011,5.325,0.792996084106,0.568869094706,0.497976797118
run-011,5.35,0.806935716644,0.546053666067,0.49797938608
run-011,5.375,0.82029876741,0.522750376071,0.497981969133
run-011,5.4,0.833073235448,0.498975360573,0.497984533978
run-011,5.425,0.845247535438,0.474745731251,0.497987067901
run-011,5.45,0.85681052201,0.450079566505,0.497989557866
run-011,5.475,0.867751513763,0.424995897207,0.497991990626
run-011,5.5,0.87806031687,0.399514687274,0.497994352831
run-011,5.525,0.887727248127,0.373656809056,0.497996631148
run-011,5.55,0.896743157323,0.347444013568,0.49799881238
run-011,5.575,0.905099448806,0.320898895666,0.498000883597
run-011,5.6,0.912788102107,0.294044854271,0.498002832255
run-011,5.625,0.919801691519,0.266906047806,0.498004646326
run-011,5.65,0.926133404497,0.239507345059,0.498006314415
run-011,5.675,0.931777058772,0.211874271707,0.498007825886
run-011,5.7,0.936727118082,0.184032952786,0.498009170969
run-011,5.725,0.940978706411,0.156010051427,0.498010340864
run-011,5.75,0.944527620654,0.127832704207,0.498011327842
run-011,5.775,0.947370341622,0.0995284535081,0.498012125326
run-011,5.8,0.949504043329,0.0711251772792,0.498012727965
run-011,5.825,0.950926600486,0.0426510166603,0.498013131692
run-011,5.85,0.951636594162,0.0141343019053,0.498013333775
run-011,5.875,0.951633315581,-0.0143965229128,0.498013332841
run-011,5.9,0.950916768016,-0.0429129759334,0.498013128896
run-011,5.925,0.949487666784,-0.0713866137844,0.498012723326
run-011,5.95,0.947347437327,-0.0997891076087,0.498012118876
run-011,5.975,0.944498211404,-0.128092318351,0.498011319624
run-011,6,0.94094282141,-0.156268370818,0.498010330933
run-011,6.025,0.936684792863,-0.184289726044,0.49800915939
run-011,6.05,0.931728335107,-0.212129251498,0.498007812737
run-011,6.075,0.926078330288,-0.239760288708,0.49800629978
run-011,6.1,0.919740320672,-0.267156717871,0.498004630299
run-011,6.125,0.912720494394,-0.294293019093,0.498002814939
run-011,6.15,0.905025669717,-0.321144329878,0.498000865099
run-011,6.175,0.896663277901,-0.347686498566,0.497998792813
run-011,6.2,0.887641344789,-0.373896133433,0.497996610629
run-011,6.225,0.877968471229,-0.399750647205,0.497994331481
run-011,6.25,0.867653812429,-0.425228296791,0.497991968566
run-011,6.275,0.856707056389,-0.450308218065,0.497989535219
run-011,6.3,0.845138401526,-0.474970455581,0.49798704479
run-011,6.325,0.83295853361,-0.499195987141,0.497984510524
run-011,6.35,0.820178602169,-0.522966743174,0.497981945454
run-011,6.375,0.806810196452,-0.546265620939,0.497979362292
run-011,6.4,0.792865321122,-0.569076493575,0.497976773331
run-011,6.425,0.778356371773,-0.591384214106,0.497974190359
run-011,6.45,0.763296110416,-0.613174614485,0.497971624578
run-011,6.475,0.747697641049,-0.634434499853,0.497969086536
run-011,6.5,0.731574385424,-0.655151638171,0.497966586068
run-011,6.525,0.71494005914,-0.675314745454,0.49796413225
run-011,6.55,0.697808648151,-0.694913466829,0.497961733364
run-011,6.575,0.680194385799,-0.713938353671,0.49795939687
run-011,6.6,0.662111730467,-0.732380837112,0.497957129389
run-011,6.625,0.643575343943,-0.750233198198,0.497954936705
run-011,6.65,0.624600070558,-0.76748853501,0.497952823764
run-011,6.675,0.605200917193,-0.784140727072,0.497950794692
run-011,6.7,0.585393034204,-0.80018439736,0.497948852813
run-011,6.725,0.565191697324,-0.815614872265,0.497947000684
run-011,6.75,0.544612290591,-0.830428139813,0.497945240129
run-011,6.775,0.523670290334,-0.844620806515,0.497943572282
run-011,6.8,0.502381250265,-0.858190053139,0.497941997636
run-011,6.825,0.480760787677,-0.871133589768,0.497940516095
run-011,6.85,0.458824570777,-0.883449610439,0.497939127031
run-011,6.875,0.436588307155,-0.895136747692,0.497937829342
run-011,6.9,0.414067733392,-0.906194027323,0.49793662151
run-011,6.925,0.391278605789,-0.916620823643,0.497935501665
run-011,6.95,0.36823669221,-0.926416815513,0.497934467646
run-011,6.975,0.344957765013,-0.935581943431,0.497933517062
run-011,7,0.321457595038,-0.944116367926,0.497932647353
run-011,7.025,0.297751946617,-0.952020429488,0.497931855849
run-011,7.05,0.273856573564,-0.959294610265,0.497931139823
run-011,7.075,0.249787216104,-0.965939497739,0.49793049655
run-011,7.1,0.225559598677,-0.971955750571,0.497929923356
run-011,7.125,0.201189428575,-0.977344066783,0.497929417666
run-011,7.15,0.176692395338,-0.982105154456,0.497928977047
run-011,7.175,0.152084170852,-0.986239705082,0.497928599251
run-011,7.2,0.127380410084,-0.989748369692,0.497928282247
run-011,7.225,0.102596752368,-0.99263173789,0.497928024257
run-011,7.25,0.0777488231892,-0.994890319879,0.49792782378
run-011,7.275,0.0528522363737,-0.996524531572,0.497927679614
run-011,7.3,0.0279225966106,-0.99753468285,0.497927590879
run-011,7.325,0.00297550223118,-0.997920969027,0.497927557023
run-011,7.35,-0.0219734518407,-0.997683465553,0.497927577834
run-011,7.375,-0.0469086710465,-0.996822125989,0.497927653442
run-011,7.4,-0.0718145581402,-0.99533678325,0.497927784319
run-011,7.425,-0.096675510209,-0.993227154128,0.497927971268
run-011,7.45,-0.121475915847,-0.990492847051,0.497928215416
run-011,7.475,-0.146200152562,-0.987133373071,0.497928518193
run-011,7.5,-0.1708325845,-0.983148160005,0.497928881314
run-011,7.525,-0.195357560562,-0.978536569678,0.497929306752
run-011,7.55,-0.219759412984,-0.973297918189,0.497929796707
run-011,7.575,-0.244022456471,-0.967431499095,0.497930353571
run-011,7.6,-0.268130987939,-0.96093660941,0.49793097989
run-011,7.625,-0.292069286942,-0.95381257829,0.497931678317
run-011,7.65,-0.315821616853,-0.946058798258,0.497932451571
run-011,7.675,-0.339372226855,-0.937674758821,0.497933302382
run-011,7.7,-0.362705354794,-0.928660082296,0.497934233438
run-011,7.725,-0.385805230969,-0.919014561655,0.497935247332
run-011,7.75,-0.408656082877,-0.908738200196,0.497936346501
run-011,7.775,-0.431242140979,-0.897831252802,0.497937533166
run-011,7.8,-0.453547645517,-0.886294268566,0.497938809271
run-011,7.825,-0.475556854408,-0.87412813453,0.497940176425
run-011,7.85,-0.497254052244,-0.861334120263,0.497941635833
run-011,7.875,-0.518623560421,-0.847913923017,0.497943188242
run-011,7.9,-0.539649748395,-0.833869713151,0.497944833882
run-011,7.925,-0.560317046078,-0.819204179548,0.497946572404
run-011,7.95,-0.580609957372,-0.803920574683,0.497948402831
run-011,7.975,-0.600513074812,-0.78802275905,0.497950323507
run-011,8,-0.620011095324,-0.7715152446,0.497952332055
run-011,8.025,-0.639088837042,-0.754403236879,0.497954425337
run-011,8.05,-0.657731257168,-0.736692675508,0.497956599419
run-011,8.075,-0.675923470818,-0.718390272698,0.497958849554
run-011,8.1,-0.693650770803,-0.699503549437,0.497961170158
run-011,8.125,-0.71089864829,-0.680040869052,0.497963554809
run-011,8.15,-0.727652814256,-0.660011467799,0.497965996246
run-011,8.175,-0.74389922168,-0.639425482185,0.497968486382
run-011,8.2,-0.759624088365,-0.61829397272,0.497971016328
run-011,8.225,-0.774813920316,-0.596628943822,0.497973576426
run-011,8.25,-0.789455535556,-0.574443359595,0.497976156291
run-011,8.275,-0.803536088295,-0.551751155274,0.497978744873
run-011,8.3,-0.81704309332,-0.528567244081,0.497981330517
run-011,8.325,-0.829964450499,-0.504907519339,0.497983901043
run-011,8.35,-0.842288469287,-0.480788851662,0.497986443829
run-011,8.375,-0.854003893083,-0.456229081119,0.49798894591
run-011,8.4,-0.865099923343,-0.431247004261,0.497991394082
run-011,8.425,-0.875566243296,-0.405862355981,0.497993775009
run-011,8.45,-0.885393041142,-0.380095786183,0.497996075342
run-011,8.475,-0.894571032605,-0.353968831285,0.497998281839
run-011,8.5,-0.903091482706,-0.327503880639,0.498000381493
run-011,8.525,-0.910946226637,-0.300724137966,0.498002361652
run-011,8.55,-0.918127689604,-0.273653577964,0.498004210148
run-011,8.575,-0.924628905535,-0.246316898281,0.49800591542
run-011,8.6,-0.930443534518,-0.21873946709,0.498007466632
run-011,8.625,-0.935565878889,-0.190947266534,0.498008853788
run-011,8.65,-0.939990897845,-0.162966832354,0.498010067841
run-011,8.675,-0.943714220507,-0.134825190048,0.498011100787
run-011,8.7,-0.946732157347,-0.106549787929,0.498011945756
run-011,8.725,-0.949041709904,-0.0781684274941,0.498012597088
run-011,8.75,-0.950640578722,-0.0497091915344,0.498013050393
run-011,8.775,-0.95152716948,-0.0212003704361,0.498013302604
run-011,8.8,-0.951700597244,0.00732961285716,0.498013352011
run-011,8.825,-0.951160688837,0.0358522787391,0.498013198277
run-011,8.85,-0.949907983307,0.0643391672023,0.498012842446
run-011,8.875,-0.947943730477,0.0927619139724,0.49801228693
run-011,8.9,-0.945269887608,0.121092326023,0.49801153548
run-011,8.925,-0.941889114176,0.149302455987,0.498010593146
run-011,8.95,-0.937804764809,0.177364674981,0.498009466218
run-011,8.975,-0.933020880427,0.205251743392,0.498008162159
run-012,0,1.01551724138,0,0.574131711028
run-012,0.025,1.01512789189,-0.0311397808235,0.574131583701
run-012,0.05,1.01396025234,-0.0622468726884,0.57413120265
run-012,0.075,1.01201554826,-0.093288681715,0.57413057065
run-012,0.1,1.00929581825,-0.124232803531,0.574129692292
run-012,0.125,1.00580390808,-0.155047116404,0.574128573925
run-012,0.15,1.00154346243,-0.185699872448,0.574127223579
run-012,0.175,0.996518914458,-0.21615978629,0.574125650875
run-012,0.2,0.990735473118,-0.246396120612,0.574123866904
run-012,0.225,0.984199108428,-0.276378768015,0.574121884104
run-012,0.25,0.976916534717,-0.306078328682,0.574119716115
run-012,0.275,0.968895191994,-0.33546618336,0.574117377622
run-012,0.3,0.960143225549,-0.364514561239,0.574114884197
run-012,0.325,0.950669463932,-0.393196602333,0.574112252122
run-012,0.35,0.940483395432,-0.421486414036,0.574109498222
run-012,0.375,0.92959514323,-0.449359121572,0.574106639684
run-012,0.4,0.918015439354,-0.476790912118,0.574103693886
run-012,0.425,0.905755597624,-0.503759072434,0.574100678224
run-012,0.45,0.892827485732,-0.530242019887,0.574097609951
run-012,0.475,0.87924349663,-0.556219326809,0.574094506018
run-012,0.5,0.865016519392,-0.581671738206,0.574091382926
run-012,0.525,0.850159909719,-0.606581182854,0.574088256593
run-012,0.55,0.834687460249,-0.630930777887,0.57408514223
run-012,0.575,0.818613370825,-0.654704827045,0.574082054234
run-012,0.6,0.801952218897,-0.677888812758,0.574079006091
run-012,0.625,0.784718930187,-0.700469382323,0.574076010301
run-012,0.65,0.76692874978,-0.722434328435,0.574073078311
run-012,0.675,0.748597213765,-0.743772564394,0.574070220473
run-012,0.7,0.729740121561,-0.764474094319,0.574067446006
run-012,0.725,0.710373509049,-0.784529978748,0.574064762982
run-012,0.75,0.690513622623,-0.803932295992,0.574062178326
run-012,0.775,0.67017689425,-0.822674099663,0.574059697821
run-012,0.8,0.64937991764,-0.840749372786,0.574057326136
run-012,0.825,0.62813942561,-0.858152978926,0.574055066859
run-012,0.85,0.606472268694,-0.874880610759,0.574052922545
run-012,0.875,0.584395395072,-0.890928736514,0.574050894767
run-012,0.9,0.561925831868,-0.906294544734,0.574048984184
run-012,0.925,0.539080667836,-0.920975887773,0.574047190605
run-012,0.95,0.51587703748,-0.934971224442,0.574045513071
run-012,0.975,0.492332106614,-0.948279562237,0.574043949927
run-012,1,0.468463059368,-0.960900399518,0.574042498911
run-012,1.025,0.444287086638,-0.972833668051,0.574041157235
run-012,1.05,0.419821375965,-0.98407967626,0.574039921672
run-012,1.075,0.395083102825,-0.994639053553,0.574038788641
run-012,1.1,0.370089423287,-1.00451269605,0.574037754292
run-012,1.125,0.344857468022,-1.01370171403,0.574036814587
run-012,1.15,0.319404337586,-1.02220738139,0.574035965383
run-012,1.175,0.293747098953,-1.03003108738,0.574035202508
run-012,1.2,0.267902783217,-1.03717429093,0.574034521831
run-012,1.225,0.241888384406,-1.04363847767,0.574033919335
run-012,1.25,0.215720859334,-1.04942512001,0.574033391179
run-012,1.275,0.189417128406,-1.05453564041,0.574032933757
run-012,1.3,0.162994077313,-1.05897137792,0.574032543753
run-012,1.325,0.13646855951,-1.06273355839,0.574032218184
run-012,1.35,0.109857399394,-1.06582326816,0.574031954447
run-012,1.375,0.0831773961018,-1.06824143165,0.574031750354
run-012,1.4,0.0564453278113,-1.06998879278,0.574031604157
run-012,1.425,0.029677956463,-1.07106590027,0.574031514579
run-012,1.45,0.00289203279777,-1.07147309709,0.574031480821
run-012,1.475,-0.0238956983913,-1.07121051381,0.574031502583
run-012,1.5,-0.0506684928928,-1.07027806617,0.574031580059
run-012,1.525,-0.0774096017001,-1.06867545666,0.574031713939
run-012,1.55,-0.104102265726,-1.0664021802,0.5740319054
run-012,1.575,-0.13072971071,-1.06345753392,0.574032156089
run-012,1.6,-0.157275142422,-1.05984063094,0.574032468101
run-012,1.625,-0.183721742257,-1.05555041809,0.574032843954
run-012,1.65,-0.210052663327,-1.05058569758,0.57403328655
run-012,1.675,-0.236251027136,-1.04494515236,0.574033799138
run-012,1.7,-0.262299920945,-1.03862737529,0.574034385265
run-012,1.725,-0.288182395901,-1.03163090175,0.574035048727
run-012,1.75,-0.313881466032,-1.02395424567,0.574035793509
run-012,1.775,-0.339380108184,-1.01559593884,0.574036623721
run-012,1.8,-0.364661262974,-1.00655457318,0.574037543533
run-012,1.825,-0.389707836843,-0.996828845894,0.574038557102
run-012,1.85,-0.414502705269,-0.986417607163,0.574039668493
run-012,1.875,-0.439028717201,-0.97531991025,0.574040881605
run-012,1.9,-0.463268700781,-0.963535063622,0.574042200084
run-012,1.925,-0.487205470382,-0.951062684882,0.57404362724
run-012,1.95,-0.510821835025,-0.937902756172,0.574045165964
run-012,1.975,-0.534100608191,-0.924055680709,0.574046818639
run-012,2,-0.557024619061,-0.909522340131,0.574048587056
run-012,2.025,-0.579576725198,-0.894304152263,0.574050472334
run-012,2.05,-0.601739826674,-0.878403128939,0.574052474834
run-012,2.075,-0.623496881645,-0.861821933476,0.574054594088
run-012,2.1,-0.644830923348,-0.844563937398,0.574056828726
run-012,2.125,-0.665725078514,-0.826633275986,0.574059176409
run-012,2.15,-0.686162587147,-0.808034902232,0.574061633776
run-012,2.175,-0.706126823626,-0.788774638764,0.574064196396
run-012,2.2,-0.725601319085,-0.76885922731,0.574066858728
run-012,2.225,-0.744569784992,-0.748296375268,0.574069614096
run-012,2.25,-0.763016137849,-0.727094798948,0.574072454675
run-012,2.275,-0.780924524939,-0.705264263078,0.574075371493
run-012,2.3,-0.798279351003,-0.682815616159,0.57407835444
run-012,2.325,-0.815065305747,-0.659760821274,0.574081392303
run-012,2.35,-0.831267392066,-0.636112981993,0.574084472803
run-012,2.375,-0.846870954847,-0.611886363014,0.574087582662
run-012,2.4,-0.861861710217,-0.587096405235,0.574090707671
run-012,2.425,-0.876225775108,-0.561759734961,0.574093832788
run-012,2.45,-0.889949696965,-0.535894167012,0.574096942237
run-012,2.475,-0.903020483459,-0.509518701513,0.57410001963
run-012,2.5,-0.915425632041,-0.482653514212,0.574103048103
run-012,2.525,-0.927153159169,-0.455319940213,0.574106010456
run-012,2.55,-0.938191629051,-0.427540451049,0.574108889308
run-012,2.575,-0.948530181722,-0.399338625094,0.574111667264
run-012,2.6,-0.958158560306,-0.370739111357,0.574114327081
run-012,2.625,-0.96706713729,-0.341767586744,0.574116851841
run-012,2.65,-0.975246939643,-0.312450706959,0.574119225129
run-012,2.675,-0.982689672638,-0.282816051244,0.574121431208
run-012,2.7,-0.989387742205,-0.252892061231,0.574123455184
run-012,2.725,-0.995334275699,-0.222707974216,0.57412528318
run-012,2.75,-1.00052314092,-0.192293751248,0.574126902485
run-012,2.775,-1.00494896326,-0.161680000434,0.574128301706
run-012,2.8,-1.00860714094,-0.13089789594,0.574129470894
run-012,2.825,-1.01149385806,-0.0999790932008,0.574130401668
run-012,2.85,-1.0136060956,-0.0689556408744,0.574131087308
run-012,2.875,-1.0149416401,-0.0378598901362,0.574131522839
run-012,2.9,-1.0154990901,-0.00672440190842,0.574131705089
run-012,2.925,-1.0152778602,0.024418147343,0.574131632729
run-012,2.95,-1.01427818274,0.0555350606014,0.574131306286
run-012,2.975,-1.01250110717,0.0865937154337,0.574130728141
run-012,3,-1.00994849697,0.117561658615,0.574129902495
run-012,3.025,-1.00662302424,0.148406699592,0.574128835324
run-012,3.05,-1.00252816199,0.179097002162,0.574127534303
run-012,3.075,-0.997668174129,0.209601173735,0.574126008717
run-012,3.1,-0.9920481033,0.239888351602,0.574124269351
run-012,3.125,-0.985673756549,0.269928285635,0.574122328364
run-012,3.15,-0.978551689018,0.299691416899,0.574120199148
run-012,3.175,-0.970689185704,0.329148951686,0.574117896178
run-012,3.2,-0.962094241434,0.358272930527,0.574115434847
run-012,3.225,-0.952775539177,0.387036291792,0.5741128313
run-012,3.25,-0.942742426844,0.415412929527,0.574110102258
run-012,3.275,-0.932004892701,0.443377745246,0.574107264845
run-012,3.3,-0.920573539582,0.470906693433,0.574104336412
run-012,3.325,-0.90845955803,0.497976820587,0.574101334366
run-012,3.35,-0.895674698552,0.524566297679,0.574098276005
run-012,3.375,-0.882231243146,0.550654445949,0.574095178357
run-012,3.4,-0.868141976255,0.576221756053,0.574092058032
run-012,3.425,-0.853420155343,0.601249900571,0.574088931085
run-012,3.45,-0.838079481226,0.625721739997,0.57408581289
run-012,3.475,-0.822134068343,0.649621322338,0.574082718027
run-012,3.5,-0.805598415109,0.672933876507,0.574079660187
run-012,3.525,-0.788487374518,0.69564579976,0.574076652087
run-012,3.55,-0.770816125121,0.717744639412,0.574073705408
run-012,3.575,-0.752600142547,0.739219069172,0.57407083074
run-012,3.6,-0.733855171663,0.760058860406,0.57406803755
run-012,3.625,-0.714597199527,0.780254848694,0.574065334158
run-012,3.65,-0.694842429228,0.799798896074,0.574062727735
run-012,3.675,-0.674607254723,0.818683849356,0.574060224311
run-012,3.7,-0.65390823676,0.836903494943,0.57405782879
run-012,3.725,-0.632762079976,0.854452510556,0.574055544993
run-012,3.75,-0.611185611233,0.871326414328,0.574053375691
run-012,3.775,-0.58919575926,0.887521511665,0.574051322666
run-012,3.8,-0.566809535649,0.903034840337,0.574049386768
run-012,3.825,-0.544044017243,0.917864114207,0.574047567984
run-012,3.85,-0.520916329939,0.932007666031,0.574045865512
run-012,3.875,-0.497443633941,0.945464389739,0.574044277843
run-012,3.9,-0.473643110452,0.958233682591,0.574042802837
run-012,3.925,-0.449531949812,0.970315387613,0.574041437813
run-012,3.95,-0.425127341071,0.981709736659,0.574040179632
run-012,3.975,-0.400446462979,0.992417294483,0.574039024782
run-012,4,-0.375506476347,1.00243890413,0.574037969463
run-012,4.025,-0.350324517772,1.01177563399,0.574037009672
run-012,4.05,-0.324917694648,1.02042872681,0.574036141282
run-012,4.075,-0.299303081432,1.02839955089,0.574035360119
run-012,4.1,-0.273497717103,1.03568955384,0.57403466204
run-012,4.125,-0.247518603739,1.04230021903,0.574034042996
run-012,4.15,-0.221382706152,1.04823302493,0.574033499104
run-012,4.175,-0.195106952493,1.05348940773,0.574033026702
run-012,4.2,-0.168708235765,1.05807072716,0.574032622406
run-012,4.225,-0.142203416135,1.06197823583,0.574032283159
run-012,4.25,-0.115609323974,1.06521305225,0.574032006272
run-012,4.275,-0.0889427635227,1.06777613751,0.574031789465
run-012,4.3,-0.0622205170982,1.06966827587,0.574031630893
run-012,4.325,-0.0354593497295,1.07089005923,0.574031529174
run-012,4.35,-0.00867601413666,1.07144187568,0.574031483408
run-012,4.375,0.0181127440548,1.07132390202,0.574031493183
run-012,4.4,0.0448901809641,1.07053610035,0.574031558588
run-012,4.425,0.0716395490722,1.06907821887,0.574031680207
run-012,4.45,0.0983440919074,1.06694979662,0.574031859113
run-012,4.475,0.124987038903,1.06415017243,0.574032096851
run-012,4.5,0.151551600529,1.06067849776,0.574032395425
run-012,4.525,0.178020963791,1.05653375365,0.574032757261
run-012,4.55,0.204378288211,1.0517147715,0.574033185183
run-012,4.575,0.230606702366,1.0462202577,0.574033682368
run-012,4.6,0.256689301096,1.04004882189,0.574034252304
run-012,4.625,0.282609143461,1.03319900893,0.574034898737
run-012,4.65,0.308349251543,1.02566933417,0.574035625617
run-012,4.675,0.333892610169,1.01745832207,0.574036437032
run-012,4.7,0.359222167646,1.00856454782,0.574037337146
run-012,4.725,0.384320837561,0.998986681956,0.574038330123
run-012,4.75,0.409171501744,0.988723537462,0.574039420057
run-012,4.775,0.433757014434,0.977774119409,0.574040610888
run-012,4.8,0.458060207714,0.966137676654,0.574041906325
run-012,4.825,0.482063898266,0.953813755415,0.574043309756
run-012,4.85,0.505750895485,0.940802254372,0.574044824172
run-012,4.875,0.529104010985,0.927103481,0.57404645207
run-012,4.9,0.552106069535,0.912718208761,0.574048195379
run-012,4.925,0.574739921423,0.897647734815,0.574050055368
run-012,4.95,0.596988456276,0.881893937864,0.574052032569
run-012,4.975,0.618834618316,0.86545933573,0.574054126699
run-012,5,0.640261423062,0.848347142284,0.574056336589
run-012,5.025,0.661251975431,0.830561323277,0.574058660113
run-012,5.05,0.681789489226,0.81210665068,0.574061094137
run-012,5.075,0.701857307965,0.792988755085,0.574063634463
run-012,5.1,0.72143892698,0.773214175732,0.574066275792
run-012,5.125,0.740518016751,0.752790407742,0.574069011695
run-012,5.15,0.759078447367,0.731725946118,0.574071834597
run-012,5.175,0.777104314057,0.710030326086,0.574074735771
run-012,5.2,0.794579963672,0.687714159383,0.574077705353
run-012,5.225,0.811490022026,0.66478916608,0.574080732362
run-012,5.25,0.827819421976,0.641268201577,0.574083804748
run-012,5.275,0.843553432105,0.617165278406,0.57408690944
run-012,5.3,0.858677685896,0.592495582529,0.574090032425
run-012,5.325,0.873178211231,0.567275483839,0.57409315883
run-012,5.35,0.887041460088,0.541522540601,0.574096273029
run-012,5.375,0.900254338261,0.515255497619,0.574099358757
run-012,5.4,0.912804234969,0.488494277967,0.574102399239
run-012,5.425,0.92467905216,0.461259968149,0.574105377335
run-012,5.45,0.935867233376,0.43357479661,0.57410827569
run-012,5.475,0.94635779199,0.405462105591,0.574111076898
run-012,5.5,0.956140338656,0.376946316337,0.574113763667
run-012,5.525,0.965205107807,0.348052887766,0.574116318996
run-012,5.55,0.973542983044,0.318808268723,0.574118726347
run-012,5.575,0.981145521243,0.289239844032,0.574120969819
run-012,5.6,0.988004975246,0.25937587459,0.574123034324
run-012,5.625,0.994114314973,0.229245431819,0.574124905752
run-012,5.65,0.999467246837,0.19887832684,0.574126571126
run-012,5.675,1.00405823131,0.168305034772,0.574128018758
run-012,5.7,1.00788249858,0.137556614621,0.574129238377
run-012,5.725,1.01093606205,0.106664625262,0.574130221253
run-012,5.75,1.01321572984,0.075661038049,0.574130960301
run-012,5.775,1.01471911395,0.0445781466337,0.574131450164
run-012,5.8,1.01544463717,0.0134484745868,0.574131687275
run-012,5.825,1.01539153768,-0.0176953185488,0.574131669906
run-012,5.85,1.01455987124,-0.0488205321357,0.574131398183
run-012,5.875,1.01295051107,-0.0798945196008,0.574130874087
run-012,5.9,1.01056514526,-0.110884783225,0.574130101433
run-012,5.925,1.00740627191,-0.141759067911,0.574129085816
run-012,5.95,1.00347719187,-0.172485453303,0.574127834552
run-012,5.975,0.998781999245,-0.203032443618,0.574126356588
run-012,6,0.993325569686,-0.233369054611,0.574124662395
run-012,6.025,0.987113546514,-0.263464897092,0.574122763845
run-012,6.05,0.980152324832,-0.293290256461,0.574120674079
run-012,6.075,0.972449033691,-0.322816167773,0.57411840735
run-012,6.1,0.964011516443,-0.352014485868,0.574115978866
run-012,6.125,0.954848309398,-0.380857950167,0.574113404626
run-012,6.15,0.944968618935,-0.409320243785,0.574110701241
run-012,6.175,0.934382297208,-0.437376046646,0.574107885762
run-012,6.2,0.923099816602,-0.465001082362,0.574104975507
run-012,6.225,0.91113224309,-0.492172158686,0.574101987885
run-012,6.25,0.898491208668,-0.518867201393,0.574098940229
run-012,6.275,0.885188883021,-0.545065281526,0.574095849641
run-012,6.3,0.871237944592,-0.570746635971,0.574092732832
run-012,6.325,0.856651551222,-0.595892681392,0.574089605989
run-012,6.35,0.841443310522,-0.620486021624,0.574086484641
run-012,6.375,0.825627250141,-0.644510448631,0.57408338355
run-012,6.4,0.80921778809,-0.667950937225,0.574080316605
run-012,6.425,0.79222970328,-0.690793633763,0.574077296741
run-012,6.45,0.774678106402,-0.713025839079,0.574074335866
run-012,6.475,0.756578411326,-0.734635985952,0.57407144481
run-012,6.5,0.737946307105,-0.755613611429,0.574068633285
run-012,6.525,0.718797730754,-0.775949324374,0.574065909858
run-012,6.55,0.699148840886,-0.795634768607,0.57406328195
run-012,6.575,0.679015992324,-0.814662582031,0.574060755834
run-012,6.6,0.658415711784,-0.833026352168,0.574058336656
run-012,6.625,0.637364674715,-0.850720568527,0.574056028467
run-012,6.65,0.615879683358,-0.867740572215,0.574053834262
run-012,6.675,0.593977646105,-0.884082503257,0.574051756029
run-012,6.7,0.571675558195,-0.899743246023,0.574049794815
run-012,6.725,0.548990483803,-0.914720373218,0.574047950787
run-012,6.75,0.525939539534,-0.929012088852,0.574046223307
run-012,6.775,0.502539879361,-0.942617170589,0.574044611012
run-012,6.8,0.478808681005,-0.955534911906,0.574043111891
run-012,6.825,0.454763133766,-0.967765064432,0.574041723373
run-012,6.85,0.430420427783,-0.979307780844,0.574040442409
run-012,6.875,0.405797744723,-0.990163558694,0.574039265562
run-012,6.9,0.380912249849,-1.00033318548,0.574038189087
run-012,6.925,0.355781085449,-1.00981768534,0.574037209017
run-012,6.95,0.330421365581,-1.01861826757,0.574036321246
run-012,6.975,0.30485017207,-1.02673627738,0.574035521604
run-012,7,0.279084551712,-1.03417314904,0.574034805933
run-012,7.025,0.253141514618,-1.04093036173,0.57403417016
run-012,7.05,0.227038033626,-1.04700939826,0.574033610361
run-012,7.075,0.200791044705,-1.05241170697,0.574033122821
run-012,7.1,0.174417448277,-1.0571386668,0.574032704091
run-012,7.125,0.147934111365,-1.0611915559,0.57403235104
run-012,7.15,0.121357870482,-1.06457152385,0.574032060897
run-012,7.175,0.0947055351729,-1.06727956749,0.574031831289
run-012,7.2,0.0679938921077,-1.06931651071,0.574031660277
run-012,7.225,0.0412397096372,-1.07068298807,0.574031546377
run-012,7.25,0.0144597427044,-1.07137943241,0.574031488581
run-012,7.275,-0.0123292619834,-1.07140606658,0.574031486374
run-012,7.3,-0.0391105606247,-1.07076289913,0.574031539736
run-012,7.325,-0.0658674069397,-1.06944972415,0.574031649144
run-012,7.35,-0.0925830468324,-1.06746612526,0.574031815566
run-012,7.375,-0.119240713203,-1.06481148353,0.574032040448
run-012,7.4,-0.145823621009,-1.06148498959,0.574032325695
run-012,7.425,-0.172314962682,-1.05748565966,0.574032673647
run-012,7.45,-0.198697903992,-1.05281235548,0.574033087043
run-012,7.475,-0.224955580456,-1.04746380815,0.574033568988
run-012,7.5,-0.251071094399,-1.04143864564,0.574034122908
run-012,7.525,-0.277027512738,-1.03473542392,0.574034752497
run-012,7.55,-0.302807865595,-1.02735266154,0.574035461665
run-012,7.575,-0.328395145815,-1.01928887758,0.574036254478
run-012,7.6,-0.353772309474,-1.0105426326,0.574037135087
run-012,7.625,-0.378922277445,-1.00111257264,0.574038107665
run-012,7.65,-0.403827938106,-0.990997475806,0.574039176325
run-012,7.675,-0.428472151235,-0.980196301399,0.574040345049
run-012,7.7,-0.452837753176,-0.968708241161,0.574041617601
run-012,7.725,-0.476907563294,-0.95653277249,0.574042997448
run-012,7.75,-0.5006643918,-0.943669713236,0.574044487671
run-012,7.775,-0.524091048955,-0.930119277796,0.574046090884
run-012,7.8,-0.54717035569,-0.91588213415,0.574047809144
run-012,7.825,-0.569885155663,-0.900959461489,0.574049643869
run-012,7.85,-0.592218328764,-0.885353008069,0.574051595758
run-012,7.875,-0.614152806066,-0.869065148874,0.57405366471
run-012,7.9,-0.635671586208,-0.852098942724,0.574055849753
run-012,7.925,-0.656757753202,-0.834458188376,0.574058148972
run-012,7.95,-0.677394495627,-0.816147479225,0.574060559457
run-012,7.975,-0.697565127164,-0.797172256158,0.574063077241
run-012,8,-0.717253108435,-0.777538858131,0.574065697269
run-012,8.025,-0.73644207007,-0.757254570045,0.574068413355
run-012,8.05,-0.755115836937,-0.736327667472,0.574071218172
run-012,8.075,-0.773258453444,-0.714767457831,0.574074103243
run-012,8.1,-0.790854209829,-0.692584317583,0.574077058947
run-012,8.125,-0.807887669323,-0.669789725044,0.574080074541
run-012,8.15,-0.824343696081,-0.646396288461,0.574083138202
run-012,8.175,-0.840207483746,-0.62241776896,0.574086237074
run-012,8.2,-0.855464584529,-0.597869098061,0.57408935734
run-012,8.225,-0.870100938649,-0.572766389451,0.574092484305
run-012,8.25,-0.884102904001,-0.547126944755,0.574095602497
run-012,8.275,-0.897457285887,-0.520969253071,0.574098695776
run-012,8.3,-0.910151366655,-0.494312984109,0.574101747468
run-012,8.325,-0.922172935092,-0.467178974768,0.574104740497
run-012,8.35,-0.933510315393,-0.439589209096,0.574107657543
run-012,8.375,-0.944152395547,-0.411566791576,0.574110481195
run-012,8.4,-0.954088654972,-0.383135913765,0.574113194125
run-012,8.425,-0.963309191235,-0.354321814365,0.574115779251
run-012,8.45,-0.97180474569,-0.325150732847,0.574118219921
run-012,8.475,-0.979566727878,-0.29564985682,0.574120500084
run-012,8.5,-0.986587238531,-0.265847263393,0.57412260446
run-012,8.525,-0.992859091047,-0.235771854809,0.574124518713
run-012,8.55,-0.998375831272,-0.205453288733,0.574126229612
run-012,8.575,-1.00313175548,-0.174921903557,0.574127725176
run-012,8.6,-1.00712192645,-0.144208639209,0.574128994818
run-012,8.625,-1.01034218744,-0.113344953928,0.574130029466
run-012,8.65,-1.01278917415,-0.0823627375585,0.574130821672
run-012,8.675,-1.01446032432,-0.0512942219201,0.574131365699
run-012,8.7,-1.01535388524,-0.0201718888499,0.574131657591
run-012,8.725,-1.01546891876,0.0109716234574,0.574131695218
run-012,8.75,-1.01480530407,0.0421036151819,0.574131478308
run-012,8.775,-1.01336373801,0.0731914200314,0.574131008441
run-012,8.8,-1.01114573307,0.104202500166,0.574130289038
run-012,8.825,-1.008153613,0.135104540243,0.574129325317
run-012,8.85,-1.00439050606,0.16586553994,0.574128124228
run-012,8.875,-0.999860336,0.196453904337,0.574126694375
run-012,8.9,-0.994567810839,0.226838531551,0.574125045907
run-012,8.925,-0.988518409423,0.256988897037,0.574123190409
run-012,8.95,-0.981718365987,0.286875134033,0.574121140757
run-012,8.975,-0.974174652721,0.316468109628,0.574118910978
run-013,0,1.07931034483,0,0.657091357304
run-013,0.025,1.07888662095,-0.0338885431126,0.657091198594
run-013,0.05,1.07761591767,-0.0677396471209,0.657090723704
run-013,0.075,1.07549963859,-0.101515990761,0.657089936344
run-013,0.1,1.07254011813,-0.135180487595,0.657088842644
run-013,0.125,1.06874061421,-0.168696401308,0.657087451076
run-013,0.15,1.06410529807,-0.202027458478,0.657085772345
run-013,0.175,1.05863924129,-0.235137958037,0.657083819254
run-013,0.2,1.05234840017,-0.267992876642,0.657081606548
run-013,0.225,1.04523959746,-0.30055796926,0.657079150725
run-013,0.25,1.0373205017,-0.332799864271,0.65707646984
run-013,0.275,1.02859960424,-0.364686152494,0.657073583286
run-013,0.3,1.01908619408,-0.396185469575,0.657070511564
run-013,0.325,1.00879033077,-0.427267571264,0.657067276048
run-013,0.35,0.997722815516,-0.457903401142,0.657063898744
run-013,0.375,0.985895160708,-0.488065150489,0.657060402046
run-013,0.4,0.973319557991,-0.517726309994,0.657056808497
run-013,0.425,0.960008845208,-0.54686171314,0.657053140561
run-013,0.45,0.945976472334,-0.575447571135,0.657049420393
run-013,0.475,0.931236466652,-0.603461499344,0.657045669636
run-013,0.5,0.915803397367,-0.630882535276,0.657041909222
run-013,0.525,0.899692339888,-0.657691148187,0.657038159195
run-013,0.55,0.882918839958,-0.683869240504,0.657034438551
run-013,0.575,0.865498877863,-0.709400141279,0.657030765105
run-013,0.6,0.847448832894,-0.734268591955,0.657027155368
run-013,0.625,0.828785448265,-0.758460724796,0.657023624456
run-013,0.65,0.809525796654,-0.781964034362,0.657020186018
run-013,0.675,0.789687246547,-0.80476734245,0.657016852183
run-013,0.7,0.769287429532,-0.826860756965,0.657013633531
run-013,0.725,0.748344208698,-0.848235625227,0.657010539088
run-013,0.75,0.72687564827,-0.868884482211,0.65700757633
run-013,0.775,0.704899984588,-0.888800994267,0.65700475122
run-013,0.8,0.682435598557,-0.907979898865,0.657002068249
run-013,0.825,0.659500989645,-0.92641694092,0.656999530494
run-013,0.85,0.636114751511,-0.944108806256,0.656997139699
run-013,0.875,0.612295549332,-0.961053052763,0.656994896355
run-013,0.9,0.588062098873,-0.977248039799,0.656992799795
run-013,0.925,0.563433147342,-0.992692856377,0.6569908483
run-013,0.95,0.538427456054,-1.00738724866,0.656989039205
run-013,0.975,0.513063784909,-1.02133154728,0.656987369013
run-013,1,0.48736087869,-1.03452659496,0.656985833511
run-013,1.025,0.461337455161,-1.04697367494,0.656984427888
run-013,1.05,0.435012194943,-1.05867444061,0.65698314685
run-013,1.075,0.40840373313,-1.06963084677,0.656981984738
run-013,1.1,0.381530652604,-1.07984508302,0.656980935641
run-013,1.125,0.354411478979,-1.08931950952,0.656979993501
run-013,1.15,0.327064677128,-1.09805659547,0.656979152226
run-013,1.175,0.299508649206,-1.10605886079,0.656978405782
run-013,1.2,0.271761734089,-1.11332882108,0.656977748292
run-013,1.225,0.243842208151,-1.11986893629,0.65697717412
run-013,1.25,0.215768287274,-1.12568156326,0.656976677954
run-013,1.275,0.187558129988,-1.13076891235,0.656976254878
run-013,1.3,0.159229841656,-1.13513300843,0.656975900439
run-013,1.325,0.130801479567,-1.13877565626,0.656975610703
run-013,1.35,0.102291058844,-1.14169841055,0.656975382304
run-013,1.375,0.0737165590396,-1.14390255076,0.656975212491
run-013,1.4,0.0450959313057,-1.1453890607,0.656975099155
run-013,1.425,0.0164471060048,-1.1461586131,0.656975040861
run-013,1.45,-0.0122119993492,-1.14621155916,0.65697503686
run-013,1.475,-0.0408634719531,-1.14554792311,0.6569750871
run-013,1.5,-0.0694893955048,-1.14416740186,0.656975192227
run-013,1.525,-0.0980718420463,-1.14206936966,0.656975353577
run-013,1.55,-0.126592863988,-1.13925288781,0.65697557316
run-013,1.575,-0.155034486437,-1.13571671938,0.656975853634
run-013,1.6,-0.183378699957,-1.13145934888,0.656976198277
run-013,1.625,-0.211607453881,-1.1264790067,0.656976610941
run-013,1.65,-0.239702650292,-1.12077369845,0.656977096006
run-013,1.675,-0.267646138803,-1.11434123883,0.656977658324
run-013,1.7,-0.295419712234,-1.10717929001,0.656978303154
run-013,1.725,-0.323005103304,-1.0992854044,0.656979036087
run-013,1.75,-0.350383982453,-1.09065707146,0.65697986297
run-013,1.775,-0.377537956877,-1.08129176855,0.65698078982
run-013,1.8,-0.404448570881,-1.07118701536,0.656981822728
run-013,1.825,-0.431097307645,-1.06034043183,0.656982967761
run-013,1.85,-0.457465592472,-1.04874979918,0.65698423086
run-013,1.875,-0.483534797604,-1.03641312374,0.656985617728
run-013,1.9,-0.509286248659,-1.02332870331,0.656987133721
run-013,1.925,-0.534701232769,-1.00949519556,0.656988783727
run-013,1.95,-0.559761008437,-0.994911688168,0.656990572056
run-013,1.975,-0.584446817178,-0.97957777029,0.656992502317
run-013,2,-0.608739896952,-0.963493604811,0.656994577306
run-013,2.025,-0.632621497418,-0.946660001027,0.65699679889
run-013,2.05,-0.656072897003,-0.929078487205,0.656999167896
run-013,2.075,-0.679075421778,-0.91075138253,0.657001684011
run-013,2.1,-0.701610466129,-0.89168186792,0.657004345683
run-013,2.125,-0.723659515174,-0.871874055157,0.657007150035
run-013,2.15,-0.745204168887,-0.851333053803,0.65701009279
run-013,2.175,-0.766226167864,-0.830065035332,0.657013168207
run-013,2.2,-0.786707420654,-0.808077293925,0.657016369034
run-013,2.225,-0.806630032561,-0.785378303374,0.657019686476
run-013,2.25,-0.825976335823,-0.76197776954,0.657023110182
run-013,2.275,-0.844728921038,-0.737886677833,0.65702662825
run-013,2.3,-0.862870669714,-0.71311733519,0.657030227256
run-013,2.325,-0.880384787797,-0.687683406066,0.657033892294
run-013,2.35,-0.897254840017,-0.661599941945,0.657037607054
run-013,2.375,-0.913464784894,-0.634883403974,0.657041353909
run-013,2.4,-0.928999010216,-0.607551678294,0.657045114026
run-013,2.425,-0.943842368809,-0.579624083743,0.657048867509
run-013,2.45,-0.957980214403,-0.551121371634,0.657052593545
run-013,2.475,-0.971398437391,-0.522065717361,0.657056270585
run-013,2.5,-0.984083500271,-0.492480703665,0.657059876537
run-013,2.525,-0.996022472574,-0.462391295456,0.657063388968
run-013,2.55,-1.00720306504,-0.43182380613,0.657066785333
run-013,2.575,-1.01761366288,-0.400805855437,0.6570700432
run-013,2.6,-1.02724335782,-0.369366318982,0.657073140492
run-013,2.625,-1.03608197883,-0.337535269553,0.657076055726
run-013,2.65,-1.04412012129,-0.305343910536,0.657078768256
run-013,2.675,-1.05134917436,-0.272824501723,0.65708125851
run-013,2.7,-1.05776134638,-0.240010277958,0.657083508224
run-013,2.725,-1.06334968825,-0.206935361046,0.657085500654
run-013,2.75,-1.06810811443,-0.173634665517,0.657087220786
run-013,2.775,-1.07203142153,-0.140143798813,0.657088655518
run-013,2.8,-1.07511530437,-0.106498956573,0.657089793826
run-013,2.825,-1.07735636936,-0.0727368137357,0.657090626901
run-013,2.85,-1.07875214506,-0.0388944122049,0.657091148261
run-013,2.875,-1.07930108997,-0.00500904587685,0.657091353836
run-013,2.9,-1.07900259735,0.0288818561495,0.657091242016
run-013,2.925,-1.07785699716,0.0627408473398,0.657090813678
run-013,2.95,-1.07586555499,0.0965305816182,0.657090072167
run-013,2.975,-1.07303046808,0.130213930534,0.657089023261
run-013,3,-1.06935485846,0.163754098858,0.657087675091
run-013,3.025,-1.06484276314,0.19711473778,0.65708603804
run-013,3.05,-1.05949912157,0.230260054904,0.657084124611
run-013,3.075,-1.05332976039,0.263154920277,0.657081949273
run-013,3.1,-1.04634137556,0.295764967715,0.657079528277
run-013,3.125,-1.03854151201,0.328056690764,0.657076879461
run-013,3.15,-1.02993854102,0.359997532656,0.657074022034
run-013,3.175,-1.02054163537,0.391555969716,0.657070976349
run-013,3.2,-1.01036074253,0.422701587708,0.657067763666
run-013,3.225,-0.999406555989,0.453405150712,0.657064405912
run-013,3.25,-0.987690484997,0.483638662163,0.65706092544
run-013,3.275,-0.975224622881,0.513375417784,0.657057344785
run-013,3.3,-0.962021714108,0.542590050215,0.657053686437
run-013,3.325,-0.94809512037,0.571258565188,0.65704997261
run-013,3.35,-0.933458785849,0.599358369224,0.657046225037
run-013,3.375,-0.918127201909,0.626868288858,0.657042464765
run-013,3.4,-0.902115371406,0.653768581474,0.657038711979
run-013,3.425,-0.885438772835,0.680040937924,0.657034985841
run-013,3.45,-0.86811332451,0.705668477145,0.657031304348
run-013,3.475,-0.850155348978,0.730635733036,0.657027684209
run-013,3.5,-0.831581537858,0.754928633958,0.657024140753
run-013,3.525,-0.81240891728,0.778534475201,0.657020687848
run-013,3.55,-0.792654814098,0.801441884867,0.657017337851
run-013,3.575,-0.772336823036,0.823640783611,0.657014101571
run-013,3.6,-0.751472774917,0.84512233873,0.657010988264
run-013,3.625,-0.7300807061,0.865878913127,0.657008005634
run-013,3.65,-0.708178829261,0.885904009656,0.657005159864
run-013,3.675,-0.685785505617,0.90519221143,0.65700245566
run-013,3.7,-0.662919218689,0.923739118608,0.656999896304
run-013,3.725,-0.639598549687,0.941541282249,0.656997483731
run-013,3.75,-0.615842154577,0.958596135775,0.656995218611
run-013,3.775,-0.591668742898,0.974901924602,0.656993100443
run-013,3.8,-0.567097058347,0.990457634466,0.656991127656
run-013,3.825,-0.542145861175,1.00526291899,0.656989297719
run-013,3.85,-0.516833912397,1.01931802701,0.656987607248
run-013,3.875,-0.491179959824,1.0326237301,0.656986052131
run-013,3.9,-0.465202725892,1.04518125086,0.656984627637
run-013,3.925,-0.438920897281,1.05699219234,0.656983328537
run-013,3.95,-0.412353116275,1.06805846906,0.656982149217
run-013,3.975,-0.385517973828,1.07838224004,0.656981083797
run-013,4,-0.358434004273,1.08796584416,0.656980126235
run-013,4.025,-0.33111968162,1.09681173826,0.656979270436
run-013,4.05,-0.30359341736,1.10492243831,0.656978510353
run-013,4.075,-0.275873559704,1.11230046388,0.656977840078
run-013,4.1,-0.247978394166,1.11894828623,0.656977253936
run-013,4.125,-0.219926145393,1.12486828026,0.656976746562
run-013,4.15,-0.191734980153,1.13006268055,0.656976312978
run-013,4.175,-0.163423011365,1.13453354167,0.656975948656
run-013,4.2,-0.135008303069,1.1382827029,0.656975649584
run-013,4.225,-0.10650887622,1.14131175761,0.656975412309
run-013,4.25,-0.0779427151889,1.14362202734,0.656975233986
run-013,4.275,-0.0493277748534,1.14521454068,0.656975112411
run-013,4.3,-0.020681988155,1.14609001712,0.656975046047
run-013,4.325,0.00797672600245,1.14624885583,0.656975034042
run-013,4.35,0.0366304546363,1.14569112951,0.656975076242
run-013,4.375,0.0652612824779,1.14441658327,0.656975173191
run-013,4.4,0.0938512837997,1.14242463854,0.656975326121
run-013,4.425,0.122382514405,1.13971440209,0.656975536946
run-013,4.45,0.150837003904,1.13628467992,0.65697580823
run-013,4.475,0.179196748401,1.13213399628,0.65697614316
run-013,4.5,0.207443703718,1.1272606174,0.656976545508
run-013,4.525,0.235559779271,1.12166258008,0.656977019579
run-013,4.55,0.263526832722,1.11533772491,0.656977570158
run-013,4.575,0.291326665517,1.10828373403,0.656978202449
run-013,4.6,0.318941019423,1.10049817319,0.656978921999
run-013,4.625,0.346351574176,1.09197853808,0.656979734622
run-013,4.65,0.373539946327,1.08272230448,0.656980646316
run-013,4.675,0.4004876894,1.07272698228,0.656981663167
run-013,4.7,0.427176295441,1.06199017281,0.656982791251
run-013,4.725,0.453587198041,1.0505096295,0.656984036536
run-013,4.75,0.479701776916,1.03828332131,0.656985404766
run-013,4.775,0.505501364106,1.0253094987,0.656986901356
run-013,4.8,0.530967251851,1.01158676175,0.65698853127
run-013,4.825,0.556080702194,0.997114130158,0.656990298912
run-013,4.85,0.580822958359,0.981891114408,0.656992208001
run-013,4.875,0.605175257915,0.965917788031,0.656994261461
run-013,4.9,0.62911884776,0.949194860219,0.656996461302
run-013,4.925,0.652635000926,0.931723748436,0.656998808513
run-013,4.95,0.675705035182,0.913506650489,0.657001302955
run-013,4.975,0.69831033345,0.894546615548,0.657003943264
run-013,5,0.72043236596,0.874847613555,0.657006726766
run-013,5.025,0.742052714128,0.854414602505,0.657009649393
run-013,5.05,0.763153096085,0.833253593027,0.657012705624
run-013,5.075,0.783715393779,0.811371709701,0.657015888434
run-013,5.1,0.80372168157,0.788777248576,0.657019189256
run-013,5.125,0.823154256208,0.765479730318,0.657022597971
run-013,5.15,0.841995668086,0.741489948461,0.657026102904
run-013,5.175,0.860228753631,0.716820012227,0.657029690851
run-013,5.2,0.877836668697,0.691483383432,0.657033347125
run-013,5.225,0.894802922803,0.665494906989,0.657037055617
run-013,5.25,0.911111414047,0.638870834573,0.657040798886
run-013,5.275,0.926746464531,0.611628841063,0.657044558273
run-013,5.3,0.9416928561,0.58378803339,0.657048314027
run-013,5.325,0.955935866201,0.555368951501,0.65705204546
run-013,5.35,0.969461303675,0.526393561187,0.657055731122
run-013,5.375,0.98225554426,0.496885238588,0.657059348985
run-013,5.4,0.994305565604,0.466868746269,0.657062876657
run-013,5.425,1.00559898157,0.436370200795,0.657066291593
run-013,5.45,1.01612407564,0.405417031838,0.657069571329
run-013,5.475,1.02586983317,0.374037932909,0.657072693721
run-013,5.5,1.03482597229,0.342262803881,0.657075637183
run-013,5.525,1.04298297336,0.310122685547,0.657078380929
run-013,5.55,1.05033210657,0.277649686539,0.657080905217
run-013,5.575,1.05686545769,0.244876902992,0.657083191571
run-013,5.6,1.06257595172,0.211838331429,0.657085223013
run-013,5.625,1.06745737426,0.178568775387,0.657086984259
run-013,5.65,1.07150439049,0.145103746389,0.657088461914
run-013,5.675,1.07471256158,0.111479359915,0.657089644638
run-013,5.7,1.07707835848,0.0777322270715,0.657090523287
run-013,5.725,1.07859917293,0.0438993427158,0.657091091028
run-013,5.75,1.07927332562,0.0100179708244,0.657091343431
run-013,5.775,1.07910007147,-0.0238744720826,0.657091278522
run-013,5.8,1.07807960201,-0.0577405346171,0.657090896808
run-013,5.825,1.07621304474,-0.0915428484519,0.657090201273
run-013,5.85,1.07350245959,-0.125244245649,0.657089197338
run-013,5.875,1.06995083246,-0.158807874539,0.657087892793
run-013,5.9,1.06556206586,-0.192197313326,0.657086297696
run-013,5.925,1.06034096679,-0.225376680607,0.657084424245
run-013,5.95,1.05429323183,-0.258310742026,0.65708228663
run-013,5.975,1.04742542969,-0.290965012351,0.657079900851
run-013,6,1.03974498122,-0.323305852258,0.657077284524
run-013,6.025,1.03126013708,-0.355300559215,0.657074456669
run-013,6.05,1.02197995325,-0.386917451891,0.657071437486
run-013,6.075,1.01191426448,-0.418125947573,0.657068248115
run-013,6.1,1.00107365588,-0.44889663217,0.6570649104
run-013,6.125,0.989469432875,-0.47920132243,0.657061446646
run-013,6.15,0.977113589755,-0.509013120087,0.657057879376
run-013,6.175,0.964018776871,-0.538306457724,0.657054231102
run-013,6.2,0.950198266869,-0.567057136205,0.657050524092
run-013,6.225,0.935665920061,-0.595242353626,0.657046780162
run-013,6.25,0.920436149187,-0.622840725784,0.657043020472
run-013,6.275,0.904523883771,-0.649832298247,0.657039265347
run-013,6.3,0.887944534275,-0.676198550175,0.657035534109
run-013,6.325,0.870713956263,-0.701922390102,0.657031844933
run-013,6.35,0.85284841477,-0.726988143937,0.657028214728
run-013,6.375,0.834364549066,-0.751381535533,0.65702465903
run-013,6.4,0.815279337993,-0.775089660165,0.657021191928
run-013,6.425,0.795610066057,-0.798100951362,0.657017826005
run-013,6.45,0.775374290425,-0.820405141521,0.657014572299
run-013,6.475,0.754589808981,-0.841993216804,0.657011440296
run-013,6.5,0.733274629585,-0.862857366823,0.657008437929
run-013,6.525,0.71144694064,-0.882990929636,0.657005571603
run-013,6.55,0.689125083103,-0.902388332612,0.657002846237
run-013,6.575,0.66632752401,-0.921045029711,0.657000265321
run-013,6.6,0.643072831618,-0.938957435728,0.656997830985
run-013,6.625,0.619379652223,-0.956122858083,0.656995544078
run-013,6.65,0.595266688713,-0.972539426678,0.656993404268
run-013,6.675,0.570752680889,-0.988206022393,0.656991410134
run-013,6.7,0.545856387594,-1.00312220473,0.656989559279
run-013,6.725,0.520596570653,-1.01728813912,0.656987848441
run-013,6.75,0.494991980638,-1.03070452444,0.656986273605
run-013,6.775,0.469061344431,-1.04337252111,0.656984830126
run-013,6.8,0.442823354582,-1.05529368034,0.65698351284
run-013,6.825,0.416296660414,-1.0664698749,0.656982316184
run-013,6.85,0.389499860837,-1.07690323179,0.656981234309
run-013,6.875,0.362451498824,-1.08659606729,0.656980261191
run-013,6.9,0.335170057473,-1.09555082459,0.656979390737
run-013,6.925,0.307673957595,-1.10377001449,0.656978616884
run-013,6.95,0.279981556748,-1.1112561594,0.656977933702
run-013,6.975,0.252111149625,-1.11801174083,0.656977335472
run-013,7,0.224080969707,-1.1240391508,0.656976816782
run-013,7.025,0.195909192085,-1.12934064723,0.656976372589
run-013,7.05,0.167613937345,-1.1339183136,0.656975998297
run-013,7.075,0.139213276405,-1.13777402307,0.656975689813
run-013,7.1,0.110725236192,-1.14090940711,0.6569754436
run-013,7.125,0.0821678060495,-1.14332582885,0.65697525672
run-013,7.15,0.0535589447492,-1.14502436133,0.656975126872
run-013,7.175,0.0249165879832,-1.14600577053,0.656975052418
run-013,7.2,-0.00374134377721,-1.14627050348,0.656975032407
run-013,7.225,-0.0323969371906,-1.14581868131,0.656975066579
run-013,7.25,-0.0610322778429,-1.14465009743,0.656975155375
run-013,7.275,-0.089629442062,-1.14276422065,0.656975299929
run-013,7.3,-0.118170488875,-1.14016020347,0.656975502052
run-013,7.325,-0.146637452236,-1.1368368953,0.656975764214
run-013,7.35,-0.17501233364,-1.13279286061,0.656976089515
run-013,7.375,-0.203277095266,-1.12802640209,0.656976481641
run-013,7.4,-0.231413653745,-1.12253558847,0.656976944821
run-013,7.425,-0.25940387469,-1.11631828706,0.656977483776
run-013,7.45,-0.287229568098,-1.10937220086,0.656978103649
run-013,7.475,-0.314872484733,-1.10169491003,0.656978809943
run-013,7.5,-0.342314313599,-1.09328391751,0.656979608438
run-013,7.525,-0.369536680608,-1.08413669875,0.656980505109
run-013,7.55,-0.396521148536,-1.07425075502,0.656981506035
run-013,7.575,-0.423249218359,-1.06362367044,0.656982617301
run-013,7.6,-0.449702332058,-1.05225317201,0.656983844897
run-013,7.625,-0.47586187696,-1.04013719273,0.656985194608
run-013,7.65,-0.501709191695,-1.02727393723,0.656986671904
run-013,7.675,-0.527225573821,-1.01366194957,0.656988281823
run-013,7.7,-0.552392289173,-0.999300182942,0.656990028859
run-013,7.725,-0.577190582968,-0.984188070797,0.65699191684
run-013,7.75,-0.601601692713,-0.968325598882,0.656993948815
run-013,7.775,-0.625606862913,-0.95171337787,0.656996126935
run-013,7.8,-0.649187361606,-0.934352715998,0.656998452348
run-013,7.825,-0.672324498712,-0.916245691249,0.657000925087
run-013,7.85,-0.694999646169,-0.897395222559,0.657003543975
run-013,7.875,-0.71719425984,-0.877805139502,0.657006306537
run-013,7.9,-0.738889903144,-0.857480249919,0.657009208916
run-013,7.925,-0.760068272336,-0.83642640493,0.657012245809
run-013,7.95,-0.78071122339,-0.814650560773,0.657015410414
run-013,7.975,-0.800800800375,-0.792160836917,0.657018694396
run-013,8,-0.820319265236,-0.768966569887,0.657022087864
run-013,8.025,-0.839249128869,-0.745078362276,0.657025579372
run-013,8.05,-0.85757318335,-0.720508126399,0.657029155942
run-013,8.075,-0.875274535189,-0.695269122102,0.657032803099
run-013,8.1,-0.892336639455,-0.669375988239,0.657036504941
run-013,8.125,-0.908743334601,-0.642844767377,0.657040244218
run-013,8.15,-0.924478877824,-0.615692923326,0.657044002442
run-013,8.175,-0.939527980768,-0.587939351131,0.657047760015
run-013,8.2,-0.953875845381,-0.559604379218,0.657051496377
run-013,8.225,-0.967508199728,-0.530709763433,0.657055190178
run-013,8.25,-0.980411333552,-0.501278672797,0.657058819465
run-013,8.275,-0.992572133368,-0.471335666821,0.657062361884
run-013,8.3,-1.00397811689,-0.440906664344,0.657065794899
run-013,8.325,-1.01461746659,-0.410018903884,0.65706909602
run-013,8.35,-1.02447906209,-0.378700895605,0.65707224304
run-013,8.375,-1.03355251137,-0.34698236503,0.657075214276
run-013,8.4,-1.04182818034,-0.314894188768,0.657077988808
run-013,8.425,-1.0492972208,-0.28246832253,0.657080546724
run-013,8.45,-1.05595159647,-0.249737721845,0.657082869349
run-013,8.475,-1.0617841069,-0.216736255908,0.657084939467
run-013,8.5,-1.06678840926,-0.1834986151,0.657086741534
run-013,8.525,-1.07095903765,-0.150060212755,0.657088261865
run-013,8.55,-1.0742914199,-0.116457081824,0.657089488805
run-013,8.575,-1.07678189174,-0.082725767136,0.657090412878
run-013,8.6,-1.07842770826,-0.0489032139992,0.657091026903
run-013,8.625,-1.07922705244,-0.0150266539215,0.657091326092
run-013,8.65,-1.07917904095,0.018866511727,0.657091308104
run-013,8.675,-1.07828372686,0.0527388292816,0.65709097308
run-013,8.7,-1.07654209949,0.0865529107278,0.657090323639
run-013,8.725,-1.07395608132,0.120271551172,0.657089364846
run-013,8.75,-1.07052852193,0.153857844988,0.657088104146
run-013,8.775,-1.06626318907,0.18727529981,0.657086551269
run-013,8.8,-1.06116475694,0.220487947555,0.657084718107
run-013,8.825,-1.05523879169,0.253460451701,0.657082618565
run-013,8.85,-1.04849173435,0.286158210076,0.657080268387
run-013,8.875,-1.04093088119,0.318547452474,0.657077684964
run-013,8.9,-1.03256436173,0.350595332446,0.657074887124
run-013,8.925,-1.02340111457,0.382270012695,0.657071894904
run-013,8.95,-1.01345086109,0.41354074356,0.657068729323
run-013,8.975,-1.00272407739,0.444377934138,0.657065412135
run-014,0,1.14310344828,0,0.747251230565
run-014,0.025,1.14264353818,-0.0367821032364,0.747251033705
run-014,0.05,1.14126434311,-0.0735214236991,0.747250444773
run-014,0.075,1.13896746699,-0.110175323788,0.747249468689
run-014,0.1,1.13575557692,-0.146701455143,0.747248113582
run-014,0.125,1.13163239423,-0.183057900511,0.747246390672
run-014,0.15,1.1266026819,-0.219203312349,0.747244314128
run-014,0.175,1.12067222862,-0.255097047114,0.747241900872
run-014,0.2,1.11384782954,-0.290699294281,0.747239170355
run-014,0.225,1.1061372639,-0.325971199146,0.747236144306
run-014,0.25,1.09754926959,-0.360874978554,0.747232846445
run-014,0.275,1.08809351497,-0.395374028793,0.74722930219
run-014,0.3,1.07778056815,-0.429433024926,0.747225538332
run-014,0.325,1.06662186373,-0.463018010984,0.747221582713
run-014,0.35,1.0546296676,-0.496096480488,0.747217463892
run-014,0.375,1.0418170397,-0.528637446896,0.747213210818
run-014,0.4,1.02819779525,-0.560611503658,0.747208852503
run-014,0.425,1.01378646452,-0.591990873664,0.74720441771
run-014,0.45,0.998598251569,-0.622749447981,0.747199934655
run-014,0.475,0.982648992122,-0.65286281385,0.747195430728
run-014,0.5,0.965955110877,-0.682308272031,0.747190932239
run-014,0.525,0.94853357852,-0.711064843668,0.747186464187
run-014,0.55,0.930401868693,-0.739113266922,0.747182050059
run-014,0.575,0.911577915174,-0.766435983707,0.747177711659
run-014,0.6,0.892080069508,-0.793017116943,0.747173468963
run-014,0.625,0.871927059327,-0.818842438788,0.747169340012
run-014,0.65,0.851137947569,-0.843899330389,0.74716534083
run-014,0.675,0.829732092807,-0.868176733718,0.747161485378
run-014,0.7,0.807729110883,-0.891665096129,0.747157785531
run-014,0.725,0.785148838001,-0.914356308277,0.747154251086
run-014,0.75,0.762011295469,-0.93624363609,0.747150889797
run-014,0.775,0.738336656196,-0.957321647487,0.747147707431
run-014,0.8,0.714145213094,-0.977586134553,0.747144707849
run-014,0.825,0.689457349469,-0.997034031885,0.747141893099
run-014,0.85,0.6642935115,-1.01566333182,0.747139263533
run-014,0.875,0.638674182878,-1.03347299726,0.747136817937
run-014,0.9,0.612619861637,-1.05046287275,0.747134553661
run-014,0.925,0.58615103924,-1.06663359453,0.747132466777
run-014,0.95,0.559288181911,-1.08198650018,0.747130552223
run-014,0.975,0.532051714232,-1.09652353847,0.747128803965
run-014,1,0.504462004987,-1.11024718009,0.747127215156
run-014,1.025,0.476539355227,-1.12316032967,0.747125778291
run-014,1.05,0.448303988504,-1.1352662398,0.747124485367
run-014,1.075,0.419776043237,-1.14656842746,0.747123328034
run-014,1.1,0.390975567131,-1.15707059332,0.747122297741
run-014,1.125,0.361922513571,-1.16677654436,0.747121385883
run-014,1.15,0.332636739912,-1.17569012022,0.747120583929
run-014,1.175,0.30313800756,-1.18381512363,0.747119883552
run-014,1.2,0.273445983731,-1.19115525527,0.747119276748
run-014,1.225,0.243580244796,-1.19771405327,0.74711875594
run-014,1.25,0.213560281067,-1.20349483784,0.747118314078
run-014,1.275,0.183405502904,-1.20850066092,0.747117944732
run-014,1.3,0.153135248021,-1.2127342614,0.747117642164
run-014,1.325,0.122768789834,-1.21619802594,0.747117401401
run-014,1.35,0.0923253467245,-1.21889395541,0.747117218289
run-014,1.375,0.0618240920635,-1.22082363743,0.747117089547
run-014,1.4,0.031284164853,-1.22198822468,0.747117012793
run-014,1.425,0.000724680829596,-1.22238841945,0.747116986583
run-014,1.45,-0.0298352561194,-1.22202446423,0.747117010417
run-014,1.475,-0.0603765423817,-1.22089613846,0.747117084748
run-014,1.5,-0.0908800630423,-1.2190027615,0.747117210979
run-014,1.525,-0.121326680457,-1.21634320171,0.747117391444
run-014,1.55,-0.151697223128,-1.21291589168,0.747117629387
run-014,1.575,-0.181972475041,-1.20871884954,0.747117928918
run-014,1.6,-0.212133165605,-1.20374970623,0.747118294973
run-014,1.625,-0.242159960352,-1.19800573872,0.747118733256
run-014,1.65,-0.27203345254,-1.19148390892,0.747119250166
run-014,1.675,-0.301734155798,-1.1841809083,0.747119852724
run-014,1.7,-0.331242497955,-1.17609320781,0.747120548485
run-014,1.725,-0.360538816189,-1.16721711317,0.747121345436
run-014,1.75,-0.389603353614,-1.15754882505,0.747122251891
run-014,1.775,-0.418416257441,-1.14708450401,0.747123276373
run-014,1.8,-0.446957578815,-1.13582033991,0.747124427488
run-014,1.825,-0.475207274437,-1.12375262531,0.747125713792
run-014,1.85,-0.50314521008,-1.11087783272,0.747127143646
run-014,1.875,-0.530751166072,-1.09719269514,0.747128725076
run-014,1.9,-0.558004844837,-1.08269428951,0.747130465611
run-014,1.925,-0.584885880548,-1.06738012261,0.747132372136
run-014,1.95,-0.611373850967,-1.05124821889,0.747134450725
run-014,1.975,-0.637448291492,-1.03429720977,0.74713670649
run-014,2,-0.663088711456,-1.01652642371,0.747139143418
run-014,2.025,-0.688274612678,-0.997935976563,0.74714176422
run-014,2.05,-0.712985510284,-0.978526861616,0.747144570183
run-014,2.075,-0.737200955759,-0.958301038515,0.747147561033
run-014,2.1,-0.76090056221,-0.937261520566,0.747150734803
run-014,2.125,-0.784064031787,-0.915412459633,0.747154087722
run-014,2.15,-0.806671185191,-0.892759227953,0.747157614115
run-014,2.175,-0.828701993185,-0.869308496162,0.747161306324
run-014,2.2,-0.850136609999,-0.845068306804,0.747165154648
run-014,2.225,-0.870955408525,-0.820048142629,0.747169147312
run-014,2.25,-0.891139017131,-0.79425898897,0.747173270455
run-014,2.275,-0.910668357973,-0.767713389515,0.747177508149
run-014,2.3,-0.929524686606,-0.740425494828,0.747181842447
run-014,2.325,-0.947689632715,-0.712411102994,0.747186253462
run-014,2.35,-0.965145241756,-0.683687691794,0.747190719475
run-014,2.375,-0.981874017304,-0.654274441895,0.747195217074
run-014,2.4,-0.997858963851,-0.624192250574,0.747199721328
run-014,2.425,-1.01308362983,-0.593463735558,0.747204205984
run-014,2.45,-1.02753215063,-0.562113228657,0.747208643698
run-014,2.475,-1.04118929127,-0.530166758915,0.747213006286
run-014,2.5,-1.05404048857,-0.497652025122,0.747217265005
run-014,2.525,-1.06607189252,-0.464598357591,0.747221390848
run-014,2.55,-1.07727040645,-0.431036669209,0.747225354856
run-014,2.575,-1.08762372598,-0.396999395888,0.747229128444
run-014,2.6,-1.09712037625,-0.362520426599,0.747232683728
run-014,2.625,-1.10574974731,-0.327635023322,0.747235993859
run-014,2.65,-1.11350212741,-0.2923797313,0.747239033348
run-014,2.675,-1.12036873388,-0.256792280128,0.747241778388
run-014,2.7,-1.12634174142,-0.220911476251,0.747244207148
run-014,2.725,-1.13141430769,-0.184777087587,0.747246300062
run-014,2.75,-1.1355805958,-0.148429721043,0.747248040084
run-014,2.775,-1.13883579374,-0.111910693774,0.747249412911
run-014,2.8,-1.14117613049,-0.0752618991159,0.747250407177
run-014,2.825,-1.1425988887,-0.0385256681669,0.747251014606
run-014,2.85,-1.1431024139,-0.00174462805167,0.747251230122
run-014,2.875,-1.1426861201,0.0350384420659,0.747251051922
run-014,2.9,-1.14135049179,0.0717807561288,0.747250481497
run-014,2.925,-1.13909708229,0.108439666385,0.747249523615
run-014,2.95,-1.13592850847,0.144972807534,0.747248186251
run-014,2.975,-1.13184844192,0.181338238717,0.747246480487
run-014,3,-1.12686159654,0.217494582302,0.747244420352
run-014,3.025,-1.1209737128,0.253401158403,0.747242022643
run-014,3.05,-1.11419153862,0.289018114165,0.747239306697
run-014,3.075,-1.10652280709,0.324306546883,0.747236294141
run-014,3.1,-1.09797621127,0.359228620086,0.747233008609
run-014,3.125,-1.08856137609,0.393747671816,0.747229475443
run-014,3.15,-1.07828882768,0.427828314384,0.747225721377
run-014,3.175,-1.06716996037,0.461436525002,0.74722177421
run-014,3.2,-1.05521700143,0.494539726783,0.747217662477
run-014,3.225,-1.04244297403,0.527106859666,0.747213415114
run-014,3.25,-1.02886165845,0.559108440973,0.747209061137
run-014,3.275,-1.01448755198,0.590516615363,0.747204629328
run-014,3.3,-0.999335827682,0.621305194077,0.747200147935
run-014,3.325,-0.983422292279,0.651449683444,0.747195644394
run-014,3.35,-0.96676334351,0.68092730273,0.747191145071
run-014,3.375,-0.949375927142,0.70971699149,0.747186675033
run-014,3.4,-0.931277493936,0.737799406682,0.747182257842
run-014,3.425,-0.912485956808,0.765156909866,0.747177915384
run-014,3.45,-0.893019648442,0.791773544892,0.747173667727
run-014,3.475,-0.872897279564,0.817635006555,0.747169533003
run-014,3.5,-0.852137898115,0.842728600724,0.747165527336
run-014,3.525,-0.830760849527,0.867043196553,0.747161664784
run-014,3.55,-0.808785738287,0.890569171359,0.74715795732
run-014,3.575,-0.786232390959,0.913298348845,0.74715441484
run-014,3.6,-0.763120820845,0.935223931337,0.747151045194
run-014,3.625,-0.739471194393,0.956340426735,0.747147854241
run-014,3.65,-0.715303799508,0.976643570888,0.747144845931
run-014,3.675,-0.690639015848,0.996130246105,0.747142022394
run-014,3.7,-0.665497287203,1.01479839652,0.747139384063
run-014,3.725,-0.639899096022,1.03264694099,0.747136929791
run-014,3.75,-0.613864940153,1.0496756843,0.747134656996
run-014,3.775,-0.587415311807,1.06588522717,0.747132561805
run-014,3.8,-0.560570678795,1.08127687596,0.747130639208
run-014,3.825,-0.533351468009,1.09585255251,0.747128883213
run-014,3.85,-0.505778051169,1.10961470472,0.747127287008
run-014,3.875,-0.477870732773,1.12256621861,0.747125843115
run-014,3.9,-0.449649740239,1.13471033219,0.747124543551
run-014,3.925,-0.421135216164,1.14605055175,0.74712337998
run-014,3.95,-0.392347212651,1.15659057101,0.747122343857
run-014,3.975,-0.363305687613,1.16633419361,0.747121426576
run-014,4,-0.334030502971,1.17528525925,0.7471206196
run-014,4.025,-0.30454142465,1.18344757392,0.747119914591
run-014,4.05,-0.274858124274,1.19082484453,0.747119303524
run-014,4.075,-0.245000182424,1.19742061823,0.747118778801
run-014,4.1,-0.214987093363,1.20323822672,0.747118333346
run-014,4.125,-0.184838271088,1.20828073573,0.747117960697
run-014,4.15,-0.154573056576,1.21255089994,0.74711765508
run-014,4.175,-0.124210726091,1.21605112348,0.747117411487
run-014,4.2,-0.0937705004024,1.21878342622,0.747117225723
run-014,4.225,-0.0632715547801,1.22074941589,0.747117094462
run-014,4.25,-0.0327330296081,1.2219502662,0.747117015284
run-014,4.275,-0.00217404147027,1.22238670106,0.747116986696
run-014,4.3,0.0283863054449,1.22205898489,0.747117008153
run-014,4.325,0.0589289077742,1.22096691907,0.747117080065
run-014,4.35,0.0894346513984,1.21910984462,0.747117203789
run-014,4.375,0.119884400005,1.21648665099,0.747117381617
run-014,4.4,0.150258983948,1.213095791,0.747117616747
run-014,4.425,0.180539189555,1.20893530187,0.747117913253
run-014,4.45,0.210705749041,1.2040028322,0.747118276031
run-014,4.475,0.240739331165,1.1982956749,0.747118710748
run-014,4.5,0.270620532786,1.19181080587,0.747119223776
run-014,4.525,0.300329871459,1.18454492831,0.747119822106
run-014,4.55,0.329847779202,1.17649452242,0.74712051327
run-014,4.575,0.35915459758,1.16765590044,0.747121305236
run-014,4.6,0.388230574224,1.15802526659,0.747122206307
run-014,4.625,0.417055860909,1.1475987818,0.747123224998
run-014,4.65,0.445610513314,1.1363726329,0.747124369913
run-014,4.675,0.473874492554,1.12434310588,0.747125649615
run-014,4.7,0.501827668608,1.11150666291,0.747127072477
run-014,4.725,0.5294498257,1.09786002278,0.747128646544
run-014,4.75,0.556720669747,1.0834002442,0.747130379373
run-014,4.775,0.58361983791,1.06812481159,0.747132277882
run-014,4.8,0.610126910326,1.05203172285,0.747134348189
run-014,4.825,0.636221424052,1.03511957857,0.747136595452
run-014,4.85,0.661882889255,1.01738767212,0.747139023716
run-014,4.875,0.687090807658,0.998836079983,0.747141635758
run-014,4.9,0.711824693254,0.97946575181,0.747144432934
run-014,4.925,0.736064095249,0.959278599435,0.747147415046
run-014,4.95,0.759788623226,0.938277584256,0.747150580212
run-014,4.975,0.782977974462,0.91646680227,0.747153924749
run-014,5,0.805611963339,0.893851566046,0.747157443072
run-014,5.025,0.827670552764,0.870438482948,0.74716112762
run-014,5.05,0.849133887486,0.846235528875,0.747164968791
run-014,5.075,0.869982329208,0.821252116821,0.747168954907
run-014,5.1,0.890196493328,0.795499159548,0.747173072206
run-014,5.125,0.909757287185,0.768989125688,0.747177304857
run-014,5.15,0.928645949612,0.741736088622,0.747181635008
run-014,5.175,0.946844091616,0.713755767508,0.747186042862
run-014,5.2,0.964333737987,0.685065559877,0.747190506782
run-014,5.225,0.98109736961,0.655684565255,0.747195003435
run-014,5.25,0.99711796625,0.625633599348,0.747199507957
run-014,5.275,1.01237904958,0.594935198356,0.747203994153
run-014,5.3,1.02686472617,0.5636136131,0.747208434723
run-014,5.325,1.04055973023,0.531694792675,0.74721280152
run-014,5.35,1.0534494658,0.499206357468,0.747217065819
run-014,5.375,1.06552004811,0.46617756144,0.747221198619
run-014,5.4,1.07675834387,0.432639243692,0.747225170951
run-014,5.425,1.08715201029,0.39862376941,0.747228954206
run-014,5.45,1.09668953234,0.364164960387,0.747232520458
run-014,5.475,1.10536025831,0.329298015444,0.747235842803
run-014,5.5,1.11315443312,0.294059421134,0.747238895679
run-014,5.525,1.12006322937,0.25848685325,0.747241655192
run-014,5.55,1.12607877578,0.222619069716,0.747244099411
run-014,5.575,1.13119418285,0.18649579557,0.747246208658
run-014,5.6,1.13540356556,0.150157600793,0.74724796576
run-014,5.625,1.13870206289,0.113645771848,0.747249356281
run-014,5.65,1.14108585415,0.0770021778443,0.747250368711
run-014,5.675,1.14255217178,0.0402691322988,0.747250994625
run-014,5.7,1.14309931076,0.00348925153683,0.747251228793
run-014,5.725,1.14272663436,-0.0332946892144,0.747251069256
run-014,5.75,1.1414345763,-0.0700399009413,0.747250517349
run-014,5.775,1.13922463931,-0.106703726065,0.747249577686
run-014,5.8,1.13609939,-0.143243782661,0.747248258092
run-014,5.825,1.13206245018,-0.179618106581,0.747246569503
run-014,5.85,1.12711848467,-0.215785290405,0.747244525815
run-014,5.875,1.12127318566,-0.251704618195,0.747242143697
run-014,5.9,1.11453325376,-0.287336195043,0.747239442372
run-014,5.925,1.10690637591,-0.322641070504,0.747236443362
run-014,5.95,1.09840120024,-0.357581355037,0.747233170215
run-014,5.975,1.08902730816,-0.392120328659,0.747229648198
run-014,6,1.0787951838,-0.426222541132,0.747225903987
run-014,6.025,1.0677161811,-0.459853903037,0.747221965338
run-014,6.05,1.05580248865,-0.492981767233,0.747217860757
run-014,6.075,1.04306709274,-0.525575000279,0.74721361917
run-014,6.1,1.02952373864,-0.557604043481,0.747209269596
run-014,6.125,1.01518689056,-0.589040963354,0.747204840835
run-014,6.15,1.00007169047,-0.619859491379,0.747200361166
run-014,6.175,0.984193915995,-0.650035053013,0.74719585807
run-014,6.2,0.96756993782,-0.679544786041,0.74719135797
run-014,6.225,0.950216676693,-0.708367548425,0.747186885998
run-014,6.25,0.932151560398,-0.736483915893,0.747182465793
run-014,6.275,0.913392480899,-0.763876169599,0.747178119323
run-014,6.3,0.893957751918,-0.790528274253,0.747173866745
run-014,6.325,0.873866067186,-0.816425847194,0.747169726286
run-014,6.35,0.853136459559,-0.841556118911,0.747165714164
run-014,6.375,0.83178826124,-0.865907885612,0.747161844538
run-014,6.4,0.809841065278,-0.889471454438,0.74715812948
run-014,6.425,0.787314688518,-0.912238581988,0.747154578983
run-014,6.45,0.764229136179,-0.934202406822,0.747151200992
run-014,6.475,0.740604568177,-0.955357376647,0.747148001462
run-014,6.5,0.716461267346,-0.975699170891,0.747144984428
run-014,6.525,0.691819609633,-0.995224619387,0.747142152107
run-014,6.55,0.666700036377,-1.01393161786,0.747139505006
run-014,6.575,0.64112302874,-1.03181904095,0.747137042053
run-014,6.6,0.615109084329,-1.04888665344,0.74713476073
run-014,6.625,0.588678696068,-1.06513502036,0.747132657222
run-014,6.65,0.561852333311,-1.08056541664,0.747130726568
run-014,6.675,0.534650425236,-1.09517973695,0.747128962821
run-014,6.7,0.507093346464,-1.10898040625,0.747127359202
run-014,6.725,0.479201404923,-1.12197029176,0.747125908263
run-014,6.75,0.450994831876,-1.13415261669,0.747124602041
run-014,6.775,0.422493774088,-1.14553087647,0.747123432213
run-014,6.8,0.393718288053,-1.1561087577,0.74712239024
run-014,6.825,0.364688336203,-1.16589006051,0.747121467517
run-014,6.85,0.335423785027,-1.17487862451,0.747120655501
run-014,6.875,0.305944404978,-1.18307825878,0.74711994584
run-014,6.9,0.276269872088,-1.19049267635,0.747119330494
run-014,6.925,0.246419771161,-1.19712543324,0.747118801841
run-014,6.95,0.216413600426,-1.20297987256,0.747118352778
run-014,6.975,0.186270777532,-1.20805907371,0.747117976812
run-014,7,0.156010646741,-1.21236580704,0.747117668136
run-014,7.025,0.12565248718,-1.21590249414,0.747117421702
run-014,7.05,0.0952155220333,-1.21867117377,0.747117233278
run-014,7.075,0.0647189284919,-1.22067347373,0.747117099495
run-014,7.1,0.034181848347,-1.22191058873,0.747117017888
run-014,7.125,0.00362339905538,-1.22238326428,0.74711698692
run-014,7.15,-0.0269373148672,-1.22209178671,0.747117006003
run-014,7.175,-0.0574811902804,-1.22103597936,0.747117075499
run-014,7.2,-0.0879891138352,-1.21921520492,0.747117196722
run-014,7.225,-0.118441950526,-1.21662837396,0.747117371918
run-014,7.25,-0.148820532533,-1.2132739596,0.747117604246
run-014,7.275,-0.179105648506,-1.20915001818,0.747117897736
run-014,7.3,-0.209278033443,-1.20425421605,0.747118257249
run-014,7.325,-0.239318359309,-1.19858386216,0.747118688417
run-014,7.35,-0.269207226551,-1.19213594648,0.747119197577
run-014,7.375,-0.298925156633,-1.18490718405,0.747119791696
run-014,7.4,-0.328452585753,-1.17689406446,0.747120478281
run-014,7.425,-0.357769859856,-1.16809290659,0.747121265282
run-014,7.45,-0.386857231082,-1.15849991836,0.747122160987
run-014,7.475,-0.415694855774,-1.14811126123,0.747123173906
run-014,7.5,-0.444262794144,-1.13692311917,0.747124312642
run-014,7.525,-0.472541011732,-1.12493177175,0.74712558576
run-014,7.55,-0.500509382731,-1.11213367101,0.747127001649
run-014,7.575,-0.528147695283,-1.09852552171,0.74712856837
run-014,7.6,-0.555435658817,-1.0841043645,0.747130293508
run-014,7.625,-0.582352913508,-1.06886766165,0.747132184015
run-014,7.65,-0.6088790419,-1.05281338472,0.74713424605
run-014,7.675,-0.634993582744,-1.03594010368,0.747136484821
run-014,7.7,-0.660676047083,-1.018247077,0.747138904428
run-014,7.725,-0.685905936594,-0.999734341991,0.747141507712
run-014,7.75,-0.710662764183,-0.980402804877,0.7471442961
run-014,7.775,-0.734926076838,-0.96025432987,0.747147269472
run-014,7.8,-0.758675480677,-0.939291826658,0.747150426025
run-014,7.825,-0.78189066817,-0.917519335552,0.747153762166
run-014,7.85,-0.804551447454,-0.894942109629,0.747157272403
run-014,7.875,-0.826637773652,-0.871566693148,0.747160949269
run-014,7.9,-0.848129782111,-0.847400995516,0.74716478326
run-014,7.925,-0.869007823428,-0.822454360114,0.747168762797
run-014,7.95,-0.889252500117,-0.796737627258,0.747172874216
run-014,7.975,-0.908844704791,-0.770263190635,0.747177101785
run-014,8,-0.927765659649,-0.743045046533,0.747181427744
run-014,8.025,-0.945996957117,-0.715098835261,0.747185832387
run-014,8.05,-0.963520601412,-0.686441874149,0.747190294163
run-014,8.075,-0.980319050825,-0.657093181615,0.747194789815
run-014,8.1,-0.996375260493,-0.627073491803,0.747199294545
run-014,8.125,-1.01167272541,-0.596405259374,0.747203782219
run-014,8.15,-1.02619552346,-0.565112654126,0.747208225583
run-014,8.175,-1.03992835812,-0.533221545141,0.747212596524
run-014,8.2,-1.05285660072,-0.500759474315,0.747216866337
run-014,8.225,-1.06496633184,-0.467755619154,0.747221006029
run-014,8.25,-1.07624438168,-0.434240744839,0.747224986622
run-014,8.275,-1.08667836908,-0.400247145671,0.74722877948
run-014,8.3,-1.09625673896,-0.365808576088,0.74723235664
run-014,8.325,-1.10496879788,-0.330960171552,0.74723569114
run-014,8.35,-1.11280474754,-0.295738359703,0.74723875735
run-014,8.375,-1.11975571587,-0.260180762289,0.747241531286
run-014,8.4,-1.12581378565,-0.224326088458,0.74724399092
run-014,8.425,-1.13097202029,-0.18821402009,0.747246116461
run-014,8.45,-1.13522448666,-0.151885089953,0.747247890611
run-014,8.475,-1.13856627479,-0.115380553517,0.7472492988
run-014,8.5,-1.14099351433,-0.0787422553512,0.747250329375
run-014,8.525,-1.14250338756,-0.0420124910747,0.747250973762
run-014,8.55,-1.14309413889,-0.00523386588902,0.747251226578
run-014,8.575,-1.14276508085,0.0315508492417,0.747251085707
run-014,8.6,-1.14151659642,0.0682988626742,0.747250552329
run-014,8.625,-1.13935013772,0.104967507327,0.747249630902
run-014,8.65,-1.13626822106,0.141514384973,0.747248329102
run-014,8.675,-1.13227441847,0.177897508484,0.747246657721
run-014,8.7,-1.12737334563,0.214075440959,0.747244630517
run-014,8.725,-1.12157064642,0.250007430696,0.747242264033
run-014,8.75,-1.1148729741,0.285653541013,0.747239577376
run-014,8.775,-1.10728796937,0.32097477399,0.747236591967
run-014,8.8,-1.0988242354,0.355933187253,0.747233331262
run-014,8.825,-1.08949131001,0.390492003028,0.747229820454
run-014,8.85,-1.07929963525,0.424615708729,0.74722608616
run-014,8.875,-1.06826052457,0.458270148487,0.747222156093
run-014,8.9,-1.05638612782,0.491422605073,0.747218058729
run-014,8.925,-1.04368939432,0.524041871798,0.747213822983
run-014,8.95,-1.03018403423,0.556098314068,0.747209477877
run-014,8.975,-1.01588447861,0.587563920345,0.747205052227
run-015,0,1.20689655172,0,0.844992124771
run-015,0.025,1.20639853648,-0.0398290120595,0.844991881684
run-015,0.05,1.20490510112,-0.0796092393019,0.844991154596
run-015,0.075,1.20241807452,-0.119292074768,0.84498994999
run-015,0.1,1.19894049738,-0.158829265786,0.844988278572
run-015,0.125,1.19447661123,-0.198173087567,0.84498615511
run-015,0.15,1.189031843,-0.237276512592,0.844983598227
run-015,0.175,1.1826127856,-0.276093374449,0.844980630136
run-015,0.2,1.17522717428,-0.314578524888,0.844977276331
run-015,0.225,1.16688385935,-0.352687982885,0.844973565227
run-015,0.25,1.15759277514,-0.390379074644,0.844969527782
run-015,0.275,1.14736490562,-0.427610563538,0.844965197071
run-015,0.3,1.13621224696,-0.46434276913,0.844960607863
run-015,0.325,1.12414776716,-0.500537674513,0.844955796162
run-015,0.35,1.11118536324,-0.536159021349,0.844950798767
run-015,0.375,1.0973398161,-0.571172392104,0.844945652821
run-015,0.4,1.08262674363,-0.605545279139,0.844940395376
run-015,0.425,1.06706255214,-0.639247140397,0.844935062976
run-015,0.45,1.05066438661,-0.672249441623,0.844929691261
run-015,0.475,1.03345008006,-0.704525685119,0.844924314608
run-015,0.5,1.01543810235,-0.736051425201,0.844918965797
run-015,0.525,0.996647508799,-0.766804270635,0.844913675718
run-015,0.55,0.977097888822,-0.796763874402,0.84490847312
run-015,0.575,0.956809315079,-0.825911911304,0.8449033844
run-015,0.6,0.935802293257,-0.854232043955,0.844898433438
run-015,0.625,0.914097712881,-0.881709877811,0.844893641469
run-015,0.65,0.891716799367,-0.90833290596,0.844889027005
run-015,0.675,0.868681067583,-0.93409044444,0.844884605795
run-015,0.7,0.845012277145,-0.95897355892,0.844880390821
run-015,0.725,0.820732389637,-0.982974983586,0.844876392336
run-015,0.75,0.795863527965,-1.00608903313,0.844872617933
run-015,0.775,0.77042793798,-1.02831150876,0.844869072645
run-015,0.8,0.744447952527,-1.04963959907,0.84486575907
run-015,0.825,0.717945958027,-1.0700717768,0.844862677522
run-015,0.85,0.690944363687,-1.08960769226,0.8448598262
run-015,0.875,0.663465573414,-1.10824806434,0.84485720137
run-015,0.9,0.63553196047,-1.12599457002,0.844854797569
run-015,0.925,0.607165844913,-1.1428497331,0.8448526078
run-015,0.95,0.578389473816,-1.15881681304,0.844850623752
run-015,0.975,0.549225004261,-1.17389969459,0.844848836006
run-015,1,0.519694489086,-1.188102779,0.844847234255
run-015,1.025,0.489819865311,-1.20143087737,0.844845807504
run-015,1.05,0.459622945218,-1.21388910688,0.844844544285
run-015,1.075,0.429125409967,-1.22548279047,0.844843432845
run-015,1.1,0.398348805694,-1.23621736042,0.844842461342
run-015,1.125,0.367314541946,-1.24609826636,0.84484161802
run-015,1.15,0.336043892376,-1.25513088826,0.84484089138
run-015,1.175,0.304557997533,-1.26332045467,0.844840270332
run-015,1.2,0.272877869642,-1.27067196659,0.844839744346
run-015,1.225,0.241024399204,-1.27719012741,0.844839303574
run-015,1.25,0.209018363272,-1.28287927909,0.844838938977
run-015,1.275,0.176880435249,-1.28774334485,0.844838642423
run-015,1.3,0.144631196029,-1.29178577866,0.844838406782
run-015,1.325,0.112291146316,-1.29500952161,0.844838226002
run-015,1.35,0.0798807199484,-1.29741696541,0.844838095176
run-015,1.375,0.0474202980453,-1.29900992309,0.844838010591
run-015,1.4,0.0149302237938,-1.29978960701,0.844837969768
run-015,1.425,-0.0175691823052,-1.29975661427,0.844837971488
run-015,1.45,-0.0500576069195,-1.29891091955,0.844838015802
run-015,1.475,-0.0825147282825,-1.29725187542,0.844838104033
run-015,1.5,-0.114920200691,-1.29477822011,0.84483823876
run-015,1.525,-0.147253639288,-1.29148809267,0.844838423796
run-015,1.55,-0.179494605324,-1.28737905559,0.844838664143
run-015,1.575,-0.211622592068,-1.28244812468,0.844838965943
run-015,1.6,-0.243617011558,-1.27669180613,0.844839336409
run-015,1.625,-0.275457182374,-1.27010614075,0.844839783752
run-015,1.65,-0.307122318595,-1.262686755,0.84484031708
run-015,1.675,-0.338591520124,-1.25442891886,0.844840946301
run-015,1.7,-0.369843764538,-1.24532761015,0.844841681996
run-015,1.725,-0.400857900631,-1.2353775851,0.844842535293
run-015,1.75,-0.431612643794,-1.22457345498,0.844843517719
run-015,1.775,-0.462086573381,-1.21290976824,0.844844641043
run-015,1.8,-0.492258132205,-1.20038109798,0.844845917106
run-015,1.825,-0.522105628279,-1.18698213433,0.844847357644
run-015,1.85,-0.551607238922,-1.17270778116,0.844848974097
run-015,1.875,-0.580741017337,-1.15755325673,0.844850777409
run-015,1.9,-0.609484901759,-1.14151419775,0.844852777825
run-015,1.925,-0.637816727225,-1.12458676614,0.84485498468
run-015,1.95,-0.665714240065,-1.10676775805,0.844857406189
run-015,1.975,-0.693155115127,-1.0880547143,0.844860049228
run-015,2,-0.72011697578,-1.06844603155,0.844862919132
run-015,2.025,-0.746577416705,-1.04794107359,0.844866019481
run-015,2.05,-0.77251402946,-1.02654028169,0.844869351914
run-015,2.075,-0.79790443079,-1.00424528345,0.844872915936
run-015,2.1,-0.822726293632,-0.981058999138,0.844876708757
run-015,2.125,-0.846957380746,-0.956985744623,0.84488072514
run-015,2.15,-0.870575580864,-0.932031330124,0.84488495728
run-015,2.175,-0.893558947253,-0.906203153751,0.844889394705
run-015,2.2,-0.915885738551,-0.879510288985,0.844894024207
run-015,2.225,-0.937534461702,-0.851963565195,0.844898829815
run-015,2.25,-0.958483916811,-0.823575640287,0.844903792792
run-015,2.275,-0.978713243716,-0.794361064645,0.844908891684
run-015,2.3,-0.998201970043,-0.76433633554,0.844914102404
run-015,2.325,-1.01693006049,-0.733519941233,0.844919398355
run-015,2.35,-1.0348779671,-0.701932394068,0.844924750607
run-015,2.375,-1.0520266802,-0.669596251895,0.844930128105
run-015,2.4,-1.0683577797,-0.636536127294,0.844935497929
run-015,2.425,-1.08385348656,-0.602778684094,0.844940825587
run-015,2.45,-1.0984967139,-0.568352620847,0.84494607535
run-015,2.475,-1.1122711176,-0.533288640978,0.844951210619
run-015,2.5,-1.12516114595,-0.497619409479,0.844956194319
run-015,2.525,-1.13715208808,-0.461379496119,0.844960989317
run-015,2.55,-1.14823012076,-0.424605305284,0.844965558864
run-015,2.575,-1.15838235334,-0.387334992681,0.844969867037
run-015,2.6,-1.16759687039,-0.349608369281,0.84497387919
run-015,2.625,-1.17586277181,-0.311466793007,0.844977562403
run-015,2.65,-1.18317021004,-0.272953048799,0.84498088591
run-015,2.675,-1.18951042425,-0.234111217815,0.844983821518
run-015,2.7,-1.19487577093,-0.19498653666,0.844986343987
run-015,2.725,-1.19925975108,-0.155625247629,0.844988431386
run-015,2.75,-1.20265703332,-0.116074441057,0.844990065395
run-015,2.775,-1.20506347313,-0.0763818909856,0.844991231567
run-015,2.8,-1.20647612786,-0.0365958853773,0.844991919537
run-015,2.825,-1.2068932674,0.00323494775489,0.844992123167
run-015,2.85,-1.20631438048,0.0430618169498,0.844991840637
run-015,2.875,-1.20474017655,0.0828359452081,0.844991074473
run-015,2.9,-1.20217258322,0.122508747787,0.844989831506
run-015,2.925,-1.19861473916,0.162032008455,0.844988122775
run-015,2.95,-1.19407098279,0.20135805279,0.844985963372
run-015,2.975,-1.18854683652,0.24043991717,0.844983372222
run-015,3,-1.18204898694,0.279231512104,0.844980371817
run-015,3.025,-1.17458526092,0.317687778679,0.844976987901
run-015,3.05,-1.166164598,0.355764836933,0.844973249111
run-015,3.075,-1.15679701907,0.393420125065,0.844969186591
run-015,3.1,-1.14649359175,0.430612528531,0.844964833574
run-015,3.125,-1.13526639265,0.467302498138,0.84496022494
run-015,3.15,-1.12312846684,0.503452156407,0.84495539678
run-015,3.175,-1.11009378483,0.539025391586,0.844950385935
run-015,3.2,-1.09617719726,0.573987938838,0.844945229557
run-015,3.225,-1.08139438788,0.608307448237,0.844939964672
run-015,3.25,-1.06576182485,0.641953539379,0.844934627764
run-015,3.275,-1.04929671091,0.674897842492,0.844929254386
run-015,3.3,-1.03201693273,0.707114026111,0.844923878795
run-015,3.325,-1.01394100961,0.738577811465,0.844918533628
run-015,3.35,-0.995088042152,0.769266973866,0.84491324961
run-015,3.375,-0.975477660916,0.799161331474,0.844908055307
run-015,3.4,-0.955129975579,0.82824272193,0.844902976918
run-015,3.425,-0.934065524819,0.856494967435,0.844898038111
run-015,3.45,-0.912305227207,0.88390382892,0.844893259903
run-015,3.475,-0.889870333373,0.91045695004,0.844888660582
run-015,3.5,-0.866782379705,0.936143791757,0.844884255672
run-015,3.525,-0.843063143785,0.960955558355,0.844880057931
run-015,3.55,-0.818734601787,0.984885115732,0.844876077395
run-015,3.575,-0.793818887999,1.00792690288,0.844872321443
run-015,3.6,-0.768338256643,1.03007683741,0.844868794906
run-015,3.625,-0.742315046128,1.05133221612,0.84486550019
run-015,3.65,-0.715771645837,1.07169161137,0.844862437432
run-015,3.675,-0.68873046556,1.09115476435,0.844859604665
run-015,3.7,-0.66121390762,1.10972247587,0.84485699801
run-015,3.725,-0.633244341766,1.12739649584,0.844854611869
run-015,3.75,-0.604844082828,1.14417941194,0.844852439132
run-015,3.775,-0.576035371169,1.16007453852,0.844850471389
run-015,3.8,-0.546840355902,1.17508580629,0.844848699143
run-015,3.825,-0.517281080855,1.18921765372,0.84484711202
run-015,3.85,-0.487379473217,1.20247492059,0.844845698982
run-015,3.875,-0.457157334825,1.21486274451,0.844844448528
run-015,3.9,-0.426636335991,1.22638646082,0.844843348893
run-015,3.925,-0.395838011784,1.23705150658,0.844842388235
run-015,3.95,-0.364783760662,1.24686332894,0.844841554813
run-015,3.975,-0.333494845337,1.25582729855,0.844840837154
run-015,4,-0.301992395735,1.26394862824,0.844840224211
run-015,4.025,-0.270297413925,1.27123229738,0.844839705501
run-015,4.05,-0.238430780866,1.27768298231,0.844839271241
run-015,4.075,-0.20641326481,1.28330499302,0.84483891246
run-015,4.1,-0.174265531215,1.28810221643,0.844838621104
run-015,4.125,-0.142008153988,1.29207806638,0.844838390129
run-015,4.15,-0.109661627895,1.29523544063,0.844838213573
run-015,4.175,-0.0772463819566,1.29757668489,0.844838086624
run-015,4.2,-0.0447827936512,1.29910356412,0.844838005668
run-015,4.225,-0.0122912037507,1.29981724118,0.844837968328
run-015,4.25,0.0202080684075,1.29971826278,0.844837973488
run-015,4.275,0.0526947093883,1.29880655299,0.844838021302
run-015,4.3,0.0851483960568,1.29708141409,0.844838113195
run-015,4.325,0.117548780093,1.29454153498,0.84483825185
run-015,4.35,0.149875472806,1.29118500696,0.844838441175
run-015,4.375,0.182108030441,1.28700934691,0.844838686268
run-015,4.4,0.214225940151,1.28201152778,0.84483899336
run-015,4.425,0.246208606829,1.27618801623,0.844839369751
run-015,4.45,0.278035340963,1.26953481742,0.844839823724
run-015,4.475,0.3096853477,1.26204752662,0.84484036446
run-015,4.5,0.341137717294,1.25372138759,0.844841001924
run-015,4.525,0.37237141708,1.24455135744,0.844841746748
run-015,4.55,0.403365285166,1.23453217772,0.844842610097
run-015,4.575,0.434098025966,1.22365845143,0.844843603523
run-015,4.6,0.464548207737,1.21192472569,0.844844738808
run-015,4.625,0.494694262251,1.19932557962,0.844846027792
run-015,4.65,0.524514486719,1.18585571703,0.844847482194
run-015,4.675,0.553987048102,1.17151006351,0.84484911342
run-015,4.7,0.583089989894,1.15628386739,0.844850932367
run-015,4.725,0.611801241471,1.14017280399,0.844852949212
run-015,4.75,0.640098630093,1.12317308266,0.844855173208
run-015,4.775,0.667959895604,1.10528155589,0.844857612469
run-015,4.8,0.695362707888,1.08649582983,0.844860273754
run-015,4.825,0.722284687096,1.06681437554,0.844863162262
run-015,4.85,0.748703426665,1.04623664019,0.844866281424
run-015,4.875,0.774596519105,1.02476315738,0.844869632711
run-015,4.9,0.799941584534,1.00239565573,0.844873215449
run-015,4.925,0.824716301892,0.979137165053,0.844877026653
run-015,4.95,0.848898442786,0.954992118952,0.844881060883
run-015,4.975,0.87246590784,0.929966453171,0.84488531012
run-015,5,0.895396765445,0.904067698692,0.844889763672
run-015,5.025,0.917669292774,0.87730506868,0.844894408108
run-015,5.05,0.939262018879,0.84968953839,0.844899227231
run-015,5.075,0.960153769694,0.821233917142,0.844904202081
run-015,5.1,0.980323714736,0.791952911522,0.844909310988
run-015,5.125,0.99975141527,0.761863178975,0.844914529654
run-015,5.15,1.01841687368,0.730983371045,0.844919831286
run-015,5.175,1.03630058382,0.699334165542,0.844925186773
run-015,5.2,1.05338358196,0.666938286993,0.844930564899
run-015,5.225,1.06964749817,0.633820514851,0.844935932604
run-015,5.25,1.0850746077,0.600007678969,0.844941255284
run-015,5.275,1.09964788212,0.565528641996,0.844946497125
run-015,5.3,1.1133510398,0.530414268444,0.844951621472
run-015,5.325,1.12616859554,0.494697380278,0.844956591231
run-015,5.35,1.13808590882,0.458412699043,0.844961369284
run-015,5.375,1.14908923049,0.421596774621,0.844965918933
run-015,5.4,1.15916574755,0.384287900887,0.84497020434
run-015,5.425,1.16830362554,0.346526018632,0.844974190983
run-015,5.45,1.17649204848,0.308352606285,0.844977846102
run-015,5.475,1.18372125585,0.269810559063,0.844981139124
run-015,5.5,1.18998257643,0.230944057331,0.844984042083
run-015,5.525,1.19526845872,0.191798425061,0.844986529994
run-015,5.55,1.19957249769,0.15241997939,0.844988581209
run-015,5.575,1.20288945769,0.112855872387,0.844990177712
run-015,5.6,1.20521529131,0.073153926223,0.844991305383
run-015,5.625,1.206547154,0.0333624630061,0.844991954193
run-015,5.65,1.20688341446,-0.00646986936306,0.844992118354
run-015,5.675,1.20622366053,-0.046294273953,0.844991796399
run-015,5.7,1.20456870076,-0.0860619827555,0.844990991204
run-015,5.725,1.20192056139,-0.125724434408,0.844989709947
run-015,5.75,1.19828247904,-0.16523345026,0.844987964004
run-015,5.775,1.19365888888,-0.204541407375,0.844985768786
run-015,5.8,1.18805540867,-0.243601407102,0.844983143517
run-015,5.825,1.18147881853,-0.282367437907,0.844980110968
run-015,5.85,1.17393703677,-0.320794531192,0.844976697129
run-015,5.875,1.16543909197,-0.358838908971,0.844972930859
run-015,5.9,1.15599509133,-0.396458122296,0.844968843485
run-015,5.925,1.14561618585,-0.433611179483,0.844964468389
run-015,5.95,1.13431453235,-0.470258663284,0.84495984057
run-015,5.975,1.12210325269,-0.506362836268,0.844954996194
run-015,6,1.10899639054,-0.541887733806,0.844949972144
run-015,6.025,1.095008866,-0.576799244203,0.844944805578
run-015,6.05,1.08015642833,-0.611065175613,0.844939533493
run-015,6.075,1.06445560722,-0.644655309549,0.844934192313
run-015,6.1,1.04792366285,-0.677541440906,0.844928817496
run-015,6.125,1.03057853517,-0.709697404549,0.844923443182
run-015,6.15,1.01243879262,-0.741099088628,0.844918101862
run-015,6.175,0.99352358074,-0.771724434928,0.844912824095
run-015,6.2,0.973852570877,-0.801553426631,0.844907638261
run-015,6.225,0.953445909408,-0.830568063986,0.844902570358
run-015,6.25,0.932324167678,-0.85875232848,0.844897643844
run-015,6.275,0.910508292984,-0.88609213615,0.844892879517
run-015,6.3,0.88801956087,-0.912575280786,0.844888295442
run-015,6.325,0.864879528945,-0.938191367784,0.844883906916
run-015,6.35,0.841109992481,-0.962931739504,0.844879726475
run-015,6.375,0.81673294197,-0.986789392976,0.844875763936
run-015,6.4,0.791770522832,-1.00975889085,0.844872026467
run-015,6.425,0.766244997427,-1.03183626653,0.844868518696
run-015,6.45,0.740178709506,-1.05301892428,0.844865242841
run-015,6.475,0.713594051213,-1.07330553541,0.844862198859
run-015,6.5,0.686513432735,-1.09269593123,0.844859384623
run-015,6.525,0.658959254652,-1.1111909938,0.844856796105
run-015,6.55,0.630953883045,-1.12879254519,0.844854427578
run-015,6.575,0.602519627392,-1.14550323623,0.844852271817
run-015,6.6,0.573678721234,-1.16132643541,0.844850320316
run-015,6.625,0.544453305622,-1.17626611872,0.8448485635
run-015,6.65,0.514865415298,-1.19032676114,0.844846990933
run-015,6.675,0.484936967564,-1.20351323047,0.844845591531
run-015,6.7,0.454689753774,-1.21583068403,0.844844353766
run-015,6.725,0.424145433363,-1.22728446896,0.844843265858
run-015,6.75,0.393325530326,-1.23788002649,0.844842315968
run-015,6.775,0.362251432039,-1.24762280073,0.844841492369
run-015,6.8,0.33094439029,-1.25651815247,0.844840783619
run-015,6.825,0.299425524415,-1.26457127832,0.84484017871
run-015,6.85,0.267715826374,-1.27178713555,0.844839667213
run-015,6.875,0.235836167638,-1.27817037303,0.844839239405
run-015,6.9,0.203807307723,-1.28372526843,0.844838886387
run-015,6.925,0.171649904216,-1.28845567202,0.844838600183
run-015,6.95,0.139384524122,-1.29236495725,0.844838373834
run-015,6.975,0.107031656354,-1.29545597828,0.84483820147
run-015,7,0.0746117252078,-1.29773103464,0.844838078374
run-015,7.025,0.042145104622,-1.2991918431,0.844838001032
run-015,7.05,0.00965213305277,-1.29983951691,0.844837967168
run-015,7.075,-0.0228468712233,-1.29967455236,0.844837975768
run-015,7.1,-0.055331594565,-1.29869682288,0.844838027091
run-015,7.125,-0.0877817123673,-1.29690558055,0.844838122665
run-015,7.15,-0.120176873593,-1.29429946505,0.844838265272
run-015,7.175,-0.15249668562,-1.29087652006,0.84483845892
run-015,7.2,-0.184720699596,-1.28663421706,0.844838708801
run-015,7.225,-0.216828396473,-1.28156948639,0.844839021235
run-015,7.25,-0.248799173915,-1.27567875547,0.844839403603
run-015,7.275,-0.280612334246,-1.26895799415,0.844839864269
run-015,7.3,-0.312247073622,-1.26140276689,0.844840412478
run-015,7.325,-0.343682472591,-1.25300829169,0.844841058255
run-015,7.35,-0.374897488207,-1.24376950539,0.844841812281
run-015,7.375,-0.405870947861,-1.23368113536,0.844842685757
run-015,7.4,-0.436581544975,-1.22273777689,0.844843690261
run-015,7.425,-0.467007836705,-1.21093397637,0.844844837586
run-015,7.45,-0.497128243793,-1.19826431951,0.844846139569
run-015,7.475,-0.526921052681,-1.18472352445,0.84484760791
run-015,7.5,-0.556364420016,-1.17030653919,0.844849253982
run-015,7.525,-0.58543637964,-1.15500864279,0.84485108863
run-015,7.55,-0.614114852155,-1.13882554993,0.844853121965
run-015,7.575,-0.642377657137,-1.12175351807,0.844855363156
run-015,7.6,-0.670202528059,-1.10378945676,0.844857820214
run-015,7.625,-0.697567129975,-1.08493103825,0.844860499779
run-015,7.65,-0.724449079971,-1.06517680871,0.844863406914
run-015,7.675,-0.75082597041,-1.04452629945,0.844866544899
run-015,7.7,-0.776675394943,-1.02298013705,0.844869915036
run-015,7.725,-0.801974977263,-1.00054015192,0.844873516469
run-015,7.75,-0.826702402539,-0.977209484064,0.844877346021
run-015,7.775,-0.850835451466,-0.952992685466,0.844881398045
run-015,7.8,-0.874352036813,-0.927895818015,0.844885664309
run-015,7.825,-0.897230242367,-0.901926546141,0.8448901339
run-015,7.85,-0.91944836412,-0.875094223216,0.844894793163
run-015,7.875,-0.940984953528,-0.847409970857,0.844899625675
run-015,7.9,-0.961818862663,-0.818886750219,0.844904612256
run-015,7.925,-0.981929291039,-0.789539424438,0.844909731017
run-015,7.95,-1.00129583388,-0.759384811422,0.844914957451
run-015,7.975,-1.01989853161,-0.728441726212,0.844920264573
run-015,8,-1.0377179202,-0.696731012215,0.844925623089
run-015,8.025,-1.05473508222,-0.664275560692,0.844931001625
run-015,8.05,-1.07093169823,-0.631100317939,0.844936366984
run-015,8.075,-1.08629009812,-0.597232279717,0.844941684449
run-015,8.1,-1.10079331222,-0.562700472568,0.844946918124
run-015,8.125,-1.11442512175,-0.527535921796,0.844952031305
run-015,8.15,-1.12717010831,-0.491771605961,0.844956986879
run-015,8.175,-1.13901370204,-0.455442397913,0.844961747745
run-015,8.2,-1.1499422282,-0.418584992474,0.844966277258
run-015,8.225,-1.15994295167,-0.381237821044,0.844970539671
run-015,8.25,-1.16900411925,-0.343440953516,0.844974500589
run-015,8.275,-1.17711499934,-0.305235988025,0.844978127412
run-015,8.3,-1.18426591865,-0.266665929198,0.844981389765
run-015,8.325,-1.1904482958,-0.227775055674,0.844984259909
run-015,8.35,-1.19565467144,-0.188608777797,0.844986713119
run-015,8.375,-1.19987873469,-0.149213486505,0.84498872803
run-015,8.4,-1.20311534576,-0.109636394511,0.844990286935
run-015,8.425,-1.20536055442,-0.069925370993,0.844991376038
run-015,8.45,-1.20661161431,-0.0301287710559,0.844991985651
run-015,8.475,-1.20686699297,0.0097047386784,0.844992110334
run-015,8.5,-1.20612637738,0.0495263569825,0.844991748972
run-015,8.525,-1.20439067512,0.0892873260118,0.844990904794
run-015,8.55,-1.20166201108,0.128939108946,0.844989585322
run-015,8.575,-1.19794371968,0.168433565857,0.844987802268
run-015,8.6,-1.19324033279,0.207723126404,0.844985571361
run-015,8.625,-1.18755756335,0.246760957988,0.844982912125
run-015,8.65,-1.18090228489,0.285501128052,0.844979847603
run-015,8.675,-1.17328250695,0.323898759292,0.844976404033
run-015,8.7,-1.16470734692,0.361910176613,0.844972610488
run-015,8.725,-1.15518699812,0.399493044761,0.84496849848
run-015,8.75,-1.14473269468,0.436606495688,0.844964101538
run-015,8.775,-1.13335667334,0.473211244786,0.844959454772
run-015,8.8,-1.12107213244,0.509269695283,0.844954594423
run-015,8.825,-1.10789318857,0.544746030206,0.844949557413
run-015,8.85,-1.09383483093,0.579606291442,0.844944380904
run-015,8.875,-1.078912874,0.613818445574,0.84493910186
run-015,8.9,-1.06314390866,0.6473524363,0.84493375664
run-015,8.925,-1.04654525219,0.680180223359,0.844928380611
run-015,8.95,-1.02913489749,0.712275808028,0.844923007789
run-015,8.975,-1.01093146178,0.743615245383,0.844917670517
run-016,0,1.27068965517,0,0.950716694822
run-016,0.025,1.27015150878,-0.0430378191592,0.950716395895
run-016,0.05,1.26853776421,-0.0860201231152,0.950715501959
run-016,0.075,1.26585050262,-0.128891613446,0.950714021508
run-016,0.1,1.26209318354,-0.171597423467,0.950711968552
run-016,0.125,1.25727063145,-0.214083329545,0.950709362406
run-016,0.15,1.25138901706,-0.256295957034,0.950706227399
run-016,0.175,1.2444558336,-0.298182979114,0.950702592509
run-016,0.2,1.23647986811,-0.339693306946,0.950698490932
run-016,0.225,1.22747116825,-0.380777269642,0.950693959599
run-016,0.25,1.21744100463,-0.42138678267,0.950689038643
run-016,0.275,1.20640182912,-0.461475503471,0.950683770834
run-016,0.3,1.19436722945,-0.500998973193,0.950678200985
run-016,0.325,1.18135188046,-0.539914743625,0.950672375349
run-016,0.35,1.16737149227,-0.578182488573,0.950666341012
run-016,0.375,1.15244275603,-0.615764099109,0.950660145296
run-016,0.4,1.13658328732,-0.652623762264,0.950653835178
run-016,0.425,1.11981156792,-0.688728022951,0.950647456741
run-016,0.45,1.10214688617,-0.724045829056,0.950641054658
run-016,0.475,1.08360927646,-0.758548559779,0.950634671723
run-016,0.5,1.06421945818,-0.792210037519,0.950628348424
run-016,0.525,1.04399877459,-0.825006523678,0.950622122585
run-016,0.55,1.022969132,-0.856916698955,0.950616029046
run-016,0.575,1.00115293964,-0.88792162878,0.950610099418
run-016,0.6,0.978573050557,-0.918004714686,0.95060436189
run-016,0.625,0.955252703904,-0.947151632479,0.950598841095
run-016,0.65,0.931215468933,-0.975350258173,0.950593558039
run-016,0.675,0.906485190996,-1.00259058272,0.950588530081
run-016,0.7,0.881085939798,-1.02886461659,0.950583770962
run-016,0.725,0.855041960166,-1.05416628536,0.950579290889
run-016,0.75,0.82837762553,-1.0784913174,0.950575096657
run-016,0.775,0.801117394296,-1.10183712485,0.950571191809
run-016,0.8,0.773285769287,-1.12420267901,0.950567576832
run-016,0.825,0.744907260346,-1.14558838127,0.950564249375
run-016,0.85,0.716006350224,-1.1659959308,0.950561204498
run-016,0.875,0.686607463806,-1.18542818987,0.950558434925
run-016,0.9,0.65673494073,-1.2038890481,0.950555931326
run-016,0.925,0.626413011401,-1.22138328648,0.95055368259
run-016,0.95,0.595665776406,-1.23791644212,0.950551676112
run-016,0.975,0.564517189295,-1.25349467471,0.950549898076
run-016,1,0.532991042671,-1.26812463546,0.950548333734
run-016,1.025,0.501110957522,-1.28181333937,0.950546967675
run-016,1.05,0.468900375702,-1.29456804143,0.95054578409
run-016,1.075,0.43638255545,-1.30639611761,0.950544767021
run-016,1.1,0.403580569821,-1.31730495105,0.950543900598
run-016,1.125,0.370517307897,-1.32730182414,0.950543169263
run-016,1.15,0.337215478614,-1.33639381689,0.950542557969
run-016,1.175,0.303697617053,-1.34458771214,0.950542052377
run-016,1.2,0.269986093008,-1.35188990786,0.950541639026
run-016,1.225,0.23610312166,-1.35830633704,0.950541305483
run-016,1.25,0.202070776156,-1.36384239532,0.950541040488
run-016,1.275,0.167911001894,-1.36850287678,0.95054083407
run-016,1.3,0.133645632317,-1.37229191791,0.950540677651
run-016,1.325,0.0992964059983,-1.37521295018,0.950540564132
run-016,1.35,0.0648849848078,-1.37726866115,0.950540487967
run-016,1.375,0.030432972941,-1.37846096435,0.950540445211
run-016,1.4,-0.00403806340949,-1.37879097805,0.950540433562
run-016,1.425,-0.0385065759613,-1.37825901286,0.95054045238
run-016,1.45,-0.0729510140524,-1.37686456832,0.950540502695
run-016,1.475,-0.107349804378,-1.37460633843,0.950540587197
run-016,1.5,-0.141681330974,-1.37148222607,0.95054071021
run-016,1.525,-0.175923915681,-1.36748936639,0.95054087765
run-016,1.55,-0.210055799294,-1.36262415895,0.950541096969
run-016,1.575,-0.244055123629,-1.35688230862,0.950541377079
run-016,1.6,-0.277899914725,-1.35025887508,0.950541728263
run-016,1.625,-0.311568067383,-1.34274833072,0.950542162068
run-016,1.65,-0.345037331261,-1.33434462686,0.95054269118
run-016,1.675,-0.378285298725,-1.32504126787,0.950543329281
run-016,1.7,-0.411289394654,-1.31483139318,0.950544090892
run-016,1.725,-0.444026868384,-1.30370786659,0.950544991196
run-016,1.75,-0.476474787984,-1.29166337276,0.950546045844
run-016,1.775,-0.508610037022,-1.27869052033,0.950547270748
run-016,1.8,-0.540409314,-1.26478195125,0.950548681852
run-016,1.825,-0.571849134585,-1.2499304559,0.950550294894
run-016,1.85,-0.602905836795,-1.23412909324,0.950552125154
run-016,1.875,-0.633555589247,-1.21737131562,0.950554187187
run-016,1.9,-0.663774402576,-1.19965109735,0.95055649455
run-016,1.925,-0.693538144114,-1.18096306638,0.950559059523
run-016,1.95,-0.722822555895,-1.16130263839,0.950561892826
run-016,1.975,-0.751603276034,-1.14066615223,0.950565003333
run-016,2,-0.779855863507,-1.11905100595,0.950568397796
run-016,2.025,-0.807555826331,-1.09645579241,0.950572080571
run-016,2.05,-0.834678653127,-1.07288043348,0.950576053366
run-016,2.075,-0.861199848005,-1.04832631168,0.950580314997
run-016,2.1,-0.887094968712,-1.02279639837,0.950584861176
run-016,2.125,-0.912339667924,-0.996295377049,0.95058968432
run-016,2.15,-0.936909737564,-0.968829761006,0.950594773406
run-016,2.175,-0.960781155974,-0.940408003827,0.950600113848
run-016,2.2,-0.983930137755,-0.911040601828,0.950605687436
run-016,2.225,-1.00633318607,-0.880740187187,0.95061147231
run-016,2.25,-1.02796714711,-0.849521610687,0.950617442994
run-016,2.275,-1.0488092666,-0.817402013003,0.950623570486
run-016,2.3,-1.06883724776,-0.784400883519,0.950629822396
run-016,2.325,-1.08802931078,-0.750540105744,0.950636163162
run-016,2.35,-1.10636425305,-0.715843988459,0.950642554307
run-016,2.375,-1.1238215102,-0.680339281843,0.950648954765
run-016,2.4,-1.14038121714,-0.64405517795,0.950655321264
run-016,2.425,-1.1560242691,-0.607023294998,0.950661608755
run-016,2.45,-1.17073238189,-0.569277645122,0.9506677709
run-016,2.475,-1.18448815135,-0.530854585341,0.95067376059
run-016,2.5,-1.19727511116,-0.4917927517,0.950679530505
run-016,2.525,-1.20907778894,-0.452132976665,0.950685033701
run-016,2.55,-1.21988175999,-0.411918190055,0.950690224206
run-016,2.575,-1.22967369844,-0.371193303967,0.950695057633
run-016,2.6,-1.23844142519,-0.330005082293,0.950699491777
run-016,2.625,-1.24617395255,-0.28840199565,0.950703487206
run-016,2.65,-1.25286152498,-0.246434062665,0.950707007818
run-016,2.675,-1.25849565569,-0.20415267874,0.950710021362
run-016,2.7,-1.26306915891,-0.161610433573,0.950712499914
run-016,2.725,-1.26657617737,-0.118860918825,0.95071442029
run-016,2.75,-1.26901220485,-0.075958527475,0.950715764394
run-016,2.775,-1.27037410374,-0.0329582464691,0.950716519491
run-016,2.8,-1.27066011718,0.0100845556084,0.950716678404
run-016,2.825,-1.26986987596,0.0531143440803,0.950716239618
run-016,2.85,-1.26800439997,0.0960756351229,0.950715207311
run-016,2.875,-1.2650660942,0.138913212283,0.950713591282
run-016,2.9,-1.26105873936,0.181572340738,0.950711406807
run-016,2.925,-1.25598747717,0.223998977516,0.950708674404
run-016,2.95,-1.24985879048,0.266139975903,0.950705419527
run-016,2.975,-1.24268047837,0.3079432824,0.950701672182
run-016,3,-1.23446162636,0.349358124615,0.950697466486
run-016,3.025,-1.22521257214,0.390335188644,0.95069284017
run-016,3.05,-1.21494486693,0.430826784588,0.950687834035
run-016,3.075,-1.20367123291,0.470786999005,0.950682491384
run-016,3.1,-1.19140551698,0.510171833254,0.950676857422
run-016,3.125,-1.17816264125,0.548939326849,0.950670978652
run-016,3.15,-1.16395855064,0.5870496651,0.950664902268
run-016,3.175,-1.14881015799,0.624465270511,0.950658675562
run-016,3.2,-1.13273528711,0.661150877564,0.950652345349
run-016,3.225,-1.11575261412,0.697073590696,0.950645957428
run-016,3.25,-1.09788160758,0.732202925448,0.950639556071
run-016,3.275,-1.07914246784,0.766510832927,0.950633183567
run-016,3.3,-1.05955606593,0.799971707877,0.950626879814
run-016,3.325,-1.03914388245,0.832562380798,0.950620681959
run-016,3.35,-1.01792794689,0.864262094694,0.950614624108
run-016,3.375,-0.995930777715,0.895052467142,0.950608737085
run-016,3.4,-0.973175323534,0.924917438482,0.950603048254
run-016,3.425,-0.94968490579,0.953843207039,0.950597581406
run-016,3.45,-0.925483163183,0.981818152335,0.950592356689
run-016,3.475,-0.900593998174,1.00883274734,0.950587390611
run-016,3.5,-0.875041525815,1.03487946087,0.950582696077
run-016,3.525,-0.84885002513,1.05995265117,0.950578282482
run-016,3.55,-0.822043893257,1.08404845197,0.950574155843
run-016,3.575,-0.794647602531,1.10716465204,0.950570318968
run-016,3.6,-0.766685660655,1.12930056942,0.950566771659
run-016,3.625,-0.738182574061,1.1504569215,0.950563510936
run-016,3.65,-0.70916281458,1.17063569207,0.950560531287
run-016,3.675,-0.679650789457,1.18983999628,0.950557824932
run-016,3.7,-0.649670814765,1.20807394477,0.950555382096
run-016,3.725,-0.619247092219,1.22534250772,0.950553191293
run-016,3.75,-0.588403689379,1.24165138001,0.950551239611
run-016,3.775,-0.557164523218,1.25700684812,0.95054951299
run-016,3.8,-0.525553346973,1.27141565981,0.9505479965
run-016,3.825,-0.493593740227,1.28488489724,0.950546674617
run-016,3.85,-0.461309102111,1.29742185424,0.950545531473
run-016,3.875,-0.428722647516,1.30903391844,0.950544551112
run-016,3.9,-0.395857406189,1.31972845885,0.950543717716
run-016,3.925,-0.362736224573,1.32951271931,0.950543015829
run-016,3.95,-0.329381770223,1.33839371847,0.950542430555
run-016,3.975,-0.295816538649,1.34637815658,0.950541947744
run-016,4,-0.262062862394,1.3534723296,0.950541554163
run-016,4.025,-0.228142922169,1.35968205082,0.950541237644
run-016,4.05,-0.194078759853,1.36501258042,0.950540987216
run-016,4.075,-0.159892293149,1.36946856312,0.950540793227
run-016,4.1,-0.125605331697,1.3730539742,0.950540647439
run-016,4.125,-0.0912395944388,1.37577207401,0.950540543111
run-016,4.15,-0.0568167279969,1.37762537116,0.950540475066
run-016,4.175,-0.0223583258809,1.37861559445,0.950540439743
run-016,4.2,0.0121140517256,1.37874367372,0.950540435227
run-016,4.225,0.0465788578053,1.37800972956,0.95054046127
run-016,4.25,0.0810145382036,1.37641307195,0.950540519292
run-016,4.275,0.115399511403,1.37395220794,0.950540612369
run-016,4.3,0.1497121486,1.37062485812,0.950540745201
run-016,4.325,0.183930754309,1.36642798211,0.950540924071
run-016,4.35,0.218033547706,1.36135781274,0.95054115678
run-016,4.375,0.251998644946,1.35540989898,0.950541452569
run-016,4.4,0.285804042655,1.34857915741,0.95054182203
run-016,4.425,0.319427602816,1.34085993213,0.950542276986
run-016,4.45,0.352847039261,1.33224606279,0.950542830369
run-016,4.475,0.386039905956,1.32273096066,0.950543496075
run-016,4.5,0.418983587294,1.31230769229,0.950544288796
run-016,4.525,0.45165529057,1.30096907062,0.950545223841
run-016,4.55,0.484032040825,1.28870775301,0.950546316943
run-016,4.575,0.516090678221,1.27551634588,0.950547584042
run-016,4.6,0.547807858119,1.26138751543,0.950549041055
run-016,4.625,0.579160053992,1.24631410399,0.950550703637
run-016,4.65,0.610123563318,1.23028925136,0.950552586921
run-016,4.675,0.64067451656,1.21330652048,0.950554705254
run-016,4.7,0.670788889343,1.1953600269,0.950557071919
run-016,4.725,0.700442517905,1.17644457101,0.950559698857
run-016,4.75,0.729611117893,1.15655577259,0.950562596378
run-016,4.775,0.758270306534,1.1356902064,0.950565772886
run-016,4.8,0.786395628213,1.11384553829,0.950569234595
run-016,4.825,0.813962583449,1.09102066051,0.950572985263
run-016,4.85,0.840946661239,1.06721582542,0.950577025942
run-016,4.875,0.86732337472,1.04243277642,0.950581354737
run-016,4.9,0.89306830006,1.01667487509,0.950585966605
run-016,4.925,0.918157118474,0.989947223313,0.950590853171
run-016,4.95,0.942565661226,0.962256779284,0.950596002583
run-016,4.975,0.966269957439,0.933612466283,0.950601399413
run-016,5,0.98924628454,0.904025273009,0.950607024594
run-016,5.025,1.01147122109,0.873508344378,0.950612855415
run-016,5.05,1.03292170176,0.842077061677,0.950618865564
run-016,5.075,1.05357507417,0.80974911102,0.950625025228
run-016,5.1,1.07340915731,0.776544539105,0.950631301258
run-016,5.125,1.09240230113,0.74248579536,0.950637657378
run-016,5.15,1.11053344708,0.707597759635,0.950644054476
run-016,5.175,1.12778218911,0.671907754718,0.950650450933
run-016,5.2,1.14412883481,0.635445543056,0.950656803019
run-016,5.225,1.15955446626,0.598243307201,0.950663065339
run-016,5.25,1.17404100017,0.560335613644,0.950669191325
run-016,5.275,1.18757124694,0.521759359843,0.950675133768
run-016,5.3,1.20012896817,0.482553704422,0.950680845383
run-016,5.325,1.21169893217,0.442759980681,0.950686279399
run-016,5.35,1.2222669672,0.40242159373,0.950691390162
run-016,5.375,1.23182001185,0.361583901743,0.950696133741
run-016,5.4,1.24034616229,0.320294081981,0.95070046853
run-016,5.425,1.24783471595,0.278600982432,0.950704355828
run-016,5.45,1.25427621141,0.236554960056,0.950707760388
run-016,5.475,1.25966246395,0.194207706799,0.950710650935
run-016,5.5,1.26398659675,0.151612064672,0.95071300062
run-016,5.525,1.26724306719,0.108821831334,0.950714787421
run-016,5.55,1.26942768832,0.0658915577231,0.950715994478
run-016,5.575,1.27053764507,0.022876339384,0.950716610342
run-016,5.6,1.27057150528,-0.0201683967733,0.950716629157
run-016,5.625,1.26952922524,-0.0631871085124,0.950716050744
run-016,5.65,1.26741214986,-0.10612435528,0.950714880603
run-016,5.675,1.26422300747,-0.148925014357,0.950713129836
run-016,5.7,1.25996589914,-0.191534494333,0.950710814969
run-016,5.725,1.25464628275,-0.233898944116,0.950707957708
run-016,5.75,1.24827095194,-0.275965455746,0.95070458461
run-016,5.775,1.24084800997,-0.31768225936,0.950700726685
run-016,5.8,1.23238683897,-0.358998908755,0.950696418943
run-016,5.825,1.22289806453,-0.399866456102,0.950691699884
run-016,5.85,1.21239351616,-0.440237614505,0.95068661095
run-016,5.875,1.2008861838,-0.480066907234,0.950681195941
run-016,5.9,1.1883901708,-0.519310802635,0.950675500421
run-016,5.925,1.17492064367,-0.557927833856,0.950669571109
run-016,5.95,1.16049377911,-0.595878702726,0.950663455276
run-016,5.975,1.14512670854,-0.63312636729,0.950657200151
run-016,6,1.12883746074,-0.669636112663,0.95065085236
run-016,6.025,1.1116449029,-0.705375605061,0.950644457386
run-016,6.05,1.09356868049,-0.740314929024,0.950638059077
run-016,6.075,1.07462915645,-0.774426608004,0.950631699197
run-016,6.1,1.05484735009,-0.807685608657,0.950625417029
run-016,6.125,1.03424487602,-0.840069329302,0.950619249032
run-016,6.15,1.01284388362,-0.871557573164,0.950613228561
run-016,6.175,0.990666997361,-0.902132507115,0.950607385644
run-016,6.2,0.967737258269,-0.931778606747,0.950601746818
run-016,6.225,0.944078067024,-0.960482588683,0.950596335021
run-016,6.25,0.919713128835,-0.988233331134,0.950591169549
run-016,6.275,0.894666400467,-1.01502178374,0.95058626606
run-016,6.3,0.868962039648,-1.04084086778,0.950581636626
run-016,6.325,0.842624357078,-1.06568536794,0.950577289838
run-016,6.35,0.815677771251,-1.08955181669,0.950573230945
run-016,6.375,0.788146766244,-1.1124383725,0.950569462031
run-016,6.4,0.760055852626,-1.13434469305,0.950565982226
run-016,6.425,0.731429531591,-1.15527180441,0.950562787933
run-016,6.45,0.702292262405,-1.17522196758,0.950559873084
run-016,6.475,0.672668433212,-1.19419854313,0.950557229408
run-016,6.5,0.642582335249,-1.21220585522,0.950554846704
run-016,6.525,0.612058140451,-1.22924905587,0.950552713126
run-016,6.55,0.581119882455,-1.2453339904,0.950550815466
run-016,6.575,0.549791440932,-1.26046706492,0.950549139438
run-016,6.6,0.518096529209,-1.27465511677,0.950547669948
run-016,6.625,0.486058685093,-1.28790528853,0.950546391369
run-016,6.65,0.453701264783,-1.3002249064,0.95054528779
run-016,6.675,0.421047439773,-1.31162136352,0.950544343267
run-016,6.7,0.388120196607,-1.3221020089,0.950543542049
run-016,6.725,0.354942339328,-1.33167404234,0.950542868793
run-016,6.75,0.321536494489,-1.340344416,0.95054230876
run-016,6.775,0.287925118528,-1.34811974286,0.950541848004
run-016,6.8,0.254130507346,-1.35500621253,0.950541473525
run-016,6.825,0.220174807901,-1.36100951475,0.950541173426
run-016,6.85,0.186080031609,-1.36613477081,0.950540937036
run-016,6.875,0.151868069361,-1.37038647312,0.950540755024
run-016,6.9,0.117560707953,-1.37376843325,0.950540619496
run-016,6.925,0.0831796476985,-1.3762837384,0.950540524074
run-016,6.95,0.0487465210324,-1.3779347167,0.950540463954
run-016,6.975,0.0142829118635,-1.37872291116,0.950540435958
run-016,7,-0.0201896245258,-1.37864906264,0.950540438562
run-016,7.025,-0.0546495412683,-1.37771310159,0.950540471908
run-016,7.05,-0.0890752796054,-1.3759141489,0.950540537806
run-016,7.075,-0.123445248713,-1.37325052555,0.950540639715
run-016,7.1,-0.157737805883,-1.36971977126,0.950540782712
run-016,7.125,-0.191931237276,-1.36531867199,0.950540973441
run-016,7.15,-0.226003739482,-1.36004329618,0.950541220047
run-016,7.175,-0.259933402085,-1.35388903973,0.950541532098
run-016,7.2,-0.293698191469,-1.34685067944,0.950541920484
run-016,7.225,-0.327275936057,-1.33892243481,0.950542397301
run-016,7.25,-0.360644313209,-1.33009803803,0.95054297572
run-016,7.275,-0.393780837959,-1.32037081182,0.950543669838
run-016,7.3,-0.4266628538,-1.3097337549,0.950544494509
run-016,7.325,-0.459267525704,-1.29817963472,0.95054546516
run-016,7.35,-0.491571835536,-1.28570108707,0.950546597591
run-016,7.375,-0.523552580057,-1.27229072223,0.950547907759
run-016,7.4,-0.555186371648,-1.25794123705,0.950549411542
run-016,7.425,-0.58644964191,-1.24264553248,0.950551124495
run-016,7.45,-0.617318648272,-1.22639683603,0.950553061593
run-016,7.475,-0.647769483711,-1.20918882837,0.950555236956
run-016,7.5,-0.67777808969,-1.19101577353,0.95055766358
run-016,7.525,-0.707320272387,-1.17187265174,0.950560353048
run-016,7.55,-0.736371722277,-1.15175529429,0.950563315251
run-016,7.575,-0.764908037102,-1.13066051939,0.950566558102
run-016,7.6,-0.792904748247,-1.10858626809,0.950570087265
run-016,7.625,-0.820337350506,-1.08553173935,0.950573905885
run-016,7.65,-0.847181335214,-1.06149752322,0.950578014343
run-016,7.675,-0.873412226668,-1.03648573098,0.950582410027
run-016,7.7,-0.899005621763,-1.01050012115,0.950587087126
run-016,7.725,-0.923937232725,-0.983546220324,0.950592036463
run-016,7.75,-0.94818293278,-0.95563143761,0.950597245355
run-016,7.775,-0.971718804606,-0.926765171485,0.950602697525
run-016,7.8,-0.994521191354,-0.896958908019,0.950608373053
run-016,7.825,-1.01656675001,-0.866226309269,0.950614248377
run-016,7.85,-1.03783250682,-0.834583290789,0.950620296353
run-016,7.875,-1.05829591455,-0.802048087196,0.950626486371
run-016,7.9,-1.07793491118,-0.768641304818,0.950632784527
run-016,7.925,-1.09672797979,-0.734385960525,0.950639153854
run-016,7.95,-1.1146542092,-0.699307505926,0.950645554619
run-016,7.975,-1.13169335508,-0.663433836239,0.950651944672
run-016,8,-1.14782590102,-0.626795283233,0.950658279852
run-016,8.025,-1.16303311924,-0.58942459181,0.950664514443
run-016,8.05,-1.17729713061,-0.551356879912,0.950670601677
run-016,8.075,-1.19060096324,-0.512629581601,0.950676494276
run-016,8.1,-1.20292860969,-0.473282373332,0.950682145021
run-016,8.125,-1.21426508191,-0.433357083593,0.95068750735
run-016,8.15,-1.22459646387,-0.392897586265,0.950692535956
run-016,8.175,-1.23390996122,-0.351949678243,0.950697187402
run-016,8.2,-1.24219394778,-0.310560942008,0.950701420709
run-016,8.225,-1.24943800832,-0.268780594038,0.950705197938
run-016,8.25,-1.25563297748,-0.226659320071,0.950708484729
run-016,8.275,-1.26077097432,-0.184249098441,0.950711250804
run-016,8.3,-1.2648454324,-0.141603012798,0.950713470411
run-016,8.325,-1.26785112496,-0.098775055682,0.950715122711
run-016,8.35,-1.26978418519,-0.055819924531,0.950716192091
run-016,8.375,-1.27064212119,-0.0127928117787,0.950716668401
run-016,8.4,-1.27042382577,0.0302508092048,0.950716547109
run-016,8.425,-1.26912958073,0.0732554005417,0.950715829369
run-016,8.45,-1.26676105575,0.11616557682,0.950714522005
run-016,8.475,-1.26332130189,0.158926320779,0.950712637408
run-016,8.5,-1.25881473971,0.201483195899,0.950710193342
run-016,8.525,-1.25324714209,0.243782554106,0.950707212682
run-016,8.55,-1.246625612,0.285771736899,0.950703723066
run-016,8.575,-1.23895855525,0.327399268244,0.950699756485
run-016,8.6,-1.23025564859,0.368615037722,0.950695348812
run-016,8.625,-1.22052780336,0.409370472503,0.950690539289
run-016,8.65,-1.20978712497,0.449618696889,0.950685369961
run-016,8.675,-1.19804686852,0.489314678273,0.950679885097
run-016,8.7,-1.18532139105,0.528415358559,0.950674130586
run-016,8.725,-1.17162610059,0.566879770232,0.95066815333
run-016,8.75,-1.15697740254,0.604669136449,0.950662000642
run-016,8.775,-1.14139264377,0.641746954682,0.950655719659
run-016,8.8,-1.12489005481,0.678079063645,0.950649356788
run-016,8.825,-1.10748869059,0.713633693375,0.95064295717
run-016,8.85,-1.08920837014,0.74838149854,0.950636564203
run-016,8.875,-1.07006961566,0.782295575171,0.950630219105
run-016,8.9,-1.05009359138,0.815351461199,0.950623960523
run-016,8.925,-1.0293020426,0.847527121291,0.950617824215
run-016,8.95,-1.00771723531,0.878802916623,0.950611842773
run-016,8.975,-0.985361896768,0.909161560348,0.95060604542
run-017,0,1.33448275862,0,1.06484945656
run-017,0.025,1.33390234798,-0.0464170727543,1.06484909039
run-017,0.05,1.33216190498,-0.0927710962047,1.06484799557
run-017,0.075,1.32926379317,-0.138999284008,1.06484618317
run-017,0.1,1.32521194078,-0.185039373414,1.06484367142
run-017,0.125,1.3200118245,-0.230829881272,1.06484048544
run-017,0.15,1.31367044672,-0.276310353167,1.06483665682
run-017,0.175,1.30619630684,-0.321421603556,1.06483222314
run-017,0.2,1.29759936654,-0.366105944852,1.06482722737
run-017,0.225,1.28789100959,-0.410307403592,1.06482171722
run-017,0.25,1.27708399636,-0.453971921953,1.06481574441
run-017,0.275,1.2651924135,-0.497047543083,1.06480936389
run-017,0.3,1.25223161921,-0.539484578917,1.06480263308
run-017,0.325,1.23821818455,-0.581235759346,1.064795611
run-017,0.35,1.22316983124,-0.622256361849,1.0647883575
run-017,0.375,1.20710536646,-0.662504320902,1.06478093249
run-017,0.4,1.19004461519,-0.701940316728,1.06477339509
run-017,0.425,1.17200835062,-0.740527843164,1.06476580302
run-017,0.45,1.15301822304,-0.77823325465,1.06475821184
run-017,0.475,1.13309668789,-0.815025792546,1.0647506744
run-017,0.5,1.11226693341,-0.850877591192,1.0647432403
run-017,0.525,1.09055280833,-0.885763664317,1.06473595542
run-017,0.55,1.06797875019,-0.919661872555,1.06472886156
run-017,0.575,1.0445697147,-0.952552873005,1.06472199617
run-017,0.6,1.02035110654,-0.984420051872,1.06471539207
run-017,0.625,0.995348712109,-1.01524944138,1.06470907739
run-017,0.65,0.969588634475,-1.0450296222,1.06470307548
run-017,0.675,0.943097230998,-1.07375161279,1.06469740496
run-017,0.7,0.915901053835,-1.10140874692,1.06469207976
run-017,0.725,0.888026793652,-1.12799654099,1.0646871093
run-017,0.75,0.859501226786,-1.1535125524,1.0646824987
run-017,0.775,0.830351166032,-1.17795623063,1.06467824898
run-017,0.8,0.800603415254,-1.20132876225,1.0646743574
run-017,0.825,0.77028472792,-1.22363291147,1.06467081776
run-017,0.85,0.739421769681,-1.24487285745,1.06466762072
run-017,0.875,0.708041085047,-1.26505402983,1.06466475419
run-017,0.9,0.676169068189,-1.2841829436,1.06466220369
run-017,0.925,0.643831937867,-1.30226703469,1.06465995273
run-017,0.95,0.611055716455,-1.31931449716,1.06465798315
run-017,0.975,0.577866213009,-1.33533412337,1.06465627555
run-017,1,0.544289010287,-1.35033514776,1.0646548096
run-017,1.025,0.510349455621,-1.36432709546,1.06465356441
run-017,1.05,0.476072655514,-1.3773196363,1.06465251884
run-017,1.075,0.441483473806,-1.38932244514,1.06465165183
run-017,1.1,0.406606533257,-1.40034506908,1.06465094268
run-017,1.125,0.371466220352,-1.41039680225,1.06465037132
run-017,1.15,0.336086693144,-1.41948656865,1.06464991857
run-017,1.175,0.30049189192,-1.42762281346,1.06464956634
run-017,1.2,0.264705552471,-1.43481340341,1.06464929785
run-017,1.225,0.228751221749,-1.44106553636,1.06464909779
run-017,1.25,0.192652275653,-1.44638566053,1.06464895251
run-017,1.275,0.156431938723,-1.45077940356,1.06464885013
run-017,1.3,0.120113305475,-1.45425151169,1.06464878063
run-017,1.325,0.0837193631383,-1.45680579917,1.06464873602
run-017,1.35,0.0472730155166,-1.45844510808,1.06464871031
run-017,1.375,0.0107971077344,-1.4591712786,1.06464869966
run-017,1.4,-0.0256855484132,-1.45898512995,1.06464870234
run-017,1.425,-0.062152148763,-1.45788645189,1.06464871881
run-017,1.45,-0.0985798710079,-1.45587400691,1.06464875165
run-017,1.475,-0.134945849109,-1.45294554302,1.06464880558
run-017,1.5,-0.171227148159,-1.44909781721,1.06464888742
run-017,1.525,-0.207400739969,-1.44432662943,1.06464900599
run-017,1.55,-0.243443479631,-1.43862686702,1.06464917209
run-017,1.575,-0.279332083321,-1.43199255953,1.06464939833
run-017,1.6,-0.315043107607,-1.42441694368,1.06464969906
run-017,1.625,-0.350552930504,-1.41589253831,1.06465009021
run-017,1.65,-0.385837734523,-1.40641122918,1.06465058911
run-017,1.675,-0.420873491964,-1.39596436314,1.06465121433
run-017,1.7,-0.45563595268,-1.38454285151,1.06465198544
run-017,1.725,-0.490100634539,-1.37213728231,1.06465292279
run-017,1.75,-0.524242816795,-1.35873804073,1.06465404728
run-017,1.775,-0.558037536575,-1.34433543751,1.06465538002
run-017,1.8,-0.591459588671,-1.32891984465,1.06465694209
run-017,1.825,-0.624483528808,-1.31248183768,1.0646587542
run-017,1.85,-0.657083680555,-1.29501234402,1.06466083633
run-017,1.875,-0.689234146008,-1.27650279637,1.06466320743
run-017,1.9,-0.720908820373,-1.25694529059,1.06466588502
run-017,1.925,-0.752081410538,-1.23633274683,1.06466888481
run-017,1.95,-0.782725457715,-1.2146590731,1.06467222036
run-017,1.975,-0.812814364193,-1.19191933018,1.06467590268
run-017,2,-0.842321424224,-1.16810989657,1.06467993985
run-017,2.025,-0.871219859022,-1.14322863242,1.06468433673
run-017,2.05,-0.899482855845,-1.11727504106,1.06468909455
run-017,2.075,-0.927083611075,-1.09025042679,1.06469421064
run-017,2.1,-0.953995377185,-1.06215804756,1.06469967816
run-017,2.125,-0.980191513453,-1.0330032611,1.06470548587
run-017,2.15,-1.00564554024,-1.00279366306,1.06471161794
run-017,2.175,-1.03033119661,-0.971539215749,1.06471805382
run-017,2.2,-1.05422250103,-0.939252365882,1.06472476823
run-017,2.225,-1.0772938149,-0.905948150122,1.06473173109
run-017,2.25,-1.09951990853,-0.871644286882,1.06473890768
run-017,2.275,-1.12087602924,-0.836361253137,1.06474625875
run-017,2.3,-1.14133797119,-0.800122345018,1.06475374079
run-017,2.325,-1.1608821465,-0.762953721045,1.06476130635
run-017,2.35,-1.17948565724,-0.724884426999,1.06476890444
run-017,2.375,-1.19712636785,-0.685946401583,1.06477648105
run-017,2.4,-1.21378297732,-0.646174462153,1.06478397964
run-017,2.425,-1.22943509095,-0.605606270003,1.06479134186
run-017,2.45,-1.24406329082,-0.564282274871,1.06479850816
run-017,2.475,-1.2576492047,-0.522245638538,1.06480541857
run-017,2.5,-1.27017557275,-0.479542137603,1.06481201348
run-017,2.525,-1.28162631158,-0.43622004576,1.06481823442
run-017,2.55,-1.29198657504,-0.392329996094,1.06482402488
run-017,2.575,-1.30124281138,-0.347924824182,1.06482933114
run-017,2.6,-1.30938281625,-0.303059392982,1.06483410302
run-017,2.625,-1.31639578103,-0.25779040072,1.06483829467
run-017,2.65,-1.32227233628,-0.212176173201,1.06484186523
run-017,2.675,-1.32700458969,-0.166276442153,1.06484477951
run-017,2.7,-1.33058615839,-0.120152111392,1.0648470085
run-017,2.725,-1.33301219526,-0.0738650127647,1.06484852984
run-017,2.75,-1.33427940903,-0.0274776539399,1.06484932821
run-017,2.775,-1.33438607796,0.0189470397579,1.06484939553
run-017,2.8,-1.33333205704,0.0653459872121,1.06484873112
run-017,2.825,-1.3311187786,0.111656214756,1.0648473417
run-017,2.85,-1.3277492463,0.157815118466,1.06484524129
run-017,2.875,-1.32322802267,0.203760723175,1.06484245096
run-017,2.9,-1.31756121014,0.249431935947,1.06483899854
run-017,2.925,-1.31075642588,0.294768791792,1.06483491813
run-017,2.95,-1.30282277055,0.339712689525,1.06483024958
run-017,2.975,-1.2937707914,0.384206615804,1.06482503788
run-017,3,-1.28361243976,0.428195355511,1.06481933246
run-017,3.025,-1.27236102362,0.47162568684,1.06481318647
run-017,3.05,-1.26003115542,0.514446559628,1.06480665594
run-017,3.075,-1.24663869564,0.556609255687,1.06479979906
run-017,3.1,-1.23220069264,0.598067530091,1.06479267529
run-017,3.125,-1.21673531914,0.638777732625,1.06478534459
run-017,3.15,-1.20026180601,0.678698908806,1.06477786663
run-017,3.175,-1.1828003737,0.717792880122,1.06477030006
run-017,3.2,-1.164372162,0.756024303367,1.06476270178
run-017,3.225,-1.14499915853,0.793360709154,1.06475512632
run-017,3.25,-1.12470412654,0.829772519906,1.06474762527
run-017,3.275,-1.10351053253,0.865233047814,1.06474024675
run-017,3.3,-1.08144247415,0.899718473435,1.06473303502
run-017,3.325,-1.05852460886,0.933207805754,1.06472603014
run-017,3.35,-1.03478208386,0.965682824712,1.06471926768
run-017,3.375,-1.01024046763,0.997128007275,1.06471277857
run-017,3.4,-0.9849256835,1.02753043829,1.06470658899
run-017,3.425,-0.958863945712,1.05687970738,1.06470072035
run-017,3.45,-0.932081698131,1.08516779332,1.06469518933
run-017,3.475,-0.904605556046,1.11238893721,1.06469000802
run-017,3.5,-0.87646225127,1.13853950597,1.06468518404
run-017,3.525,-0.847678580748,1.16361784754,1.06468072081
run-017,3.55,-0.818281358893,1.18762413933,1.06467661779
run-017,3.575,-0.788297373782,1.21056023124,1.06467287078
run-017,3.6,-0.757753347331,1.23242948473,1.06466947225
run-017,3.625,-0.726675899545,1.25323660922,1.0646664117
run-017,3.65,-0.69509151687,1.27298749723,1.06466367602
run-017,3.675,-0.663026524683,1.2916890594,1.06466124986
run-017,3.7,-0.6305070639,1.30934906056,1.064659116
run-017,3.725,-0.597559071656,1.32597595807,1.06465725575
run-017,3.75,-0.564208265996,1.34157874334,1.06465564926
run-017,3.775,-0.530480134489,1.35616678743,1.06465427595
run-017,3.8,-0.496399926625,1.36974969181,1.06465311478
run-017,3.825,-0.461992649898,1.38233714486,1.06465214462
run-017,3.85,-0.427283069382,1.39393878491,1.0646513445
run-017,3.875,-0.392295710652,1.40456407053,1.06465069397
run-017,3.9,-0.357054865856,1.41422215844,1.06465017328
run-017,3.925,-0.32158460273,1.42292178987,1.06464976366
run-017,3.95,-0.285908776362,1.43067118543,1.06464944756
run-017,3.975,-0.250051043459,1.43747794927,1.06464920875
run-017,4,-0.214034878899,1.4433489825,1.0646490326
run-017,4.025,-0.177883594334,1.44829040645,1.06464890616
run-017,4.05,-0.141620358576,1.45230749583,1.06464881829
run-017,4.075,-0.105268219542,1.45540462204,1.0646487598
run-017,4.1,-0.0688501274745,1.45758520683,1.06464872351
run-017,4.125,-0.0323889592007,1.45885168638,1.06464870429
run-017,4.15,0.00409245684438,1.45920548591,1.06464869917
run-017,4.175,0.0405713150946,1.45864700492,1.0646487073
run-017,4.2,0.0770248070903,1.45717561306,1.06464873002
run-017,4.225,0.113430095748,1.45478965665,1.06464877077
run-017,4.25,0.149764289923,1.45148647582,1.06464883515
run-017,4.275,0.186004419538,1.44726243227,1.0646489308
run-017,4.3,0.222127411536,1.44211294755,1.06464906736
run-017,4.325,0.258110066916,1.43603255172,1.06464925638
run-017,4.35,0.293929039122,1.42901494235,1.06464951119
run-017,4.375,0.329560814034,1.42105305357,1.06464984682
run-017,4.4,0.364981691801,1.41213913508,1.06465027978
run-017,4.425,0.400167770788,1.40226484077,1.06465082792
run-017,4.45,0.43509493384,1.39142132678,1.06465151027
run-017,4.475,0.469738837126,1.37959935843,1.06465234673
run-017,4.5,0.504074901761,1.36678942597,1.06465335792
run-017,4.525,0.538078308425,1.35298186826,1.06465456484
run-017,4.55,0.571723995174,1.33816700426,1.06465598864
run-017,4.575,0.604986658638,1.3223352715,1.06465765028
run-017,4.6,0.637840758749,1.30547737089,1.06465957023
run-017,4.625,0.670260527182,1.28758441727,1.06466176808
run-017,4.65,0.702219979613,1.26864809471,1.06466426224
run-017,4.675,0.733692931918,1.24866081584,1.06466706954
run-017,4.7,0.764653020405,1.22761588411,1.06467020486
run-017,4.725,0.795073726124,1.20550765807,1.06467368076
run-017,4.75,0.824928403308,1.18233171636,1.06467750709
run-017,4.775,0.854190311941,1.15808502248,1.06468169068
run-017,4.8,0.882832654432,1.13276608786,1.06468623493
run-017,4.825,0.910828616334,1.10637513203,1.06469113952
run-017,4.85,0.938151411033,1.07891423849,1.0646964001
run-017,4.875,0.964774328259,1.05038750492,1.06470200807
run-017,4.9,0.990670786279,1.0208011862,1.06470795033
run-017,4.925,1.01581438757,0.990163828889,1.06471420914
run-017,4.95,1.04017897772,0.958486395637,1.06472076203
run-017,4.975,1.06373870735,0.925782378168,1.06472758173
run-017,5,1.08646809663,0.892067897337,1.06473463627
run-017,5.025,1.10834210222,0.857361788978,1.06474188906
run-017,5.05,1.12933618608,0.821685674248,1.06474929906
run-017,5.075,1.14942638593,0.785064013256,1.06475682113
run-017,5.1,1.16858938674,0.74752414092,1.06476440631
run-017,5.125,1.18680259298,0.709096284098,1.06477200231
run-017,5.15,1.20404420095,0.669813559183,1.06477955402
run-017,5.175,1.22029327094,0.629711949547,1.06478700409
run-017,5.2,1.23552979843,0.588830262376,1.06479429359
run-017,5.225,1.24973478405,0.547210064643,1.0648013627
run-017,5.25,1.26289030166,0.504895598187,1.0648081515
run-017,5.275,1.27497956396,0.461933674073,1.06481460076
run-017,5.3,1.28598698536,0.418373546636,1.0648206527
run-017,5.325,1.2958982413,0.374266767835,1.06482625186
run-017,5.35,1.30470032375,0.329667022793,1.06483134586
run-017,5.375,1.31238159243,0.284629947587,1.06483588621
run-017,5.4,1.31893182113,0.239212930597,1.06483982901
run-017,5.425,1.32434223896,0.193474898908,1.06484313565
run-017,5.45,1.32860556608,0.14747609146,1.06484577338
run-017,5.475,1.33171604354,0.1012778208,1.06484771588
run-017,5.5,1.33366945712,0.0549422254368,1.06484894361
run-017,5.525,1.33446315481,0.0085320149319,1.06484944418
run-017,5.55,1.33409605787,-0.0378897900509,1.06484921254
run-017,5.575,1.33256866531,-0.0842601204541,1.06484825101
run-017,5.6,1.32988305184,-0.130516121963,1.06484656932
run-017,5.625,1.32604285921,-0.176595416237,1.06484418441
run-017,5.65,1.32105328103,-0.222436357939,1.06484112015
run-017,5.675,1.31492104131,-0.267978285298,1.06483740698
run-017,5.7,1.30765436677,-0.313161762052,1.06483308142
run-017,5.725,1.29926295321,-0.357928808714,1.0648281855
run-017,5.75,1.28975792633,-0.402223121245,1.06482276611
run-017,5.775,1.27915179715,-0.445990275383,1.06481687429
run-017,5.8,1.26745841256,-0.489177915055,1.06481056445
run-017,5.825,1.25469290139,-0.531735923504,1.06480389362
run-017,5.85,1.24087161639,-0.57361657596,1.06479692059
run-017,5.875,1.2260120726,-0.614774672915,1.06478970512
run-017,5.9,1.21013288274,-0.65516765329,1.06478230716
run-017,5.925,1.19325368993,-0.69475568701,1.06477478604
run-017,5.95,1.17539509839,-0.733501746709,1.06476719977
run-017,5.975,1.1565786026,-0.771371658547,1.06475960438
run-017,6,1.13682651546,-0.808334132303,1.06475205324
run-017,6.025,1.11616189598,-0.844360771115,1.06474459659
run-017,6.05,1.09460847691,-0.879426061451,1.06473728102
run-017,6.075,1.07219059291,-0.913507344031,1.06473014913
run-017,6.1,1.0489331097,-0.946584766607,1.06472323915
run-017,6.125,1.02486135458,-0.978641219633,1.06471658478
run-017,6.15,1.00000104872,-1.00966225598,1.06471021502
run-017,6.175,0.97437824178,-1.03963599591,1.0647041541
run-017,6.2,0.948019248927,-1.06855301875,1.0646984215
run-017,6.225,0.920950590842,-1.09640624244,1.064693032
run-017,6.25,0.893198936805,-1.12319079265,1.06468799584
run-017,6.275,0.864791051209,-1.14890386269,1.06468331891
run-017,6.3,0.83575374367,-1.17354456578,1.06467900297
run-017,6.325,0.80611382292,-1.19711378111,1.06467504594
run-017,6.35,0.775898054615,-1.21961399509,1.06467144223
run-017,6.375,0.745133123166,-1.24104913914,1.06466818306
run-017,6.4,0.713845597657,-1.2614244255,1.06466525682
run-017,6.425,0.682061901891,-1.28074618206,1.06466264943
run-017,6.45,0.649808288555,-1.29902168777,1.06466034473
run-017,6.475,0.617110817502,-1.31625900947,1.06465832487
run-017,6.5,0.583995338081,-1.3324668414,1.06465657062
run-017,6.525,0.550487475432,-1.34765434827,1.06465506182
run-017,6.55,0.516612620667,-1.36183101291,1.06465377764
run-017,6.575,0.482395924787,-1.37500648923,1.06465269697
run-017,6.6,0.447862296206,-1.38719046132,1.06465179871
run-017,6.625,0.413036401721,-1.3983925094,1.06465106208
run-017,6.65,0.377942670736,-1.40862198313,1.06465046687
run-017,6.675,0.342605302564,-1.41788788291,1.06464999372
run-017,6.7,0.30704827659,-1.42619874967,1.06464962431
run-017,6.725,0.271295365081,-1.43356256351,1.06464934163
run-017,6.75,0.235370148415,-1.43998665156,1.06464913007
run-017,6.775,0.199296032503,-1.44547760539,1.06464897567
run-017,6.8,0.163096268145,-1.45004120832,1.06464886621
run-017,6.825,0.126793972087,-1.45368237268,1.06464879133
run-017,6.85,0.0904121495115,-1.4564050873,1.06464874265
run-017,6.875,0.0539737177219,-1.45821237545,1.06464871382
run-017,6.9,0.017501530739,-1.45910626319,1.06464870059
run-017,6.925,-0.0189815954377,-1.45908775832,1.06464870086
run-017,6.95,-0.0554528571769,-1.45815683993,1.06464871466
run-017,6.975,-0.091889437434,-1.45631245864,1.0646487442
run-017,7,-0.128268480109,-1.45355254745,1.06464879381
run-017,7.025,-0.164567064807,-1.44987404325,1.06464886991
run-017,7.05,-0.200762182271,-1.44527291882,1.06464898098
run-017,7.075,-0.236830710748,-1.43974422542,1.06464913745
run-017,7.1,-0.272749393542,-1.43328214567,1.06464935161
run-017,7.125,-0.308494818031,-1.42588005663,1.0646496375
run-017,7.15,-0.344043396374,-1.41753060304,1.06465001077
run-017,7.175,-0.379371348183,-1.40822578018,1.06465048852
run-017,7.2,-0.414454685383,-1.39795702645,1.06465108908
run-017,7.225,-0.449269199505,-1.38671532506,1.06465183187
run-017,7.25,-0.483790451636,-1.37449131465,1.06465273712
run-017,7.275,-0.517993765238,-1.36127540827,1.06465382564
run-017,7.3,-0.551854222049,-1.34705792038,1.06465511852
run-017,7.325,-0.585346661257,-1.33182920123,1.06465663688
run-017,7.35,-0.618445682111,-1.315579778,1.06465840151
run-017,7.375,-0.651125650157,-1.29830050207,1.06466043256
run-017,7.4,-0.683360707214,-1.27998270156,1.0646627492
run-017,7.425,-0.715124785235,-1.26061833847,1.06466536923
run-017,7.45,-0.746391624138,-1.24020016925,1.06466830872
run-017,7.475,-0.777134793697,-1.21872190803,1.06467158166
run-017,7.5,-0.807327719539,-1.19617839135,1.06467519955
run-017,7.525,-0.836943713265,-1.17256574321,1.06467917105
run-017,7.55,-0.8659560067,-1.14788153928,1.06468350163
run-017,7.575,-0.894337790228,-1.12212496895,1.06468819319
run-017,7.6,-0.922062255147,-1.09529699393,1.06469324383
run-017,7.625,-0.949102639925,-1.06740050197,1.06469864748
run-017,7.65,-0.975432280245,-1.0384404543,1.06470439372
run-017,7.675,-1.00102466264,-1.00842402537,1.06471046758
run-017,7.7,-1.02585348151,-0.977360733375,1.06471684939
run-017,7.725,-1.04989269931,-0.945262560167,1.06472351472
run-017,7.75,-1.07311660952,-0.912144059146,1.0647304344
run-017,7.775,-1.09549990227,-0.878022449669,1.06473757452
run-017,7.8,-1.11701773201,-0.842917696728,1.06474489666
run-017,7.825,-1.1376457871,-0.806852574602,1.06475235808
run-017,7.85,-1.15736036074,-0.769852713362,1.06475991202
run-017,7.875,-1.17613842277,-0.73194662719,1.0647675081
run-017,7.9,-1.1939576921,-0.693165723623,1.06477509283
run-017,7.925,-1.21079670895,-0.653544292995,1.06478261009
run-017,7.95,-1.22663490674,-0.613119477508,1.06479000181
run-017,7.975,-1.24145268283,-0.571931219575,1.06479720861
run-017,8,-1.25523146772,-0.530022189257,1.06480417054
run-017,8.025,-1.26795379229,-0.487437690853,1.06481082786
run-017,8.05,-1.27960335227,-0.444225548907,1.06481712183
run-017,8.075,-1.29016506974,-0.400435974125,1.06482299553
run-017,8.1,-1.29962515097,-0.356121409939,1.06482839465
run-017,8.125,-1.30797114023,-0.311336360652,1.06483326831
run-017,8.15,-1.31519196901,-0.266137202358,1.06483756981
run-017,8.175,-1.32127800035,-0.220581977993,1.06484125732
run-017,8.2,-1.3262210679,-0.174730178118,1.06484429457
run-017,8.225,-1.33001450926,-0.128642509181,1.06484665138
run-017,8.25,-1.33265319336,-0.0823806511865,1.06484830413
run-017,8.275,-1.33413354182,-0.0360070068222,1.06484923618
run-017,8.3,-1.33445354371,0.0104155557796,1.06484943812
run-017,8.325,-1.33361276403,0.0568239643986,1.06484890789
run-017,8.35,-1.33161234549,0.103155205891,1.06484765087
run-017,8.375,-1.32845500373,0.14934658883,1.06484567974
run-017,8.4,-1.32414501604,0.195336003296,1.06484301431
run-017,8.425,-1.31868820357,0.241062175539,1.06483968119
run-017,8.45,-1.31209190727,0.286464915273,1.06483571335
run-017,8.475,-1.3043649578,0.331485353508,1.06483114966
run-017,8.5,-1.29551763959,0.376066168894,1.06482603419
run-017,8.525,-1.28556164936,0.420151800747,1.06482041562
run-017,8.55,-1.27451004955,0.463688647056,1.06481434646
run-017,8.575,-1.26237721701,0.506625246,1.06480788229
run-017,8.6,-1.24917878725,0.548912439667,1.06480108095
run-017,8.625,-1.23493159502,0.59050351891,1.06479400173
run-017,8.65,-1.21965361131,0.631354348493,1.06478670456
run-017,8.675,-1.2033638776,0.671423471897,1.06477924923
run-017,8.7,-1.18608243771,0.710672195396,1.06477169462
run-017,8.725,-1.16783026783,0.749064651233,1.064764098
run-017,8.75,-1.14862920515,0.786567839943,1.06475651438
run-017,8.775,-1.12850187583,0.823151652085,1.06474899593
run-017,8.8,-1.10747162255,0.858788869834,1.06474159145
run-017,8.825,-1.08556243234,0.893455149081,1.06473434595
run-017,8.85,-1.06279886509,0.927128982833,1.06472730025
run-017,8.875,-1.0392059832,0.959791646879,1.06472049078
run-017,8.9,-1.01480928275,0.991427128802,1.06471394933
run-017,8.925,-0.989634626757,1.02202204153,1.06470770296
run-017,8.95,-0.963708180673,1.0515655227,1.06470177395
run-017,8.975,-0.937056350622,1.08004912123,1.06469617984
run-018,0,1.39827586207,0,1.18783678677
run-018,0.025,1.39765094699,-0.0499753196335,1.18783633985
run-018,0.05,1.39577709609,-0.0998791710894,1.18783500391
run-018,0.075,1.39265698843,-0.149640403741,1.18783279326
run-018,0.1,1.3882950759,-0.199188499111,1.1878297315
run-018,0.125,1.38269756348,-0.248453879611,1.18782585111
run-018,0.15,1.37587238192,-0.297368208588,1.1878211929
run-018,0.175,1.36782915305,-0.345864678973,1.18781580533
run-018,0.2,1.35857914797,-0.393878287983,1.18780974372
run-018,0.225,1.34813523865,-0.441346095502,1.18780306934
run-018,0.25,1.3365118432,-0.488207464018,1.18779584846
run-018,0.275,1.32372486545,-0.534404278192,1.18778815129
run-018,0.3,1.30979162929,-0.579881142452,1.1877800509
run-018,0.325,1.29473080832,-0.624585555231,1.18777162221
run-018,0.35,1.27856235152,-0.668468058805,1.18776294081
run-018,0.375,1.26130740538,-0.711482363955,1.18775408201
run-018,0.4,1.24298823333,-0.753585448977,1.18774511978
run-018,0.425,1.22362813294,-0.794737632869,1.18773612585
run-018,0.45,1.20325135168,-0.834902622788,1.18772716885
run-018,0.475,1.1818830018,-0.874047536157,1.18771831354
run-018,0.5,1.15954897488,-0.912142898034,1.18770962016
run-018,0.525,1.13627585689,-0.94916261461,1.18770114389
run-018,0.55,1.11209084415,-0.9850839239,1.18769293435
run-018,0.575,1.0870216607,-1.01988732487,1.18768503536
run-018,0.6,1.0610964779,-1.05355648642,1.18767748464
run-018,0.625,1.03434383638,-1.08607813781,1.18767031374
run-018,0.65,1.00679257101,-1.11744194204,1.187663548
run-018,0.675,0.978471739277,-1.14764035414,1.18765720667
run-018,0.7,0.949410553304,-1.17666846597,1.18765130305
run-018,0.725,0.919638315978,-1.20452383944,1.18764584474
run-018,0.75,0.889184361332,-1.23120632991,1.18764083397
run-018,0.775,0.858077999482,-1.25671790172,1.18763626792
run-018,0.8,0.826348466247,-1.28106243746,1.18763213918
run-018,0.825,0.79402487761,-1.30424554286,1.18762843618
run-018,0.85,0.761136189104,-1.32627434886,1.18762514365
run-018,0.875,0.727711160167,-1.34715731255,1.18762224312
run-018,0.9,0.693778323477,-1.3669040184,1.1876197134
run-018,0.925,0.659365959247,-1.38552498133,1.18761753108
run-018,0.95,0.62450207441,-1.40303145274,1.18761567104
run-018,0.975,0.58921438661,-1.41943523096,1.18761410686
run-018,1,0.553530312862,-1.43474847708,1.18761281135
run-018,1.025,0.517476962756,-1.44898353715,1.18761175692
run-018,1.05,0.481081136004,-1.46215277192,1.18761091602
run-018,1.075,0.44436932416,-1.47426839454,1.18761026151
run-018,1.1,0.407367716277,-1.48534231738,1.18760976699
run-018,1.125,0.370102208291,-1.49538600827,1.18760940716
run-018,1.15,0.332598415864,-1.50441035696,1.18760915808
run-018,1.175,0.294881690443,-1.51242555207,1.18760899744
run-018,1.2,0.25697713826,-1.51944096923,1.18760890479
run-018,1.225,0.218909641982,-1.52546507043,1.18760886172
run-018,1.25,0.180703884739,-1.53050531517,1.18760885209
run-018,1.275,0.142384376223,-1.53456808348,1.1876088621
run-018,1.3,0.103975480565,-1.53765861103,1.18760888048
run-018,1.325,0.0655014456714,-1.53978093663,1.18760889853
run-018,1.35,0.026986433733,-1.540937862,1.18760891025
run-018,1.375,-0.0115454474288,-1.54113092415,1.18760891234
run-018,1.4,-0.0500701124744,-1.54036038022,1.18760890424
run-018,1.425,-0.0885634664397,-1.53862520501,1.18760888815
run-018,1.45,-0.127001372725,-1.535923101,1.18760886901
run-018,1.475,-0.16535962149,-1.53225052105,1.18760885443
run-018,1.5,-0.203613898777,-1.52760270348,1.18760885468
run-018,1.525,-0.241739756664,-1.52197371979,1.18760888253
run-018,1.55,-0.279712584766,-1.51535653449,1.18760895323
run-018,1.575,-0.317507583388,-1.50774307733,1.18760908428
run-018,1.6,-0.355099738633,-1.49912432741,1.18760929533
run-018,1.625,-0.392463799759,-1.48949040908,1.18760960799
run-018,1.65,-0.429574259087,-1.47883069943,1.18761004556
run-018,1.675,-0.46640533473,-1.46713394683,1.18761063285
run-018,1.7,-0.502930956429,-1.45438840037,1.18761139583
run-018,1.725,-0.539124754749,-1.44058194955,1.18761236139
run-018,1.75,-0.574960053906,-1.42570227378,1.18761355697
run-018,1.775,-0.610409868438,-1.4097370011,1.18761501018
run-018,1.8,-0.645446903961,-1.39267387535,1.18761674843
run-018,1.825,-0.680043562205,-1.37450093106,1.18761879849
run-018,1.85,-0.714171950514,-1.35520667514,1.18762118607
run-018,1.875,-0.747803895962,-1.33478027448,1.18762393533
run-018,1.9,-0.780910964238,-1.31321174822,1.18762706838
run-018,1.925,-0.813464483373,-1.29049216366,1.18763060486
run-018,1.95,-0.845435572421,-1.26661383451,1.18763456138
run-018,1.975,-0.876795175099,-1.24157051993,1.18763895104
run-018,2,-0.907514098417,-1.21535762316,1.18764378299
run-018,2.025,-0.937563056257,-1.18797238794,1.18764906192
run-018,2.05,-0.966912717814,-1.15941409119,1.18765478768
run-018,2.075,-0.995533760816,-1.12968423022,1.18766095487
run-018,2.1,-1.02339692933,-1.09878670267,1.1876675525
run-018,2.125,-1.05047309595,-1.06672797749,1.18767456373
run-018,2.15,-1.0767333282,-1.03351725494,1.18768196568
run-018,2.175,-1.1021489587,-0.999166613982,1.18768972929
run-018,2.2,-1.1266916589,-0.963691145131,1.1876978193
run-018,2.225,-1.15033351595,-0.927109067057,1.18770619431
run-018,2.25,-1.17304711225,-0.889441825248,1.18771480701
run-018,2.275,-1.19480560722,-0.850714171123,1.18772360438
run-018,2.3,-1.21558282081,-0.810954220148,1.18773252817
run-018,2.325,-1.23535331822,-0.770193487614,1.18774151534
run-018,2.35,-1.25409249519,-0.728466900949,1.18775049873
run-018,2.375,-1.27177666327,-0.685812787615,1.18775940776
run-018,2.4,-1.28838313457,-0.64227283787,1.18776816924
run-018,2.425,-1.30389030516,-0.597892041916,1.18777670829
run-018,2.45,-1.31827773666,-0.552718601238,1.1877849493
run-018,2.475,-1.33152623523,-0.506803814174,1.18779281696
run-018,2.5,-1.34361792737,-0.460201936099,1.18780023734
run-018,2.525,-1.35453633203,-0.412970014847,1.18780713893
run-018,2.55,-1.36426642812,-0.365167702336,1.18781345376
run-018,2.575,-1.37279471715,-0.31685704362,1.18781911845
run-018,2.6,-1.3801092803,-0.268102244905,1.18782407518
run-018,2.625,-1.38619982939,-0.218969422312,1.18782827262
run-018,2.65,-1.39105775141,-0.169526333446,1.18783166683
run-018,2.675,-1.39467614606,-0.119842094038,1.1878342219
run-018,2.7,-1.39704985611,-0.0699868821506,1.18783591063
run-018,2.725,-1.39817549017,-0.0200316325881,1.18783671494
run-018,2.75,-1.39805143774,0.0299522757004,1.18783662619
run-018,2.775,-1.39667787639,0.0798933363411,1.18783564533
run-018,2.8,-1.39405677093,0.129720233442,1.1878337829
run-018,2.825,-1.39019186472,0.179362157727,1.18783105881
run-018,2.85,-1.38508866304,0.228749117969,1.18782750204
run-018,2.875,-1.37875440882,0.277812244852,1.18782315014
run-018,2.9,-1.3711980508,0.326484084504,1.18781804858
run-018,2.925,-1.36243020459,0.374698879083,1.18781225005
run-018,2.95,-1.35246310684,0.422392831969,1.18780581354
run-018,2.975,-1.34131056299,0.469504355335,1.18779880344
run-018,3,-1.32898788908,0.515974298089,1.1877912885
run-018,3.025,-1.31551184809,0.561746152454,1.18778334078
run-018,3.05,-1.30090058145,0.606766237709,1.1877750346
run-018,3.075,-1.2851735362,0.650983859915,1.18776644539
run-018,3.1,-1.26835138846,0.694351446741,1.1877576487
run-018,3.125,-1.25045596387,0.736824656787,1.18774871916
run-018,3.15,-1.23151015562,0.77836246313,1.1877397295
run-018,3.175,-1.21153784071,0.818927211057,1.18773074969
run-018,3.2,-1.19056379507,0.858484650271,1.18772184613
run-018,3.225,-1.1686136082,0.897003942086,1.18771308094
run-018,3.25,-1.14571359796,0.934457642371,1.18770451138
run-018,3.275,-1.12189072608,0.970821661242,1.18769618936
run-018,3.3,-1.0971725149,1.00607520067,1.18768816105
run-018,3.325,-1.07158696604,1.04020067136,1.18768046662
run-018,3.35,-1.04516248133,1.07318359042,1.18767314011
run-018,3.375,-1.01792778652,1.10501246134,1.18766620935
run-018,3.4,-0.989911858265,1.1356786382,1.18765969601
run-018,3.425,-0.961143854614,1.16517617555,1.18765361576
run-018,3.45,-0.931653049487,1.19350166611,1.18764797843
run-018,3.475,-0.901468771308,1.2206540679,1.18764278837
run-018,3.5,-0.870620346093,1.24663452267,1.18763804474
run-018,3.525,-0.839137045175,1.27144616751,1.18763374192
run-018,3.55,-0.807048037717,1.29509394123,1.18762986994
run-018,3.575,-0.774382348113,1.31758438741,1.18762641496
run-018,3.6,-0.741168818347,1.33892545562,1.18762335974
run-018,3.625,-0.707436075332,1.3591263023,1.18762068411
run-018,3.65,-0.673212503232,1.37819709298,1.1876183655
run-018,3.675,-0.638526220684,1.39614880694,1.18761637942
run-018,3.7,-0.603405062885,1.41299304579,1.18761469991
run-018,3.725,-0.567876568394,1.42874184694,1.18761330003
run-018,3.75,-0.531967970537,1.44340750324,1.18761215231
run-018,3.775,-0.495706193232,1.45700238947,1.18761122913
run-018,3.8,-0.459117851064,1.46953879687,1.18761050313
run-018,3.825,-0.422229253389,1.48102877614,1.1876099476
run-018,3.85,-0.385066412257,1.49148398989,1.18760953675
run-018,3.875,-0.347655053895,1.50091557489,1.18760924607
run-018,3.9,-0.310020633512,1.50933401482,1.18760905255
run-018,3.925,-0.272188353153,1.51674902384,1.18760893498
run-018,3.95,-0.23418318232,1.52316944142,1.18760887411
run-018,3.975,-0.196029881083,1.5286031387,1.18760885287
run-018,4,-0.157753025385,1.5330569368,1.18760885651
run-018,4.025,-0.119377034242,1.536536537,1.18760887273
run-018,4.05,-0.080926198535,1.53904646325,1.18760889178
run-018,4.075,-0.0424247110799,1.54059001708,1.18760890659
run-018,4.1,-0.003896697681,1.54116924484,1.18760891276
run-018,4.125,0.034633751162,1.54078491759,1.18760890863
run-018,4.15,0.0731425481984,1.53943652353,1.1876088953
run-018,4.175,0.111605577338,1.537122273,1.18760887662
run-018,4.2,0.149998661849,1.53383911614,1.18760885913
run-018,4.225,0.188297533145,1.52958277295,1.18760885204
run-018,4.25,0.226477800496,1.52434777605,1.18760886713
run-018,4.275,0.264514921947,1.51812752557,1.18760891868
run-018,4.3,0.302384176775,1.51091435653,1.1876090233
run-018,4.325,0.340060639774,1.50269961812,1.1876091998
run-018,4.35,0.377519157681,1.49347376499,1.18760946904
run-018,4.375,0.414734328023,1.48322646005,1.18760985365
run-018,4.4,0.451680480684,1.4719466887,1.18761037788
run-018,4.425,0.488331662459,1.45962288391,1.18761106726
run-018,4.45,0.524661624879,1.44624306185,1.18761194837
run-018,4.475,0.560643815551,1.4317949676,1.18761304845
run-018,4.5,0.596251373259,1.41626623015,1.18761439511
run-018,4.525,0.631457127059,1.39964452636,1.18761601586
run-018,4.55,0.666233599577,1.38191775279,1.18761793781
run-018,4.575,0.700553014698,1.36307420485,1.18762018714
run-018,4.6,0.734387309819,1.34310276208,1.18762278867
run-018,4.625,0.767708152803,1.32199307873,1.18762576541
run-018,4.65,0.800486963756,1.29973577835,1.18762913804
run-018,4.675,0.83269494172,1.27632265127,1.18763292444
run-018,4.7,0.864303096319,1.25174685346,1.18763713919
run-018,4.725,0.895282284393,1.22600310557,1.18764179307
run-018,4.75,0.925603251598,1.19908789037,1.18764689261
run-018,4.775,0.955236678912,1.17099964715,1.18765243965
run-018,4.8,0.984153233955,1.14173896134,1.18765843094
run-018,4.825,1.01232362698,1.11130874759,1.18766485776
run-018,4.85,1.03971867134,1.07971442453,1.18767170564
run-018,4.875,1.06630934821,1.04696407938,1.18767895416
run-018,4.9,1.0920668753,1.01306862067,1.18768657672
run-018,4.925,1.11696277924,0.97804191708,1.18769454055
run-018,4.95,1.14096897116,0.94190092078,1.1877028067
run-018,4.975,1.16405782528,0.90466577348,1.1877113302
run-018,5,1.18620225983,0.866359893562,1.18772006027
run-018,5.025,1.20737581996,0.827010042771,1.18772894071
run-018,5.05,1.22755276197,0.786646371101,1.18773791033
run-018,5.075,1.24670813851,0.74530243863,1.18774690354
run-018,5.1,1.2648178839,0.703015213306,1.18775585103
run-018,5.125,1.28185889918,0.659825043847,1.18776468055
run-018,5.15,1.29780913609,0.6157756072,1.18777331781
run-018,5.175,1.31264767954,0.570913830227,1.18778168734
run-018,5.2,1.32635482761,0.525289785579,1.1877897136
run-018,5.225,1.33891216882,0.478956561988,1.18779732197
run-018,5.25,1.35030265571,0.43197010952,1.18780443985
run-018,5.275,1.36051067429,0.3843890606,1.18781099772
run-018,5.3,1.36952210874,0.336274527945,1.18781693023
run-018,5.325,1.37732440069,0.28768988081,1.18782217722
run-018,5.35,1.38390660278,0.238700501235,1.18782668465
run-018,5.375,1.38925942575,0.189373522239,1.18783040553
run-018,5.4,1.39337527889,0.139777550163,1.18783330066
run-018,5.425,1.39624830326,0.0899823735445,1.18783533927
run-018,5.45,1.39787439757,0.0400586611296,1.18783649958
run-018,5.475,1.39825123631,-0.00992234825956,1.18783676914
run-018,5.5,1.39737828015,-0.0598891611423,1.18783614507
run-018,5.525,1.39525677826,-0.109770347165,1.18783463406
run-018,5.55,1.39188976279,-0.159494856303,1.1878322523
run-018,5.575,1.38728203544,-0.20899233252,1.18782902518
run-018,5.6,1.38144014617,-0.258193421009,1.1878249869
run-018,5.625,1.37437236439,-0.307030066185,1.18782017983
run-018,5.65,1.36608864286,-0.355435797763,1.18781465386
run-018,5.675,1.3566005745,-0.403346002401,1.18780846556
run-018,5.7,1.34592134274,-0.450698178584,1.1878016773
run-018,5.725,1.33406566557,-0.497432172659,1.18779435618
run-018,5.75,1.32104973411,-0.543490394168,1.18778657308
run-018,5.775,1.30689114587,-0.588818008898,1.18777840153
run-018,5.8,1.29160883366,-0.633363108355,1.18776991665
run-018,5.825,1.27522299045,-0.677076854655,1.18776119408
run-018,5.85,1.25775499093,-0.719913600122,1.18775230892
run-018,5.875,1.23922731044,-0.761830981179,1.18774333478
run-018,5.9,1.21966344187,-0.802789986409,1.18773434283
run-018,5.925,1.19908781112,-0.842754998945,1.187725401
run-018,5.95,1.17752569192,-0.881693813604,1.1877165732
run-018,5.975,1.15500312044,-0.919577629446,1.1877079187
run-018,6,1.13154681045,-0.956381018655,1.1876994916
run-018,6.025,1.10718406951,-0.992081872841,1.18769134042
run-018,6.05,1.08194271681,-1.02666132805,1.18768350775
run-018,6.075,1.05585100311,-1.06010366996,1.18767603011
run-018,6.1,1.02893753331,-1.09239622073,1.18766893781
run-018,6.125,1.00123119207,-1.12352920932,1.18766225498
run-018,6.15,0.972761072843,-1.15349562692,1.18765599966
run-018,6.175,0.943556410724,-1.18229106927,1.18765018401
run-018,6.2,0.913646519379,-1.20991356787,1.18764481453
run-018,6.225,0.883060732331,-1.23636341161,1.1876398924
run-018,6.25,0.851828348799,-1.26164296093,1.18763541389
run-018,6.275,0.819978584284,-1.28575645611,1.18763137071
run-018,6.3,0.787540525994,-1.30870982142,1.18762775051
run-018,6.325,0.754543093213,-1.3305104669,1.18762453735
run-018,6.35,0.721015002649,-1.35116708919,1.18762171219
run-018,6.375,0.686984738753,-1.37068947306,1.18761925335
run-018,6.4,0.652480528996,-1.3890882949,1.18761713705
run-018,6.425,0.617530324009,-1.40637492961,1.18761533787
run-018,6.45,0.582161782515,-1.422561262,1.18761382921
run-018,6.475,0.546402260908,-1.43765950378,1.18761258375
run-018,6.5,0.510278807326,-1.45168201723,1.18761157389
run-018,6.525,0.473818160047,-1.46464114641,1.18761077213
run-018,6.55,0.437046750006,-1.47654905668,1.18761015144
run-018,6.575,0.399990707213,-1.48741758329,1.18760968563
run-018,6.6,0.362675870841,-1.49725808961,1.18760934964
run-018,6.625,0.325127802733,-1.50608133564,1.18760911984
run-018,6.65,0.287371804059,-1.5138973572,1.18760897426
run-018,6.675,0.249432934872,-1.52071535618,1.18760889284
run-018,6.7,0.21133603625,-1.52654360227,1.18760885763
run-018,6.725,0.173105754759,-1.53138934644,1.18760885291
run-018,6.75,0.134766568929,-1.53525874633,1.1876088654
run-018,6.775,0.0963428174427,-1.53815680383,1.18760888432
run-018,6.8,0.0578587287368,-1.54008731499,1.18760890151
run-018,6.825,0.0193384516931,-1.54105283228,1.18760891149
run-018,6.85,-0.0191939128773,-1.54105463946,1.18760891151
run-018,6.875,-0.0577142802798,-1.54009273893,1.18760890156
run-018,6.9,-0.0961985498238,-1.53816585174,1.18760888439
run-018,6.925,-0.134622572867,-1.53527143011,1.18760886546
run-018,6.95,-0.172962121329,-1.53140568262,1.18760885293
run-018,6.975,-0.211192856998,-1.52656361181,1.18760885756
run-018,7,-0.24929030192,-1.52073906426,1.18760889263
run-018,7.025,-0.287229810211,-1.51392479299,1.18760897384
run-018,7.05,-0.324986541569,-1.50611253195,1.18760911915
run-018,7.075,-0.362535436808,-1.49729308258,1.18760934859
run-018,7.1,-0.399851195698,-1.48745641199,1.18760968414
run-018,7.125,-0.436908257408,-1.47659176269,1.18761014942
run-018,7.15,-0.473680783832,-1.46468777332,1.18761076948
run-018,7.175,-0.510142646073,-1.45173261014,1.18761157051
run-018,7.2,-0.546267414339,-1.43771410877,1.18761257954
run-018,7.225,-0.582028351512,-1.42261992551,1.18761382406
run-018,7.25,-0.617398410615,-1.40643769784,1.18761533168
run-018,7.275,-0.652350236404,-1.38915521315,1.18761712972
run-018,7.3,-0.686856171272,-1.37076058509,1.18761924478
run-018,7.325,-0.720888265658,-1.35124243648,1.18762170229
run-018,7.35,-0.754418293096,-1.33059008796,1.18762452604
run-018,7.375,-0.787417770056,-1.30879375104,1.18762773771
run-018,7.4,-0.819857980649,-1.28584472464,1.18763135635
run-018,7.425,-0.851710006288,-1.26173559351,1.18763539792
run-018,7.45,-0.882944760324,-1.23646042744,1.18763987478
run-018,7.475,-0.91353302766,-1.21001497947,1.18764479523
run-018,7.5,-0.943445509298,-1.18239688175,1.18765016303
run-018,7.525,-0.972652871747,-1.15360583724,1.18765597702
run-018,7.55,-1.00112580116,-1.12364380567,1.1876622307
run-018,7.575,-1.02883506203,-1.09251518182,1.18766891196
run-018,7.6,-1.05575156025,-1.06022696442,1.18767600277
run-018,7.625,-1.08184641025,-1.02678891389,1.18768347902
run-018,7.65,-1.10709100595,-0.992213696902,1.18769131042
run-018,7.675,-1.1314570951,-0.956517016169,1.18769946048
run-018,7.7,-1.15491685675,-0.919717723638,1.18770788663
run-018,7.725,-1.17744298128,-0.881837915377,1.18771654037
run-018,7.75,-1.19900875252,-0.842903006636,1.18772536763
run-018,7.775,-1.21958813161,-0.802941785628,1.18773430915
run-018,7.8,-1.2391558418,-0.761986444736,1.18774330104
run-018,7.825,-1.25768745385,-0.720072588046,1.18775227537
run-018,7.85,-1.27515947121,-0.677239214305,1.187761161
run-018,7.875,-1.29154941456,-0.633528674625,1.18776988433
run-018,7.9,-1.30683590494,-0.588986604522,1.18777837024
run-018,7.925,-1.32099874479,-0.543661830121,1.1877865431
run-018,7.95,-1.33401899644,-0.49760624865,1.1877943278
run-018,7.975,-1.34587905722,-0.45087468365,1.18780165078
run-018,8,-1.35656273063,-0.403524715586,1.18780844118
run-018,8.025,-1.366055293,-0.355616488884,1.18781463184
run-018,8.05,-1.37434355507,-0.307212496681,1.18782016041
run-018,8.075,-1.38141591783,-0.25837734486,1.18782497027
run-018,8.1,-1.38726242231,-0.20917749724,1.18782901153
run-018,8.125,-1.3918747927,-0.159681003985,1.18783224175
run-018,8.15,-1.39524647251,-0.109957215579,1.18783462674
run-018,8.175,-1.39737265348,-0.0600764848686,1.18783614105
run-018,8.2,-1.39825029676,-0.0101098598611,1.18783676847
run-018,8.225,-1.39787814647,0.0398712299261,1.18783650226
run-018,8.25,-1.39625673526,0.0897952906549,1.18783534527
run-018,8.275,-1.39338838194,0.139591081956,1.18783330992
run-018,8.3,-1.38927718116,0.189187932361,1.18783041796
run-018,8.325,-1.38392898532,0.23851604946,1.18782670011
run-018,8.35,-1.37735137869,0.287506821926,1.18782219554
run-018,8.375,-1.36955364422,0.336093110684,1.18781695123
run-018,8.4,-1.36054672315,0.384209526628,1.18781102118
run-018,8.425,-1.35034316789,0.431792692483,1.18780446554
run-018,8.45,-1.33895708853,0.478781486637,1.18779734963
run-018,8.475,-1.32640409356,0.525117266968,1.18778974297
run-018,8.5,-1.31270122518,0.570744073,1.18778171814
run-018,8.525,-1.29786688991,0.615608804961,1.18777334975
run-018,8.55,-1.28192078493,0.659661378628,1.18776471336
run-018,8.575,-1.26488382098,0.702854855128,1.18775588441
run-018,8.6,-1.24677804218,0.745145545161,1.18774693723
run-018,8.625,-1.22762654372,0.786493087407,1.18773794406
run-018,8.65,-1.20745338781,0.826860501172,1.18772897423
run-018,8.675,-1.18628351866,0.866214213573,1.18772009334
run-018,8.7,-1.16414267713,0.90452406185,1.1877113626
run-018,8.725,-1.14105731557,0.941763271618,1.18770283822
run-018,8.75,-1.11705451355,0.977908412064,1.18769457102
run-018,8.775,-1.09216189496,1.01293932934,1.18768660598
run-018,8.8,-1.06640754708,1.04683905949,1.18767898207
run-018,8.825,-1.03981994199,1.07959372249,1.1876717321
run-018,8.85,-1.01242786096,1.11119239897,1.18766488267
run-018,8.875,-0.984260322042,1.14162699138,1.18765845424
run-018,8.9,-0.955346511387,1.1708920714,1.1876524613
run-018,8.925,-0.925715718472,1.19898471529,1.18764691258
run-018,8.95,-0.895397275623,1.22590432923,1.18764181136
run-018,8.975,-0.86442050201,1.25165246624,1.18763715582
run-019,0,1.46206896552,0,1.32014692317
run-019,0.025,1.46139719872,-0.0537211050831,1.3201463796
run-019,0.05,1.45938291026,-0.107361351315,1.32014475507
run-019,0.075,1.45602913115,-0.160840261707,1.32014206804
run-019,0.1,1.45134089718,-0.214078119269,1.32013834889
run-019,0.125,1.44532522519,-0.266996337764,1.32013363941
run-019,0.15,1.43799108029,-0.319517821515,1.32012799202
run-019,0.175,1.42934933412,-0.37156731086,1.3201214689
run-019,0.2,1.41941271475,-0.423071710078,1.32011414087
run-019,0.225,1.40819574861,-0.47396039483,1.32010608621
run-019,0.25,1.39571469501,-0.524165496465,1.32009738936
run-019,0.275,1.38198747379,-0.573622160869,1.3200881395
run-019,0.3,1.36703358696,-0.622268779854,1.32007842918
run-019,0.325,1.3508740348,-0.670047193481,1.32006835283
run-019,0.35,1.33353122729,-0.716902862071,1.3200580054
run-019,0.375,1.31502889169,-0.762785007039,1.32004748098
run-019,0.4,1.29539197694,-0.807646720087,1.32003687149
run-019,0.425,1.27464655569,-0.851445040632,1.32002626551
run-019,0.45,1.2528197249,-0.894141001746,1.32001574718
run-019,0.475,1.2299395056,-0.935699645179,1.32000539524
run-019,0.5,1.20603474264,-0.976090006399,1.31999528228
run-019,0.525,1.18113500528,-1.01528507083,1.31998547398
run-019,0.55,1.1552704891,-1.05326170272,1.31997602871
run-019,0.575,1.12847192014,-1.09000054843,1.31996699705
run-019,0.6,1.10077046168,-1.12548591579,1.31995842171
run-019,0.625,1.07219762435,-1.1597056318,1.31995033734
run-019,0.65,1.04278518009,-1.1926508806,1.31994277066
run-019,0.675,1.01256508033,-1.22431602408,1.31993574064
run-019,0.7,0.981569378888,-1.25469840729,1.31992925874
run-019,0.725,0.949830159961,-1.28379815102,1.31992332935
run-019,0.75,0.917379471337,-1.31161793377,1.31991795022
run-019,0.775,0.884249263272,-1.33816276539,1.31991311298
run-019,0.8,0.850471333068,-1.36343975458,1.31990880374
run-019,0.825,0.816077275543,-1.38745787234,1.31990500369
run-019,0.85,0.781098439451,-1.41022771334,1.31990168973
run-019,0.875,0.745565889876,-1.43176125725,1.31989883513
run-019,0.9,0.709510376589,-1.4520716316,1.31989641015
run-019,0.925,0.672962308296,-1.47117287807,1.3198943827
run-019,0.95,0.635951732685,-1.48907972354,1.31989271897
run-019,0.975,0.59850832212,-1.50580735739,1.31989138398
run-019,1,0.560661364816,-1.5213712163,1.31989034217
run-019,1.025,0.522439761304,-1.53578677768,1.31988955794
run-019,1.05,0.483872025932,-1.54906936269,1.31988899613
run-019,1.075,0.44498629317,-1.56123394986,1.31988862247
run-019,1.1,0.405810328439,-1.57229499991,1.31988840398
run-019,1.125,0.366371543175,-1.58226629262,1.31988830938
run-019,1.15,0.326697013808,-1.59116077619,1.31988830939
run-019,1.175,0.286813504365,-1.59899042962,1.31988837704
run-019,1.2,0.246747492327,-1.60576613856,1.31988848791
run-019,1.225,0.206525197437,-1.61149758491,1.31988862038
run-019,1.25,0.166172613082,-1.61619315048,1.31988875579
run-019,1.275,0.125715539913,-1.61985983484,1.3198888786
run-019,1.3,0.0851796213395,-1.62250318779,1.31988897652
run-019,1.325,0.0445903805237,-1.6241272562,1.31988904062
run-019,1.35,0.00397325852942,-1.62473454568,1.31988906536
run-019,1.375,-0.0366463467601,-1.62432599691,1.31988904867
run-019,1.4,-0.0772430413158,-1.62290097682,1.31988899195
run-019,1.425,-0.117791395601,-1.62045728455,1.31988890004
run-019,1.45,-0.158265905543,-1.61699117216,1.31988878124
run-019,1.475,-0.198640954209,-1.61249738014,1.31988864717
run-019,1.5,-0.238890774551,-1.60696918765,1.31988851276
run-019,1.525,-0.278989413591,-1.60039847726,1.31988839605
run-019,1.55,-0.318910698413,-1.59277581426,1.3198883181
run-019,1.575,-0.358628204304,-1.58409054023,1.31988830282
run-019,1.6,-0.398115225425,-1.5743308807,1.31988837667
run-019,1.625,-0.43734474834,-1.56348406665,1.31988856852
run-019,1.65,-0.476289428758,-1.55153646954,1.31988890929
run-019,1.675,-0.514921571816,-1.53847374938,1.31988943163
run-019,1.7,-0.553213116227,-1.52428101554,1.31989016961
run-019,1.725,-0.591135622593,-1.50894299954,1.31989115823
run-019,1.75,-0.628660266204,-1.49244423937,1.31989243307
run-019,1.775,-0.665757834562,-1.47476927443,1.31989402972
run-019,1.8,-0.702398729925,-1.45590285027,1.31989598331
run-019,1.825,-0.738552977075,-1.43583013224,1.31989832793
run-019,1.85,-0.774190236537,-1.41453692679,1.31990109607
run-019,1.875,-0.809279823415,-1.3920099093,1.31990431797
run-019,1.9,-0.843790732002,-1.36823685699,1.31990802099
run-019,1.925,-0.877691666265,-1.34320688551,1.319912229
run-019,1.95,-0.910951076277,-1.31691068743,1.31991696169
run-019,1.975,-0.943537200636,-1.28934077105,1.31992223398
run-019,2,-0.97541811483,-1.26049169751,1.31992805536
run-019,2.025,-1.00656178551,-1.23036031421,1.31993442931
run-019,2.05,-1.03693613054,-1.19894598259,1.31994135278
run-019,2.075,-1.06650908464,-1.16625079792,1.31994881573
run-019,2.1,-1.09524867044,-1.13227979903,1.31995680069
run-019,2.125,-1.12312307459,-1.0970411655,1.31996528246
run-019,2.15,-1.15010072871,-1.06054640032,1.31997422796
run-019,2.175,-1.17615039461,-1.02281049538,1.31998359606
run-019,2.2,-1.20124125348,-0.983852077894,1.31999333769
run-019,2.225,-1.2253429985,-0.943693535362,1.32000339601
run-019,2.25,-1.24842593025,-0.902361117172,1.32001370669
run-019,2.275,-1.27046105436,-0.859885010854,1.32002419849
run-019,2.3,-1.29142018079,-0.816299391315,1.32003479379
run-019,2.325,-1.31127602393,-0.771642441543,1.32004540944
run-019,2.35,-1.33000230287,-0.725956343525,1.32005595764
run-019,2.375,-1.3475738411,-0.679287238415,1.32006634704
run-019,2.4,-1.36396666479,-0.631685155295,1.32007648388
run-019,2.425,-1.37915809887,-0.583203908199,1.32008627328
run-019,2.45,-1.3931268602,-0.533900961445,1.32009562057
run-019,2.475,-1.40585314694,-0.483837263664,1.32010443274
run-019,2.5,-1.41731872338,-0.433077051324,1.32011261983
run-019,2.525,-1.42750699951,-0.381687622908,1.32012009637
run-019,2.55,-1.43640310453,-0.329739085295,1.32012678277
run-019,2.575,-1.44399395377,-0.277304074258,1.32013260665
run-019,2.6,-1.45026830824,-0.224457451351,1.32013750405
run-019,2.625,-1.45521682634,-0.171275979766,1.32014142056
run-019,2.65,-1.45883210723,-0.117837982067,1.32014431225
run-019,2.675,-1.46110872544,-0.0642229829229,1.32014614645
run-019,2.7,-1.46204325638,-0.0105113402231,1.32014690235
run-019,2.725,-1.46163429245,0.0432161319009,1.32014657135
run-019,2.75,-1.45988244978,0.0968785445023,1.3201451572
run-019,2.775,-1.45679036523,0.150395315973,1.32014267599
run-019,2.8,-1.45236268398,0.203686551202,1.3201391558
run-019,2.825,-1.44660603767,0.256673414058,1.32013463624
run-019,2.85,-1.43952901328,0.309278489606,1.32012916772
run-019,2.875,-1.43114211319,0.361426132636,1.32012281059
run-019,2.9,-1.42145770665,0.413042799251,1.32011563408
run-019,2.925,-1.41048997323,0.464057358537,1.32010771509
run-019,2.95,-1.39825483872,0.514401381588,1.32009913698
run-019,2.975,-1.38476990415,0.564009405503,1.32008998811
run-019,3,-1.37005436845,0.612819170282,1.32008036046
run-019,3.025,-1.35412894563,0.660771826952,1.32007034824
run-019,3.05,-1.3370157771,0.707812115577,1.32006004639
run-019,3.075,-1.31873833985,0.753888512251,1.32004954928
run-019,3.1,-1.29932135149,0.798953344491,1.32003894934
run-019,3.125,-1.27879067263,0.842962874877,1.3200283359
run-019,3.15,-1.25717320774,0.885877353109,1.32001779404
run-019,3.175,-1.23449680497,0.927661037022,1.32000740365
run-019,3.2,-1.21079015589,0.968282183401,1.31999723854
run-019,3.225,-1.1860826958,1.00771300974,1.31998736582
run-019,3.25,-1.1604045054,1.04592962838,1.3199778453
run-019,3.275,-1.13378621438,1.08291195457,1.31996872913
run-019,3.3,-1.10625890767,1.11864359045,1.31996006155
run-019,3.325,-1.07785403486,1.15311168677,1.31995187878
run-019,3.35,-1.04860332334,1.18630678455,1.31994420911
run-019,3.375,-1.01853869563,1.21822263893,1.31993707297
run-019,3.4,-0.98769219139,1.24885602734,1.31993048329
run-019,3.425,-0.956095894267,1.27820654445,1.31992444579
run-019,3.45,-0.923781864167,1.30627638599,1.31991895949
run-019,3.475,-0.890782074967,1.3330701239,1.31991401718
run-019,3.5,-0.857128357972,1.35859447482,1.31990960599
run-019,3.525,-0.822852351226,1.38285806418,1.31990570802
run-019,3.55,-0.787985454763,1.40587118785,1.31990230098
run-019,3.575,-0.752558791834,1.42764557327,1.31989935877
run-019,3.6,-0.7166031761,1.44819414196,1.3198968522
run-019,3.625,-0.680149084736,1.46753077497,1.31989474961
run-019,3.65,-0.643226637351,1.48567008287,1.31989301745
run-019,3.675,-0.605865580592,1.50262718174,1.31989162094
run-019,3.7,-0.568095278264,1.51841747644,1.31989052458
run-019,3.725,-0.52994470677,1.5330564522,1.31988969276
run-019,3.75,-0.491442455654,1.54655947578,1.31988909017
run-019,3.775,-0.452616732981,1.55894160686,1.31988868234
run-019,3.8,-0.413495375311,1.57021742068,1.31988843602
run-019,3.825,-0.374105861947,1.58040084248,1.31988831955
run-019,3.85,-0.334475333187,1.58950499436,1.31988830325
run-019,3.875,-0.294630612229,1.59754205511,1.31988835968
run-019,3.9,-0.254598230431,1.60452313339,1.31988846389
run-019,3.925,-0.21440445556,1.6104581546,1.3198885937
run-019,3.95,-0.174075322702,1.61535576176,1.31988872985
run-019,3.975,-0.133636667472,1.61922323063,1.3198888562
run-019,4,-0.0931141611699,1.62206639924,1.3198889598
run-019,4.025,-0.0525333475101,1.62388961193,1.31988903105
run-019,4.05,-0.0119196805736,1.62469567813,1.31988906376
run-019,4.075,0.0287014363962,1.62448584582,1.31988905518
run-019,4.1,0.0693046117173,1.62325978978,1.31988900601
run-019,4.125,0.109864425885,1.62101561466,1.31988892044
run-019,4.15,0.15035539245,1.61774987282,1.31988880609
run-019,4.175,0.190751919526,1.61345759697,1.31988867394
run-019,4.2,0.231028272298,1.60813234747,1.31988853827
run-019,4.225,0.2711585369,1.60176627431,1.31988841653
run-019,4.25,0.311116586014,1.59435019356,1.31988832921
run-019,4.275,0.350876046577,1.58587367813,1.31988829966
run-019,4.3,0.390410269921,1.57632516274,1.31988835388
run-019,4.325,0.429692304715,1.56569206273,1.31988852027
run-019,4.35,0.468694873057,1.55396090644,1.31988882939
run-019,4.375,0.507390350036,1.54111748079,1.31988931357
run-019,4.4,0.545750747097,1.52714698965,1.31989000663
run-019,4.425,0.583747699519,1.5120342243,1.31989094344
run-019,4.45,0.621352458312,1.49576374557,1.31989215948
run-019,4.475,0.658535886797,1.47832007676,1.31989369039
run-019,4.5,0.69526846215,1.45968790656,1.31989557143
run-019,4.525,0.731520282125,1.43985230102,1.31989783695
run-019,4.55,0.767261077201,1.41879892343,1.31990051979
run-019,4.575,0.802460228297,1.396514261,1.31990365067
run-019,4.6,0.837086790251,1.37298585691,1.31990725757
run-019,4.625,0.871109521142,1.34820254624,1.31991136511
run-019,4.65,0.904496917563,1.32215469429,1.31991599384
run-019,4.675,0.937217255857,1.29483443545,1.31992115965
run-019,4.7,0.969238639335,1.26623591075,1.31992687314
run-019,4.725,1.00052905139,1.23635550225,1.31993313902
run-019,4.75,1.03105641445,1.20519206202,1.31993995557
run-019,4.775,1.0607886545,1.1727471337,1.31994731412
run-019,4.8,1.08969377113,1.13902516436,1.3199551987
run-019,4.825,1.11773991271,1.10403370435,1.31996358564
run-019,4.85,1.14489545635,1.06778359293,1.31997244341
run-019,4.875,1.17112909236,1.03028912735,1.31998173246
run-019,4.9,1.19640991272,0.991568213178,1.31999140525
run-019,4.925,1.22070750302,0.951642493566,1.32000140645
run-019,4.95,1.2439920374,0.910537455633,1.32001167316
run-019,4.975,1.2662343758,0.868282511794,1.32002213545
run-019,5,1.28740616299,0.824911054412,1.32003271688
run-019,5.025,1.30747992852,0.780460482187,1.32004333533
run-019,5.05,1.3264291871,0.734972196989,1.32005390381
run-019,5.075,1.34422853837,0.688491570103,1.3200643316
run-019,5.1,1.3608537656,0.641067877167,1.32007452529
run-019,5.125,1.37628193223,0.592754201417,1.32008439013
run-019,5.15,1.39049147567,0.543607305195,1.32009383129
run-019,5.175,1.40346229749,0.493687470054,1.32010275534
run-019,5.2,1.41517584917,0.443058306169,1.32011107159
run-019,5.225,1.4256152128,0.391786532145,1.32011869359
run-019,5.25,1.43476517578,0.339941726698,1.3201255405
run-019,5.275,1.44261229913,0.287596054045,1.32013153841
run-019,5.3,1.44914497848,0.234823965221,1.32013662164
run-019,5.325,1.45435349739,0.181701877827,1.32014073382
run-019,5.35,1.45823007237,0.128307837069,1.32014382892
run-019,5.375,1.46076888925,0.0747211611695,1.320145872
run-019,5.4,1.46196613043,0.0210220744829,1.3201468399
run-019,5.425,1.46181999297,-0.032708668187,1.32014672161
run-019,5.45,1.46033069702,-0.0863901624325,1.32014551846
run-019,5.475,1.45750048485,-0.139941736547,1.32014324415
run-019,5.5,1.4533336102,-0.193283331564,1.32013992444
run-019,5.525,1.44783631827,-0.246335875326,1.32013559674
run-019,5.55,1.44101681643,-0.29902164699,1.3201303094
run-019,5.575,1.43288523592,-0.351264628494,1.32012412092
run-019,5.6,1.42345358501,-0.402990839701,1.32011709886
run-019,5.625,1.41273569394,-0.454128654189,1.32010931874
run-019,5.65,1.4007471523,-0.504609092905,1.32010086275
run-019,5.675,1.38750523929,-0.554366093232,1.32009181838
run-019,5.7,1.37302884763,-0.603336751327,1.32008227703
run-019,5.725,1.35733840172,-0.651461535994,1.32007233257
run-019,5.75,1.34045577083,-0.698684472671,1.32006207992
run-019,5.775,1.32240417809,-0.744953296544,1.32005161365
run-019,5.8,1.30320810601,-0.790219574148,1.32004102669
run-019,5.825,1.28289319938,-0.834438793213,1.32003040905
run-019,5.85,1.26148616635,-0.877570420871,1.32001984673
run-019,5.875,1.23901467834,-0.919577930686,1.32000942069
run-019,5.9,1.21550726981,-0.960428799292,1.31999920602
run-019,5.925,1.19099323838,-1.00009447374,1.31998927116
run-019,5.95,1.16550254613,-1.0385503109,1.3199796774
run-019,5.975,1.13906572283,-1.07577549051,1.3199704784
run-019,6,1.1117137716,-1.11175290371,1.31996171996
run-019,6.025,1.08347807765,-1.14646901892,1.31995343988
run-019,6.05,1.05439032065,-1.1799137273,1.31994566799
run-019,6.075,1.02448239128,-1.21208016989,1.31993842623
run-019,6.1,0.99378631216,-1.24296454866,1.31993172898
run-019,6.125,0.962334163847,-1.27256592386,1.31992558335
run-019,6.15,0.930158015967,-1.30088599986,1.3199199896
run-019,6.175,0.897289863854,-1.32792890181,1.31991494172
run-019,6.2,0.863761570876,-1.35370094525,1.31991042789
run-019,6.225,0.829604816591,-1.37821040093,1.31990643115
run-019,6.25,0.79485105083,-1.40146725675,1.31990293002
run-019,6.275,0.759531453754,-1.42348297887,1.31989989909
run-019,6.3,0.723676901886,-1.44427027379,1.31989730973
run-019,6.325,0.687317940064,-1.46384285311,1.3198951307
run-019,6.35,0.650484759231,-1.48221520254,1.31989332878
run-019,6.375,0.613207179938,-1.49940235656,1.31989186939
run-019,6.4,0.575514641403,-1.51541968022,1.31989071712
run-019,6.425,0.537436195927,-1.53028265898,1.31988983634
run-019,6.45,0.499000508454,-1.54400669795,1.31988919166
run-019,6.475,0.460235861029,-1.55660693118,1.31988874839
run-019,6.5,0.421170161894,-1.56809804211,1.31988847302
run-019,6.525,0.381830958924,-1.57849409555,1.31988833355
run-019,6.55,0.342245457117,-1.58780838217,1.31988829989
run-019,6.575,0.302440539815,-1.59605327568,1.31988834414
run-019,6.6,0.262442793333,-1.60324010341,1.31988844083
run-019,6.625,0.222278534645,-1.60937903047,1.31988856724
run-019,6.65,0.181973841809,-1.61447895787,1.31988870353
run-019,6.675,0.141554586751,-1.61854743482,1.31988883291
run-019,6.7,0.101046470068,-1.62159058545,1.31988894182
run-019,6.725,0.060475057479,-1.62361305,1.31988902
run-019,6.75,0.0198658175679,-1.62461794072,1.31988906058
run-019,6.775,-0.0207558395571,-1.62460681242,1.31988906012
run-019,6.8,-0.0613645230529,-1.62357964784,1.31988901867
run-019,6.825,-0.101934821949,-1.62153485784,1.31988893973
run-019,6.85,-0.142441265945,-1.61846929634,1.31988883025
run-019,6.875,-0.182858286766,-1.61437829003,1.31988870056
run-019,6.9,-0.223160180447,-1.6092556829,1.3198885643
run-019,6.925,-0.263321070911,-1.60309389527,1.31988843832
run-019,6.95,-0.30331487521,-1.59588399743,1.31988834252
run-019,6.975,-0.343115270783,-1.58761579768,1.3198882997
run-019,7,-0.382695665094,-1.57827794446,1.31988833537
run-019,7.025,-0.422029168006,-1.56785804253,1.31988847748
run-019,7.05,-0.46108856722,-1.55634278268,1.31988875618
run-019,7.075,-0.49984630714,-1.54371808484,1.3198892035
run-019,7.1,-0.538274471462,-1.52996925385,1.31988985299
run-019,7.125,-0.576344769832,-1.51508114775,1.31989073933
run-019,7.15,-0.61402852885,-1.4990383576,1.31989189794
run-019,7.175,-0.651296687712,-1.48182539837,1.31989336447
run-019,7.2,-0.688119798768,-1.46342691,1.31989517428
run-019,7.225,-0.724468033212,-1.44382786763,1.31989736195
run-019,7.25,-0.76031119215,-1.4230138001,1.31989996066
run-019,7.275,-0.795618723218,-1.40097101534,1.31990300159
run-019,7.3,-0.830359742917,-1.37768683149,1.31990651333
run-019,7.325,-0.864503064792,-1.35314981222,1.31991052118
run-019,7.35,-0.898017233528,-1.32735000468,1.31991504655
run-019,7.375,-0.930870565026,-1.30027917845,1.31992010629
run-019,7.4,-0.963031192451,-1.27193106346,1.31992571208
run-019,7.425,-0.994467118199,-1.24230158515,1.31993186983
run-019,7.45,-1.02514627171,-1.21138909473,1.31993857911
run-019,7.475,-1.05503657294,-1.17919459231,1.31994583266
run-019,7.5,-1.08410600132,-1.14572194088,1.31995361596
run-019,7.525,-1.11232266998,-1.11097806863,1.31996190686
run-019,7.55,-1.13965490476,-1.07497315761,1.31997067539
run-019,7.575,-1.16607132786,-1.03772081619,1.31997988356
run-019,7.6,-1.19154094556,-0.999238233205,1.3199894854
run-019,7.625,-1.21603323952,-0.959546311561,1.31999942707
run-019,7.65,-1.23951826114,-0.918669779222,1.32000964714
run-019,7.675,-1.26196672848,-0.876637275583,1.32002007698
run-019,7.7,-1.28335012492,-0.833481411476,1.32003064141
run-019,7.725,-1.30364079906,-0.789238801198,1.32004125931
run-019,7.75,-1.32281206498,-0.743950065212,1.32005184461
run-019,7.775,-1.34083830232,-0.697659802443,1.3200623072
run-019,7.8,-1.3576950551,-0.650416531386,1.32007255412
run-019,7.825,-1.37335912888,-0.602272599557,1.32008249076
run-019,7.85,-1.38780868508,-0.553284061205,1.32009202222
run-019,7.875,-1.40102333195,-0.503510523506,1.32010105466
run-019,7.9,-1.41298421126,-0.453014961913,1.32010949676
run-019,7.925,-1.42367408004,-0.401863505645,1.32011726113
run-019,7.95,-1.43307738654,-0.350125194738,1.32012426571
run-019,7.975,-1.44118033978,-0.29787171042,1.32013043514
run-019,8,-1.44797097206,-0.245177080939,1.32013570204
run-019,8.025,-1.45343919382,-0.192117365326,1.32014000814
run-019,8.05,-1.45757684033,-0.138770317851,1.3201433053
run-019,8.075,-1.46037770972,-0.0852150362411,1.32014555637
run-019,8.1,-1.46183759214,-0.0315315969256,1.32014673585
run-019,8.125,-1.46195428956,0.0221993192031,1.32014683032
run-019,8.15,-1.46072762618,0.0758968069171,1.3201458387
run-019,8.175,-1.45815944922,0.129480118966,1.32014377227
run-019,8.2,-1.45425362023,0.182869046851,1.32014065447
run-019,8.225,-1.44901599688,0.23598429635,1.32013652048
run-019,8.25,-1.44245440541,0.288747854171,1.32013141657
run-019,8.275,-1.43457860417,0.341083342233,1.32012539931
run-019,8.3,-1.4254002383,0.392916356251,1.32011853461
run-019,8.325,-1.41493278635,0.444174785541,1.3201108965
run-019,8.35,-1.40319149902,0.494789111206,1.32010256599
run-019,8.375,-1.39019333079,0.544692680189,1.32009362963
run-019,8.4,-1.37595686501,0.593821952996,1.32008417817
run-019,8.425,-1.36050223314,0.642116723251,1.32007430511
run-019,8.45,-1.34385102885,0.689520307626,1.32006410528
run-019,8.475,-1.32602621776,0.735979705053,1.32005367342
run-019,8.5,-1.3070520436,0.781445724521,1.32004310287
run-019,8.525,-1.28695393154,0.825873081139,1.32003248433
run-019,8.55,-1.26575838954,0.869220460503,1.32002190464
run-019,8.575,-1.24349290851,0.911450551771,1.32001144584
run-019,8.6,-1.22018586195,0.952530050175,1.32000118422
run-019,8.625,-1.195866406,0.992429629993,1.31999118958
run-019,8.65,-1.17056438045,1.0311238893,1.31998152462
run-019,8.675,-1.14431021154,1.06859126806,1.31997224455
run-019,8.7,-1.11713481705,1.10481394124,1.3199633967
run-019,8.725,-1.08906951448,1.13977768904,1.31995502045
run-019,8.75,-1.0601459326,1.17347174615,1.31994714718
run-019,8.775,-1.03039592717,1.20588863224,1.31993980035
run-019,8.8,-0.999851500987,1.23702396606,1.31993299581
run-019,8.825,-0.968544728865,1.26687626525,1.31992674204
run-019,8.85,-0.936507687725,1.29544673427,1.31992104062
run-019,8.875,-0.903772392152,1.32273904265,1.31991588671
run-019,8.9,-0.870370735592,1.34875909584,1.31991126959
run-019,8.925,-0.83633443736,1.37351480077,1.31990717326
run-019,8.95,-0.801694995554,1.39701582824,1.31990357706
run-019,8.975,-0.766483645948,1.41927337401,1.31990045631
run-020,0,1.52586206897,0,1.46226996443
run-020,0.025,1.52514099609,-0.0576629728161,1.46226930549
run-020,0.05,1.52297892032,-0.11523463103,1.46226733658
run-020,0.075,1.51937926454,-0.172624117414,1.46226408138
run-020,0.1,1.51434771445,-0.22974148482,1.46225957881
run-020,0.125,1.5078921903,-0.286498139612,1.46225388236
run-020,0.15,1.50002280747,-0.342807271386,1.46224705906
run-020,0.175,1.49075182673,-0.39858426471,1.46223918827
run-020,0.2,1.48009359424,-0.453747088928,1.46223036021
run-020,0.225,1.46806447228,-0.508216662377,1.46222067437
run-020,0.25,1.45468276112,-0.561917187749,1.46221023777
run-020,0.275,1.43996861289,-0.614776455758,1.4621991631
run-020,0.3,1.42394393833,-0.666726114703,1.46218756688
run-020,0.325,1.40663230716,-0.717701904025,1.46217556755
run-020,0.35,1.38805884313,-0.767643850408,1.46216328364
run-020,0.375,1.36825011464,-0.816496425496,1.462150832
run-020,0.4,1.34723402186,-0.864208664769,1.46213832614
run-020,0.425,1.3250396814,-0.910734247602,1.46212587471
run-020,0.45,1.30169730948,-0.956031538989,1.46211358013
run-020,0.475,1.27723810445,-1.00006359382,1.46210153747
run-020,0.5,1.25169412978,-1.042798125,1.46208983338
run-020,0.525,1.2250981982,-1.08420743713,1.4620785454
run-020,0.55,1.19748375793,-1.12426832754,1.46206774133
run-020,0.575,1.16888478182,-1.16296195708,1.46205747888
run-020,0.6,1.13933566007,-1.20027369302,1.4620478055
run-020,0.625,1.10887109717,-1.2361929266,1.46203875838
run-020,0.65,1.07752601374,-1.27071286812,1.46203036462
run-020,0.675,1.04533545377,-1.30383032227,1.46202264155
run-020,0.7,1.01233449763,-1.33554544657,1.46201559721
run-020,0.725,0.978558181437,-1.36586149582,1.46200923093
run-020,0.75,0.944041422839,-1.39478455531,1.46200353394
run-020,0.775,0.908818953671,-1.42232326564,1.46199849017
run-020,0.8,0.872925259557,-1.44848854162,1.461994077
run-020,0.825,0.83639452659,-1.47329328803,1.4619902661
run-020,0.85,0.799260595156,-1.49675211437,1.46198702426
run-020,0.875,0.761556920872,-1.51888105112,1.46198431425
run-020,0.9,0.7233165426,-1.53969726929,1.46198209565
run-020,0.925,0.684572057407,-1.55921880543,1.46198032561
run-020,0.95,0.645355602328,-1.57746429371,1.46197895971
run-020,0.975,0.605698842721,-1.59445270663,1.46197795261
run-020,1,0.565632966997,-1.61020310578,1.4619772588
run-020,1.025,0.525188687433,-1.62473440396,1.46197683319
run-020,1.05,0.484396246799,-1.6380651396,1.46197663174
run-020,1.075,0.443285430453,-1.65021326449,1.46197661197
run-020,1.1,0.401885583574,-1.66119594566,1.46197673341
run-020,1.125,0.36022563317,-1.67102938198,1.46197695807
run-020,1.15,0.318334114475,-1.6797286362,1.46197725081
run-020,1.175,0.27623920136,-1.68730748266,1.46197757962
run-020,1.2,0.233968740342,-1.69377827134,1.46197791594
run-020,1.225,0.191550287793,-1.6991518083,1.4619782349
run-020,1.25,0.149011149926,-1.70343725292,1.46197851548
run-020,1.275,0.106378425147,-1.70664203201,1.46197874069
run-020,1.3,0.063679048326,-1.70877177103,1.46197889771
run-020,1.325,0.020939836595,-1.70983024245,1.46197897794
run-020,1.35,-0.0218124637963,-1.70981933132,1.46197897711
run-020,1.375,-0.0645511299707,-1.70873901817,1.46197889525
run-020,1.4,-0.107249414705,-1.7065873792,1.46197873674
run-020,1.425,-0.149880498931,-1.70336060372,1.46197851025
run-020,1.45,-0.192417444891,-1.69905302891,1.46197822871
run-020,1.475,-0.234833150376,-1.69365719185,1.46197790917
run-020,1.5,-0.277100304483,-1.68716389864,1.46197757274
run-020,1.525,-0.319191345308,-1.67956231061,1.46197724437
run-020,1.55,-0.361078420014,-1.67084004747,1.46197695269
run-020,1.575,-0.402733347681,-1.66098330713,1.46197672977
run-020,1.6,-0.44412758537,-1.64997700212,1.46197661083
run-020,1.625,-0.485232197788,-1.63780491205,1.4619766339
run-020,1.65,-0.526017830973,-1.62444985199,1.46197683949
run-020,1.675,-0.566454690387,-1.60989385614,1.46197727013
run-020,1.7,-0.60651252378,-1.59411837627,1.46197796988
run-020,1.725,-0.646160609201,-1.57710449424,1.46197898385
run-020,1.75,-0.685367748492,-1.55883314785,1.46198035755
run-020,1.775,-0.724102266594,-1.53928536899,1.4619821363
run-020,1.8,-0.762332016942,-1.51844253306,1.46198436452
run-020,1.825,-0.800024393246,-1.49628661847,1.46198708498
run-020,1.85,-0.837146347865,-1.47280047472,1.46199033807
run-020,1.875,-0.873664416982,-1.44796809752,1.46199416095
run-020,1.9,-0.909544752742,-1.42177490933,1.46199858673
run-020,1.925,-0.944753162449,-1.39420804312,1.46200364363
run-020,1.95,-0.979255154898,-1.36525662767,1.46200935415
run-020,1.975,-1.01301599383,-1.33491207176,1.46201573421
run-020,2,-1.04600075849,-1.30316834514,1.46202279242
run-020,2.025,-1.07817441109,-1.2700222536,1.46203052929
run-020,2.05,-1.10950187117,-1.23547370554,1.4620389366
run-020,2.075,-1.13994809637,-1.19952596729,1.46204799681
run-020,2.1,-1.16947816953,-1.16218590431,1.46205768262
run-020,2.125,-1.19805739158,-1.12346420552,1.46206795663
run-020,2.15,-1.22565137981,-1.08337558778,1.46207877119
run-020,2.175,-1.25222617097,-1.04193897784,1.46209006838
run-020,2.2,-1.2777483287,-0.99917766885,1.46210178018
run-020,2.225,-1.30218505441,-0.955119449088,1.46211382889
run-020,2.25,-1.32550430115,-0.909796700163,1.46212612764
run-020,2.275,-1.34767488942,-0.86324646272,1.46213858123
run-020,2.3,-1.36866662429,-0.815510467581,1.46215108709
run-020,2.325,-1.3884504128,-0.766635130709,1.46216353645
run-020,2.35,-1.40699838082,-0.716671510713,1.46217581573
run-020,2.375,-1.42428398834,-0.665675228002,1.46218780802
run-020,2.4,-1.44028214222,-0.613706345113,1.46219939478
run-020,2.425,-1.45496930559,-0.560829208206,1.46221045758
run-020,2.45,-1.46832360263,-0.507112250181,1.46222087996
run-020,2.475,-1.4803249181,-0.452627756382,1.46223054934
run-020,2.5,-1.49095499045,-0.397451594305,1.46223935883
run-020,2.525,-1.50019749782,-0.341662909264,1.4622472091
run-020,2.55,-1.50803813592,-0.285343788412,1.46225401015
run-020,2.575,-1.51446468724,-0.228578895961,1.46225968286
run-020,2.6,-1.51946708071,-0.171455082903,1.46226416045
run-020,2.625,-1.52303744138,-0.114060974849,1.46226738974
run-020,2.65,-1.52517012946,-0.0564865419985,1.46226933209
run-020,2.675,-1.52586176848,0.00117734453562,1.46226996416
run-020,2.7,-1.52511126223,0.0588393655705,1.46226927834
run-020,2.725,-1.5229198002,0.116408211275,1.46226728289
run-020,2.75,-1.51929085167,0.173793038497,1.46226400178
run-020,2.775,-1.51423014828,0.230903923321,1.46225947426
run-020,2.8,-1.5077456555,0.28765230427,1.4622537541
run-020,2.825,-1.49984753307,0.343951411696,1.46224690859
run-020,2.85,-1.49054808492,0.399716679111,1.46223901732
run-020,2.875,-1.47986169911,0.454866132508,1.46223017072
run-020,2.9,-1.46780477829,0.509320754014,1.46222046847
run-020,2.925,-1.45439566141,0.563004816639,1.4622100177
run-020,2.95,-1.43965453746,0.615846187261,1.46219893121
run-020,2.975,-1.42360335205,0.667776595481,1.46218732557
run-020,3,-1.40626570768,0.71873186642,1.46217531925
run-020,3.025,-1.38766675873,0.768652116049,1.46216303076
run-020,3.05,-1.36783310188,0.817481908114,1.46215057689
run-020,3.075,-1.34679266332,0.86517037222,1.46213807107
run-020,3.1,-1.32457458327,0.911671283097,1.46212562184
run-020,3.125,-1.30120909916,0.956943101552,1.46211333149
run-020,3.15,-1.27672742819,1.00094897799,1.4621012949
run-020,3.175,-1.25116165026,1.04365671984,1.46208959856
run-020,3.2,-1.2245445922,1.08503872449,1.46207831981
run-020,3.225,-1.19690971404,1.12507187972,1.46206752626
run-020,3.25,-1.16829099822,1.16373743394,1.46205727539
run-020,3.275,-1.13872284234,1.20102083842,1.46204761446
run-020,3.3,-1.10823995629,1.23691156451,1.46203858044
run-020,3.325,-1.07687726412,1.27140289817,1.46203020022
run-020,3.35,-1.04466981139,1.304491715,1.46202249096
run-020,3.375,-1.01165267837,1.33617823834,1.4620154605
run-020,3.4,-0.977860899469,1.36646578347,1.46200910799
run-020,3.425,-0.943329389195,1.39536049062,1.46200342452
run-020,3.45,-0.908092874938,1.42287104963,1.46199839387
run-020,3.475,-0.872185836714,1.44900841878,1.46199399329
run-020,3.5,-0.835642453999,1.47378554049,1.46199019435
run-020,3.525,-0.798496559689,1.49721705612,1.46198696376
run-020,3.55,-0.760781601193,1.51931902219,1.4619842642
run-020,3.575,-0.72253060858,1.54010863013,1.46198205518
run-020,3.6,-0.683776169687,1.55960393132,1.46198029385
run-020,3.625,-0.644550412014,1.57782356941,1.46197893572
run-020,3.65,-0.604884991216,1.59478652116,1.46197793547
run-020,3.675,-0.564811085956,1.61051184747,1.46197724758
run-020,3.7,-0.524359398843,1.62501845572,1.46197682699
run-020,3.725,-0.48356016317,1.63832487442,1.46197662967
run-020,3.75,-0.442443155121,1.65044904129,1.46197661317
run-020,3.775,-0.401037711105,1.66140810537,1.46197673709
run-020,3.8,-0.359372749853,1.67121824398,1.46197696348
run-020,3.825,-0.317476798906,1.67989449501,1.46197725726
run-020,3.85,-0.275378025102,1.68745060506,1.4619775865
run-020,3.875,-0.233104268653,1.69389889371,1.4619779227
run-020,3.9,-0.190683080417,1.69925013439,1.46197824107
run-020,3.925,-0.148141761934,1.70351345191,1.46197852068
run-020,3.95,-0.105507407821,1.70669623695,1.46197874461
run-020,3.975,-0.0628069500861,1.7088040776,1.46197890014
run-020,4,-0.0200672039411,1.70984070807,1.46197897874
run-020,4.025,0.0226850853175,1.70980797467,1.46197897624
run-020,4.05,0.0654231947925,1.708705819,1.46197889276
run-020,4.075,0.108120376268,1.70653227849,1.46197873276
run-020,4.1,0.150749808717,1.70328350425,1.461978505
run-020,4.125,0.19328455148,1.69895379613,1.4619782225
run-020,4.15,0.235697498524,1.69353565514,1.4619779024
run-020,4.175,0.277961334237,1.68701985288,1.46197756587
run-020,4.2,0.320048491168,1.67939551812,1.46197723795
run-020,4.225,0.361931110143,1.6706502403,1.46197694734
run-020,4.25,0.403581003183,1.66077018967,1.46197672618
run-020,4.275,0.444969619627,1.64974025406,1.46197660974
run-020,4.3,0.486068015886,1.63754419164,1.46197663613
run-020,4.325,0.526846829209,1.62416479966,1.46197684588
run-020,4.35,0.567276255869,1.60958409841,1.46197728157
run-020,4.375,0.607326034129,1.59378352992,1.46197798728
run-020,4.4,0.646965432365,1.57674417083,1.46197900814
run-020,4.425,0.686163242671,1.55844695842,1.46198038966
run-020,4.45,0.724887780286,1.53887292906,1.46198217714
run-020,4.475,0.763106889124,1.51800346786,1.46198441498
run-020,4.5,0.800787953679,1.49582056827,1.46198714593
run-020,4.525,0.837897917538,1.47230710043,1.46199041029
run-020,4.55,0.8744033087,1.44744708637,1.46199424516
run-020,4.575,0.910270271856,1.42122598058,1.46199868356
run-020,4.6,0.94546460773,1.39363095396,1.4620037536
run-020,4.625,0.979951819554,1.36465117897,1.46200947764
run-020,4.65,1.01369716668,1.33427811388,1.46201587149
run-020,4.675,1.04666572525,1.3025057836,1.46202294357
run-020,4.7,1.07882245586,1.26933105461,1.46203069424
run-020,4.725,1.11013227798,1.23475390137,1.46203911509
run-020,4.75,1.14056015093,1.19877766129,1.46204818837
run-020,4.775,1.17007116104,1.16140927572,1.4620578866
run-020,4.8,1.19863061471,1.12265951381,1.46206817215
run-020,4.825,1.22620413673,1.08254317663,1.46207899718
run-020,4.85,1.25275777354,1.04107927856,1.46209030355
run-020,4.875,1.27825810066,0.998291203352,1.46210202304
run-020,4.9,1.30267233371,0.954206832144,1.46211407774
run-020,4.925,1.32596844227,0.908858641112,1.46212638063
run-020,4.95,1.34811526577,0.862283766449,1.46213883634
run-020,4.975,1.36908263059,0.814524034785,1.46215134215
run-020,5,1.38884146751,0.765625957405,1.4621637892
run-020,5.025,1.40736392846,0.715640686975,1.46217606379
run-020,5.05,1.42462350186,0.664623935907,1.46218804899
run-020,5.075,1.44059512526,0.612635855892,1.46219962623
run-020,5.1,1.45525529465,0.559740878607,1.46221067711
run-020,5.125,1.46858216919,0.506007518059,1.46222108524
run-020,5.15,1.48055567055,0.451508135531,1.46223073811
run-020,5.175,1.49115757596,0.396318668583,1.46223952898
run-020,5.2,1.50037160398,0.340518326041,1.46224735871
run-020,5.225,1.50818349227,0.284189251399,1.46225413747
run-020,5.25,1.51458106655,0.227416157493,1.46225978641
run-020,5.275,1.51955430014,0.170285935723,1.462264239
run-020,5.3,1.52309536334,0.112887243503,1.46226744236
run-020,5.325,1.52519866232,0.0553100738934,1.46226935814
run-020,5.35,1.52586086703,-0.00235468829363,1.46226996333
run-020,5.375,1.5250809279,-0.060015719486,1.46226925065
run-020,5.4,1.52286008106,-0.117581714815,1.46226722866
run-020,5.425,1.51920184216,-0.174961845391,1.46226392167
run-020,5.45,1.51411198879,-0.232066210718,1.46225936922
run-020,5.475,1.50759853162,-0.288806281657,1.46225362536
run-020,5.5,1.49967167471,-0.345095329485,1.46224675767
run-020,5.525,1.49034376515,-0.400848836824,1.46223884596
run-020,5.55,1.47962923286,-0.455984886464,1.46222998088
run-020,5.575,1.46754452083,-0.510424524464,1.46222026225
run-020,5.6,1.45410800664,-0.564092094277,1.46220979736
run-020,5.625,1.43933991611,-0.616915539059,1.4621986991
run-020,5.65,1.42326222969,-0.668826669807,1.4621870841
run-020,5.675,1.40589858262,-0.719761397407,1.46217507084
run-020,5.7,1.38727415982,-0.76965992718,1.46216277781
run-020,5.725,1.36741558626,-0.818466915024,1.46215032176
run-020,5.75,1.34635081407,-0.8661315847,1.46213781603
run-020,5.775,1.32410900703,-0.912607806313,1.46212536904
run-020,5.8,1.30072042375,-0.957854136484,1.46211308295
run-020,5.825,1.27621630021,-1.00183382113,1.46210105247
run-020,5.85,1.2506287327,-1.04451476214,1.46208936392
run-020,5.875,1.2239905621,-1.08586944968,1.46207809443
run-020,5.9,1.19633526021,-1.12587486194,1.46206731141
run-020,5.925,1.167696819,-1.16451233476,1.46205707215
run-020,5.95,1.13810964347,-1.20176740341,1.46204742368
run-020,5.975,1.10760844883,-1.23762961921,1.46203840277
run-020,6,1.07622816251,-1.27209234372,1.46203003611
run-020,6.025,1.04400383164,-1.30515252333,1.46202234065
run-020,6.05,1.01097053635,-1.33681044711,1.46201532407
run-020,6.075,0.977163309289,-1.36706949069,1.46200898533
run-020,6.1,0.942617061812,-1.39593584913,1.46200331537
run-020,6.125,0.907366516833,-1.42341826139,1.46199829783
run-020,6.15,0.871446148743,-1.44952772911,1.46199390984
run-020,6.175,0.834890130377,-1.47427723225,1.46199012285
run-020,6.2,0.79773228713,-1.49768144386,1.46198690348
run-020,6.225,0.760006058184,-1.51975644643,1.46198421434
run-020,6.25,0.721744464809,-1.54051945165,1.4619820149
run-020,6.275,0.682980085602,-1.55998852568,1.46198026224
run-020,6.3,0.643745038525,-1.57818232149,1.46197891188
run-020,6.325,0.604070969527,-1.59511982002,1.46197791846
run-020,6.35,0.563989047524,-1.61082008139,1.46197723647
run-020,6.375,0.523529965458,-1.62530200743,1.46197682087
run-020,6.4,0.482723947153,-1.63858411668,1.46197662766
run-020,6.425,0.441600759624,-1.65068433267,1.46197661443
run-020,6.45,0.400189730519,-1.66161978641,1.46197674081
run-020,6.475,0.358519770304,-1.67140663357,1.46197696892
run-020,6.5,0.316619398841,-1.68005988715,1.46197726373
run-020,6.525,0.274516775946,-1.68759326592,1.46197759338
run-020,6.55,0.232239735544,-1.69401905904,1.46197792946
run-020,6.575,0.189815822994,-1.69934800725,1.46197824723
run-020,6.6,0.147272335182,-1.70358920076,1.46197852586
run-020,6.625,0.104636362956,-1.70674999407,1.46197874851
run-020,6.65,0.0619348354786,-1.70883593789,1.46197890253
run-020,6.675,0.0191945660617,-1.7098507282,1.46197897951
run-020,6.7,-0.0235577009314,-1.70979617251,1.46197897534
run-020,6.725,-0.0662952425637,-1.70867217349,1.46197889023
run-020,6.75,-0.108991309606,-1.70647672984,1.46197872875
run-020,6.775,-0.151619079056,-1.70320595445,1.46197849973
run-020,6.8,-0.194151607329,-1.69885410991,1.46197821628
run-020,6.825,-0.236561784551,-1.69341366114,1.46197789561
run-020,6.85,-0.278822290386,-1.68687534529,1.46197755899
run-020,6.875,-0.320905551816,-1.67922825863,1.46197723154
run-020,6.9,-0.362783703317,-1.67045996036,1.46197694202
run-020,6.925,-0.404428549834,-1.66055659314,1.46197672263
run-020,6.95,-0.445811532974,-1.64950302014,1.46197660872
run-020,6.975,-0.486903700841,-1.6372829782,1.46197663844
run-020,7,-0.527675681884,-1.62387924681,1.46197685237
run-020,7.025,-0.568097663181,-1.60927383242,1.46197729312
run-020,7.05,-0.608139373505,-1.59344816743,1.46197800482
run-020,7.075,-0.647770071553,-1.57638332331,1.46197903258
run-020,7.1,-0.686958539671,-1.55806023698,1.46198042193
run-020,7.125,-0.725673083402,-1.53845994936,1.46198221817
run-020,7.15,-0.763881537139,-1.51756385536,1.46198446566
run-020,7.175,-0.80155127617,-1.49535396364,1.4619872071
run-020,7.2,-0.838649235321,-1.47181316505,1.46199048275
run-020,7.225,-0.875141934422,-1.44692550804,1.46199432962
run-020,7.25,-0.910995510723,-1.42067647931,1.46199878065
run-020,7.275,-0.946175758388,-1.39305328775,1.46200386383
run-020,7.3,-0.980648175111,-1.36404514965,1.46200960142
run-020,7.325,-1.01437801587,-1.33364357287,1.46201600905
run-020,7.35,-1.04733035375,-1.30184263761,1.46202309501
run-020,7.375,-1.07947014775,-1.26863927117,1.46203085948
run-020,7.4,-1.11076231731,-1.23403351412,1.46203929385
run-020,7.425,-1.14117182346,-1.19802877511,1.4620483802
run-020,7.45,-1.17066375607,-1.16063207143,1.46205809082
run-020,7.475,-1.19920342703,-1.12185425256,1.46206838791
run-020,7.5,-1.2267564687,-1.08171020385,1.46207922337
run-020,7.525,-1.25328893722,-1.0402190274,1.46209053889
run-020,7.55,-1.27876742007,-0.997404197577,1.46210226603
run-020,7.575,-1.3031591471,-0.953293688453,1.4621143267
run-020,7.6,-1.32643210449,-0.907920070787,1.46212663369
run-020,7.625,-1.34855515064,-0.861320576331,1.46213909147
run-020,7.65,-1.36949813331,-0.813537127523,1.46215159719
run-020,7.675,-1.38923200701,-0.764616330951,1.46216404187
run-020,7.7,-1.40772894985,-0.714609433304,1.46217631173
run-020,7.725,-1.42496247868,-0.663572238947,1.46218828979
run-020,7.75,-1.4409075618,-0.611564988659,1.46219985747
run-020,7.775,-1.45554072811,-0.558652199552,1.46221089638
run-020,7.8,-1.46884017178,-0.50490246664,1.4622212902
run-020,7.825,-1.48078585145,-0.450388227034,1.46223092652
run-020,7.85,-1.49135958313,-0.39518548823,1.46223969874
run-020,7.875,-1.50054512586,-0.339373522425,1.46224750787
run-020,7.9,-1.50832825925,-0.283034529305,1.46225426433
run-020,7.925,-1.51469685232,-0.226253270161,1.46225988946
run-020,7.95,-1.51964092276,-0.169116676636,1.46226431704
run-020,7.975,-1.52315268615,-0.11171343776,1.46226749444
run-020,8,-1.52522659465,-0.0541335692766,1.46226938365
run-020,8.025,-1.52585936462,0.00353203049643,1.46226996196
run-020,8.05,-1.52504999312,0.0611920337872,1.46226922241
run-020,8.075,-1.52279976293,0.11875514088,1.46226717389
run-020,8.1,-1.51911223608,0.176130537337,1.46226384103
run-020,8.125,-1.51399323606,0.233228346265,1.46225926367
run-020,8.15,-1.50745081876,0.289960071042,1.46225349616
run-020,8.175,-1.49949523251,0.346239024044,1.46224660632
run-020,8.2,-1.49013886756,0.401980737163,1.46223867421
run-020,8.225,-1.47939619565,0.457103350137,1.46222979068
run-020,8.25,-1.46728370006,0.511527973098,1.46222005573
run-020,8.275,-1.453819797,0.565179020065,1.46220957676
run-020,8.3,-1.43902474905,0.617984510587,1.46219846678
run-020,8.325,-1.42292057147,0.669876337154,1.46218684246
run-020,8.35,-1.40553093219,0.720790496494,1.4621748223
run-020,8.375,-1.38688104664,0.770667283347,1.46216252479
run-020,8.4,-1.36699756803,0.819451445811,1.46215006661
run-020,8.425,-1.34590847435,0.867092301836,1.46213756101
run-020,8.45,-1.32364295294,0.913543816917,1.46212511631
run-020,8.475,-1.30023128351,0.958764643491,1.46211283451
run-020,8.5,-1.27570472076,1.00271812297,1.46210081018
run-020,8.525,-1.25009537736,1.04537225169,1.46208912944
run-020,8.55,-1.22343610818,1.08669961253,1.46207786925
run-020,8.575,-1.19576039673,1.12667727404,1.46206709679
run-020,8.6,-1.16710224447,1.16528665945,1.46205686915
run-020,8.625,-1.13749606376,1.20251338792,1.46204723316
run-020,8.65,-1.10697657508,1.23834709068,1.46203822537
run-020,8.675,-1.07557870922,1.27278120477,1.46202987227
run-020,8.7,-1.04333751484,1.30581274729,1.46202219063
run-020,8.725,-1.01028807186,1.33744207292,1.46201518792
run-020,8.75,-0.976465411195,1.36767261754,1.46200886295
run-020,8.775,-0.941904440983,1.39651063092,1.4620032065
run-020,8.8,-0.906639879649,1.42396490103,1.46199820206
run-020,8.825,-0.870706195932,1.45004647275,1.46199382663
run-020,8.85,-0.834137556012,1.47476836342,1.46199005158
run-020,8.875,-0.796967777761,1.49814527773,1.46198684342
run-020,8.9,-0.759230292125,1.52019332397,1.46198416469
run-020,8.925,-0.720958111562,1.54092973403,1.46198197481
run-020,8.95,-0.682183805424,1.56037258866,1.46198023081
run-020,8.975,-0.642939482129,1.57854055011,1.46197888819
run-021,0,1.58965517241,0,1.61471787016
run-021,0.025,1.588882232,-0.0618094648999,1.61471707389
run-021,0.05,1.58656469917,-0.123515994557,1.6147146952
run-021,0.075,1.58270643227,-0.185017199491,1.61471076429
run-021,0.1,1.57731383919,-0.246211775915,1.61470533082
run-021,0.125,1.57039584348,-0.307000034086,1.61469846292
run-021,0.15,1.56196383749,-0.367284409537,1.61469024589
run-021,0.175,1.552031623,-0.426969951898,1.61468078052
run-021,0.2,1.5406153399,-0.485964786393,1.61467018121
run-021,0.225,1.52773338368,-0.544180543514,1.61465857376
run-021,0.25,1.51340631272,-0.601532752883,1.61464609314
run-021,0.275,1.49765674604,-0.657941197834,1.61463288102
run-021,0.3,1.48050925283,-0.713330227855,1.61461908332
run-021,0.325,1.46199023465,-0.767629026623,1.61460484779
run-021,0.35,1.4421278015,-0.820771834016,1.61459032154
run-021,0.375,1.42095164294,-0.872698121089,1.61457564887
run-021,0.4,1.39849289544,-0.92335271764,1.61456096907
run-021,0.425,1.37478400706,-0.972685892593,1.61454641455
run-021,0.45,1.34985860081,-1.02065338797,1.61453210914
run-021,0.475,1.32375133766,-1.06721640777,1.61451816667
run-021,0.5,1.29649778042,-1.1123415636,1.61450468978
run-021,0.525,1.26813425948,-1.1560007792,1.61449176906
run-021,0.55,1.23869774146,-1.19817115651,1.61447948238
run-021,0.575,1.20822570166,-1.23883480621,1.6144678946
run-021,0.6,1.17675600115,-1.27797864578,1.61445705742
run-021,0.625,1.14432676937,-1.31559416859,1.61444700953
run-021,0.65,1.11097629272,-1.35167718731,1.61443777697
run-021,0.675,1.07674291,-1.38622755527,1.61442937363
run-021,0.7,1.04166491496,-1.41924886935,1.61442180199
run-021,0.725,1.00578046654,-1.45074815783,1.6144150539
run-021,0.75,0.969127507069,-1.48073555672,1.61440911156
run-021,0.775,0.931743688701,-1.5092239779,1.61440394849
run-021,0.8,0.893666308174,-1.53622877218,1.61439953062
run-021,0.825,0.854932250092,-1.56176739039,1.61439581735
run-021,0.85,0.815577938655,-1.58585904526,1.61439276268
run-021,0.875,0.775639297828,-1.60852437673,1.61439031627
run-021,0.9,0.735151719818,-1.62978512303,1.61438842448
run-021,0.925,0.694150041677,-1.64966379979,1.61438703143
run-021,0.95,0.652668529828,-1.66818338904,1.61438607988
run-021,0.975,0.610740872225,-1.68536703991,1.61438551218
run-021,1,0.568400177833,-1.70123778247,1.6143852711
run-021,1.025,0.525678983101,-1.71581825609,1.61438530052
run-021,1.05,0.482609265028,-1.72913045343,1.6143855462
run-021,1.075,0.43922246043,-1.741195481,1.61438595632
run-021,1.1,0.395549490978,-1.75203333715,1.61438648206
run-021,1.125,0.351620793572,-1.76166270802,1.61438707806
run-021,1.15,0.307466355577,-1.77010078213,1.61438770282
run-021,1.175,0.263115754466,-1.77736308396,1.61438831908
run-021,1.2,0.218598201379,-1.78346332679,1.61438889408
run-021,1.225,0.173942588126,-1.78841328521,1.61438939982
run-021,1.25,0.129177537119,-1.79222268731,1.61438981327
run-021,1.275,0.084331453761,-1.7948991268,1.61439011651
run-021,1.3,0.039432580779,-1.79644799516,1.61439029684
run-021,1.325,-0.0054909459968,-1.79687243375,1.61439034688
run-021,1.35,-0.0504110409086,-1.79617330616,1.6143902646
run-021,1.375,-0.0952996113049,-1.79434919055,1.61439005334
run-021,1.4,-0.140128500436,-1.7913963922,1.61438972179
run-021,1.425,-0.184869430915,-1.78730897613,1.61438928392
run-021,1.45,-0.229493949243,-1.78207881987,1.61438875893
run-021,1.475,-0.273973371908,-1.7756956862,1.61438817107
run-021,1.5,-0.318278733552,-1.76814731592,1.61438754953
run-021,1.525,-0.362380737704,-1.75941954049,1.61438692819
run-021,1.55,-0.406249710577,-1.74949641435,1.61438634538
run-021,1.575,-0.449855558422,-1.73836036679,1.61438584358
run-021,1.6,-0.493167728916,-1.72599237306,1.61438546902
run-021,1.625,-0.536155177075,-1.7123721444,1.61438527132
run-021,1.65,-0.578786336136,-1.69747833651,1.61438530292
run-021,1.675,-0.6210290939,-1.68128877589,1.61438561861
run-021,1.7,-0.662850774931,-1.6637807034,1.61438627482
run-021,1.725,-0.70421812907,-1.64493103421,1.61438732897
run-021,1.75,-0.745097326642,-1.62471663309,1.61438883869
run-021,1.775,-0.785453960725,-1.60311460389,1.61439086095
run-021,1.8,-0.825253056836,-1.58010259189,1.6143934512
run-021,1.825,-0.864459090319,-1.55565909734,1.61439666236
run-021,1.85,-0.903036011703,-1.52976379855,1.6144005438
run-021,1.875,-0.940947280247,-1.50239788239,1.61440514032
run-021,1.9,-0.978155905823,-1.47354438005,1.614410491
run-021,1.925,-1.01462449925,-1.44318850562,1.61441662816
run-021,1.95,-1.0503153311,-1.4113179948,1.61442357627
run-021,1.975,-1.08519039899,-1.37792344084,1.61443135085
run-021,2,-1.11921150315,-1.34299862472,1.61443995754
run-021,2.025,-1.15234033023,-1.30654083634,1.61444939114
run-021,2.05,-1.18453854496,-1.26855118327,1.61445963484
run-021,2.075,-1.21576788939,-1.22903488373,1.61447065957
run-021,2.1,-1.24599028915,-1.18800154009,1.61448242347
run-021,2.125,-1.27516796639,-1.14546538958,1.61449487162
run-021,2.15,-1.30326355863,-1.10144552841,1.61450793598
run-021,2.175,-1.33024024281,-1.05596610605,1.61452153552
run-021,2.2,-1.35606186393,-1.00905648633,1.61453557663
run-021,2.225,-1.38069306713,-0.960751372202,1.61454995385
run-021,2.25,-1.40409943254,-0.911090891386,1.61456455078
run-021,2.275,-1.4262476117,-0.860120640384,1.61457924136
run-021,2.3,-1.44710546456,-0.807891684715,1.61459389133
run-021,2.325,-1.46664219594,-0.754460513695,1.61460835998
run-021,2.35,-1.48482849024,-0.699888948577,1.61462250214
run-021,2.375,-1.50163664336,-0.644244003396,1.61463617031
run-021,2.4,-1.51704069041,-0.587597698432,1.61464921698
run-021,2.425,-1.53101652829,-0.530026826836,1.61466149702
run-021,2.45,-1.54354203176,-0.471612675563,1.6146728702
run-021,2.475,-1.55459716206,-0.412440702398,1.61468320355
run-021,2.5,-1.56416406688,-0.352600171483,1.61469237385
run-021,2.525,-1.57222717064,-0.292183750364,1.61470026984
run-021,2.55,-1.57877325439,-0.231287072143,1.61470679435
run-021,2.575,-1.58379152425,-0.170008266877,1.61471186614
run-021,2.6,-1.58727366774,-0.108447466801,1.61471542148
run-021,2.625,-1.58921389759,-0.0467062904198,1.61471741539
run-021,2.65,-1.58960898226,0.0151126891993,1.61471782254
run-021,2.675,-1.58845826313,0.0769064863168,1.61471663775
run-021,2.7,-1.58576365794,0.138572248824,1.61471387609
run-021,2.725,-1.58152965068,0.200007803117,1.61470957258
run-021,2.75,-1.57576326779,0.261112191719,1.6147037815
run-021,2.775,-1.5684740411,0.321786197955,1.61469657531
run-021,2.8,-1.55967395789,0.381932852175,1.61468804328
run-021,2.825,-1.54937739849,0.441457914341,1.61467828969
run-021,2.85,-1.53760106217,0.500270328134,1.61466743194
run-021,2.875,-1.52436388208,0.558282642235,1.61465559829
run-021,2.9,-1.50968693006,0.615411394871,1.61464292557
run-021,2.925,-1.49359331234,0.671577458345,1.61462955673
run-021,2.95,-1.47610805714,0.726706340805,1.61461563835
run-021,2.975,-1.4572579953,0.780728443158,1.61460131824
run-021,3,-1.43707163499,0.833579269649,1.61458674304
run-021,3.025,-1.41557903182,0.885199591263,1.61457205599
run-021,3.05,-1.39281165542,0.935535561715,1.61455739489
run-021,3.075,-1.36880225373,0.984538786389,1.61454289019
run-021,3.1,-1.3435847161,1.03216634515,1.6145286634
run-021,3.125,-1.31719393647,1.07838077049,1.6145148257
run-021,3.15,-1.28966567758,1.12314998284,1.61450147688
run-021,3.175,-1.26103643733,1.16644718547,1.61448870444
run-021,3.2,-1.23134331831,1.20825072163,1.61447658312
run-021,3.225,-1.20062390125,1.24854389677,1.61446517454
run-021,3.25,-1.16891612347,1.28731476929,1.61445452721
run-021,3.275,-1.13625816279,1.32455591295,1.6144446767
run-021,3.3,-1.10268832782,1.36026415464,1.61443564599
run-021,3.325,-1.06824495505,1.39444029083,1.61442744615
run-021,3.35,-1.03296631328,1.42708878649,1.61442007695
run-021,3.375,-0.996890515729,1.45821745982,1.61441352782
run-021,3.4,-0.960055440287,1.48783715626,1.61440777872
run-021,3.425,-0.922498657916,1.51596141509,1.61440280122
run-021,3.45,-0.884257369532,1.54260613177,1.61439855956
run-021,3.475,-0.845368351328,1.56778921896,1.61439501171
run-021,3.5,-0.805867908584,1.59153026896,1.61439211052
run-021,3.525,-0.76579183788,1.61385022029,1.61438980473
run-021,3.55,-0.72517539757,1.63477103049,1.61438804009
run-021,3.575,-0.684053286355,1.65431535748,1.61438676027
run-021,3.6,-0.642459629696,1.67250625133,1.61438590787
run-021,3.625,-0.600427973789,1.68936685792,1.61438542526
run-021,3.65,-0.557991286799,1.70492013635,1.61438525542
run-021,3.675,-0.515181966972,1.7191885909,1.61438534263
run-021,3.7,-0.472031857254,1.73219401911,1.61438563319
run-021,3.725,-0.428572266016,1.74395727641,1.61438607595
run-021,3.75,-0.384833993434,1.75449805853,1.61438662292
run-021,3.775,-0.34084736309,1.76383470193,1.61438722962
run-021,3.8,-0.296642258337,1.77198400302,1.61438785558
run-021,3.825,-0.252248162939,1.77896105638,1.6143884646
run-021,3.85,-0.207694205518,1.78477911242,1.61438902506
run-021,3.875,-0.163009207318,1.78944945468,1.61438951018
run-021,3.9,-0.118221732784,1.79298129686,1.61438989815
run-021,3.925,-0.0733601424746,1.79538169987,1.61439017231
run-021,3.95,-0.0284526477907,1.7966555088,1.61439032127
run-021,3.975,0.0164726329652,1.79680531003,1.61439033895
run-021,4,0.0613876177109,1.79583140843,1.61439022463
run-021,4.025,0.106264203387,1.79373182465,1.61438998296
run-021,4.05,0.151074208943,1.79050231257,1.61438962392
run-021,4.075,0.195789319015,1.78613639687,1.61438916279
run-021,4.1,0.240381028787,1.78062543064,1.61438862
run-021,4.125,0.284820590547,1.7739586731,1.61438802103
run-021,4.15,0.329078962442,1.76612338717,1.61438739624
run-021,4.175,0.373126759906,1.75710495695,1.61438678061
run-021,4.2,0.416934210289,1.74688702486,1.61438621353
run-021,4.225,0.460471111149,1.73545164823,1.61438573842
run-021,4.25,0.503706792701,1.72277947509,1.6143854024
run-021,4.275,0.546610084903,1.70884993872,1.6143852558
run-021,4.3,0.589149289637,1.69364147053,1.61438535172
run-021,4.325,0.63129215843,1.67713173074,1.61438574538
run-021,4.35,0.673005876173,1.65929785599,1.61438649354
run-021,4.375,0.714257051229,1.64011672315,1.61438765374
run-021,4.4,0.755011712331,1.61956522817,1.61438928352
run-021,4.425,0.795235312638,1.59762057888,1.61439143959
run-021,4.45,0.834892741275,1.5742606002,1.61439417685
run-021,4.475,0.873948342648,1.54946405019,1.61439754744
run-021,4.5,0.912365943784,1.52321094514,1.61440159974
run-021,4.525,0.950108889905,1.4954828916,1.61440637723
run-021,4.55,0.987140088364,1.46626342303,1.61441191746
run-021,4.575,1.02342206106,1.43553833869,1.61441825092
run-021,4.6,1.0589170053,1.40329604191,1.61442539998
run-021,4.625,1.09358686315,1.36952787496,1.61443337785
run-021,4.65,1.12739339905,1.33422844731,1.61444218758
run-021,4.675,1.16029828552,1.29739595407,1.61445182121
run-021,4.7,1.19226319675,1.25903248127,1.614462259
run-021,4.725,1.22324990958,1.21914429432,1.61447346877
run-021,4.75,1.25322041147,1.17774210639,1.6144854055
run-021,4.775,1.2821370149,1.13484132279,1.61449801107
run-021,4.8,1.30996247761,1.09046225825,1.61451121422
run-021,4.825,1.33666012781,1.0446303233,1.61452493081
run-021,4.85,1.36219399377,0.997376176807,1.61453906425
run-021,4.875,1.38652893665,0.948735841393,1.61455350632
run-021,4.9,1.40963078584,0.898750779156,1.61456813813
run-021,4.925,1.43146647561,0.847467925141,1.61458283145
run-021,4.95,1.4520041821,0.79493967661,1.6145974503
run-021,4.975,1.47121345944,0.741223836508,1.61461185268
run-021,5,1.48906537392,0.686383510083,1.61462589263
run-021,5.025,1.50553263494,0.630486954133,1.61463942245
run-021,5.05,1.52058972163,0.573607378947,1.61465229498
run-021,5.075,1.53421300389,0.515822703631,1.61466436607
run-021,5.1,1.54638085681,0.45721526612,1.61467549701
run-021,5.125,1.5570737672,0.397871489814,1.61468555702
run-021,5.15,1.5662744313,0.337881509395,1.6146944256
run-021,5.175,1.57396784267,0.277338758996,1.61470199474
run-021,5.2,1.58014136925,0.216339526435,1.614708171
run-021,5.225,1.58478481899,0.154982477766,1.61471287729
run-021,5.25,1.58789049314,0.0933681568685,1.61471605437
run-021,5.275,1.58945322683,0.031598465168,1.61471766198
run-021,5.3,1.5894704164,-0.0302238730873,1.61471767969
run-021,5.325,1.58794203318,-0.0919958543308,1.61471610729
run-021,5.35,1.58487062368,-0.153614742172,1.61471296475
run-021,5.375,1.58026129607,-0.214978611033,1.61470829189
run-021,5.4,1.57412169313,-0.275986881124,1.61470214754
run-021,5.425,1.56646195201,-0.33654083911,1.61469460842
run-021,5.45,1.55729465117,-0.396544139015,1.61468576762
run-021,5.475,1.54663474506,-0.455903278286,1.61467573283
run-021,5.5,1.53449948726,-0.514528044254,1.61466462432
run-021,5.525,1.52090834285,-0.572331926779,1.61465257266
run-021,5.55,1.50588289092,-0.629232493293,1.6146397164
run-021,5.575,1.48944671819,-0.685151723108,1.6146261996
run-021,5.6,1.47162530477,-0.740016298391,1.61461216938
run-021,5.625,1.45244590327,-0.793757849865,1.61459777346
run-021,5.65,1.43193741227,-0.846313155906,1.61458315787
run-021,5.675,1.41013024547,-0.89762429436,1.61456846469
run-021,5.7,1.38705619755,-0.947638746969,1.61455383009
run-021,5.725,1.36274830812,-0.996309456939,1.61453938248
run-021,5.75,1.33724072471,-1.04359484067,1.61452524095
run-021,5.775,1.31056856609,-1.08945875524,1.614511514
run-021,5.8,1.28276778695,-1.13387042364,1.61449829847
run-021,5.825,1.25387504491,-1.17680432013,1.61448567879
run-021,5.85,1.22392757094,-1.21824001859,1.6144737265
run-021,5.875,1.19296304398,-1.25816200676,1.61446250003
run-021,5.9,1.1610194706,-1.29655946973,1.61445204468
run-021,5.925,1.12813507049,-1.33342604598,1.6144423929
run-021,5.95,1.0943481683,-1.36875955964,1.61443356472
run-021,5.975,1.05969709251,-1.40256173232,1.61442556835
run-021,6,1.02422008169,-1.43483787824,1.61441840097
run-021,6.025,0.987955198597,-1.46559658601,1.61441204958
run-021,6.05,0.950940252386,-1.49484939056,1.61440649202
run-021,6.075,0.913212729069,-1.52261043841,1.61440169795
run-021,6.1,0.874809730465,-1.54889614939,1.61439762998
run-021,6.125,0.8357679216,-1.57372487777,1.61439424473
run-021,6.15,0.796123486576,-1.59711657554,1.61439149394
run-021,6.175,0.755912092822,-1.61909246021,1.61438932554
run-021,6.2,0.715168863566,-1.63967468958,1.61438768466
run-021,6.225,0.673928358343,-1.65888604548,1.61438651465
run-021,6.25,0.632224561292,-1.67674962823,1.61438575795
run-021,6.275,0.590090876932,-1.69328856364,1.61438535703
run-021,6.3,0.54756013311,-1.70852572377,1.6143852551
run-021,6.325,0.504664590743,-1.7224834628,1.61438539689
run-021,6.35,0.46143595997,-1.73518336902,1.61438572926
run-021,6.375,0.417905422292,-1.74664603383,1.6143862018
run-021,6.4,0.374103658278,-1.75689083839,1.61438676732
run-021,6.425,0.330060880372,-1.7659357587,1.61438738231
run-021,6.45,0.285806870344,-1.77379718935,1.6143880073
run-021,6.475,0.241371020905,-1.78048978655,1.61438860719
run-021,6.5,0.196782381016,-1.78602633049,1.61438915152
run-021,6.525,0.152069704381,-1.79041760749,1.61438961471
run-021,6.55,0.107261500641,-1.79367231195,1.6143899762
run-021,6.575,0.0623860887831,-1.79579696817,1.61439022061
run-021,6.6,0.0174716522331,-1.79679587232,1.61439033783
run-021,6.625,-0.0274537048329,-1.79667105443,1.61439032311
run-021,6.65,-0.0723619004882,-1.79542226047,1.61439017702
run-021,6.675,-0.117224817856,-1.79304695463,1.61438990553
run-021,6.7,-0.16201424822,-1.78954034164,1.61438951994
run-021,6.725,-0.206701834938,-1.78489540927,1.61438903676
run-021,6.75,-0.251259018683,-1.77910299085,1.61438847769
run-021,6.775,-0.295656984481,-1.77215184784,1.61438786943
run-021,6.8,-0.339866611075,-1.76402877229,1.61438724347
run-021,6.825,-0.383858423095,-1.75471870915,1.61438663592
run-021,6.85,-0.427602546533,-1.7442048982,1.61438608716
run-021,6.875,-0.471068668005,-1.7324690353,1.61438564156
run-021,6.9,-0.514225998298,-1.71949145287,1.61438534708
run-021,6.925,-0.557043240649,-1.70525131894,1.61438525477
run-021,6.95,-0.599488564245,-1.68972685446,1.6143854183
run-021,6.975,-0.641529583372,-1.67289556815,1.61438589333
run-021,7,-0.683133342652,-1.65473450821,1.61438673688
run-021,7.025,-0.724266308782,-1.63522052985,1.61438800657
run-021,7.05,-0.764894369145,-1.61433057773,1.61438975981
run-021,7.075,-0.804982837668,-1.59204198188,1.61439205296
run-021,7.1,-0.844496468239,-1.56833276576,1.61439494035
run-021,7.125,-0.883399475956,-1.54318196468,1.61439847328
run-021,7.15,-0.921655566472,-1.51656995276,1.61440269904
run-021,7.175,-0.959227973594,-1.48847877636,1.61440765976
run-021,7.2,-0.99607950529,-1.45889249146,1.61441339137
run-021,7.225,-1.03217259817,-1.42779750272,1.61441992246
run-021,7.25,-1.06746938043,-1.39518290114,1.61442727327
run-021,7.275,-1.10193174322,-1.36104079762,1.6144354546
run-021,7.3,-1.13552142031,-1.32536664916,1.6144444669
run-021,7.325,-1.16820007568,-1.28815957436,1.61445429939
run-021,7.35,-1.19992939903,-1.24942265492,1.61446492934
run-021,7.375,-1.23067120843,-1.20916321956,1.61447632146
run-021,7.4,-1.26038756,-1.16739310678,1.61448842756
run-021,7.425,-1.28904086377,-1.12412890306,1.61450118628
run-021,7.45,-1.31659400516,-1.07939215274,1.61451452319
run-021,7.475,-1.3430104714,-1.03320953657,1.61452835106
run-021,7.5,-1.36825448198,-0.985613015336,1.61454257036
run-021,7.525,-1.39229112217,-0.936639935889,1.61455707017
run-021,7.55,-1.41508647878,-0.886333096706,1.61457172918
run-021,7.575,-1.43660777701,-0.834740770742,1.61458641712
run-021,7.6,-1.45682351732,-0.781916683628,1.61460099635
run-021,7.625,-1.47570361119,-0.727919945764,1.61461532373
run-021,7.65,-1.4932195146,-0.672814937386,1.61462925264
run-021,7.675,-1.50934435806,-0.616671146216,1.61464263531
run-021,7.7,-1.52405307192,-0.559562957927,1.61465532508
run-021,7.725,-1.53732250595,-0.501569400244,1.6146671789
run-021,7.75,-1.54913154193,-0.442773842151,1.61467805979
run-021,7.775,-1.55946119806,-0.383263650288,1.61468783925
run-021,7.8,-1.56829472444,-0.323129805257,1.61469639964
run-021,7.825,-1.57561768832,-0.262466481121,1.61470363633
run-021,7.85,-1.5814180485,-0.20137059198,1.61470945973
run-021,7.875,-1.58568621792,-0.139941309965,1.61471379698
run-021,7.9,-1.588415114,-0.0782795594861,1.61471659338
run-021,7.925,-1.5896001959,-0.0164874929117,1.61471781348
run-021,7.95,-1.58923948864,0.0453320468307,1.61471744175
run-021,7.975,-1.58733359356,0.107076071029,1.61471548292
run-021,8,-1.58388568509,0.16864199152,1.61471196189
run-021,8.025,-1.57890149398,0.229928162744,1.6147069232
run-021,8.05,-1.57238927695,0.290834413737,1.61470043017
run-021,8.075,-1.56435977329,0.351262564452,1.61469256368
run-021,8.1,-1.55482614873,0.41111692106,1.61468342055
run-021,8.125,-1.54380392724,0.470304745186,1.61467311177
run-021,8.15,-1.53131091147,0.528736692487,1.6146617603
run-021,8.175,-1.51736709262,0.586327216424,1.61464949892
run-021,8.2,-1.50199455065,0.642994933622,1.61463646774
run-021,8.225,-1.48521734593,0.698662947799,1.61462281179
run-021,8.25,-1.46706140326,0.753259129826,1.61460867856
run-021,8.275,-1.44755438944,0.806716352141,1.61459421558
run-021,8.3,-1.42672558565,0.858972676326,1.61457956809
run-021,8.325,-1.40460575563,0.909971493321,1.61456487693
run-021,8.35,-1.38122701099,0.959661616335,1.61455027651
run-021,8.375,-1.35662267481,1.00799732708,1.6145358931
run-021,8.4,-1.33082714463,1.05493837655,1.61452184333
run-021,8.425,-1.30387575598,1.10044994193,1.61450823291
run-021,8.45,-1.27580464754,1.14450254189,1.61449515572
run-021,8.475,-1.24665062889,1.18707191262,1.61448269307
run-021,8.5,-1.2164510519,1.22813884753,1.61447091331
run-021,8.525,-1.18524368651,1.26768900368,1.61445987165
run-021,8.55,-1.15306660172,1.30571267824,1.61444961021
run-021,8.575,-1.1199580526,1.34220455843,1.61444015837
run-021,8.6,-1.0859563738,1.37716344835,1.6144315332
run-021,8.625,-1.05109988018,1.41059197655,1.61442374013
run-021,8.65,-1.01542677497,1.44249628744,1.61441677378
run-021,8.675,-0.97897506581,1.47288572044,1.61441061882
run-021,8.7,-0.94178248895,1.50177247997,1.61440525097
run-021,8.725,-0.903886441811,1.52917129953,1.61440063809
run-021,8.75,-0.865323923974,1.55509910307,1.61439674121
run-021,8.775,-0.826131486658,1.57957466636,1.61439351567
run-021,8.8,-0.786345190655,1.60261828119,1.61439091218
run-021,8.825,-0.746000572599,1.62425142464,1.61438887788
run-021,8.85,-0.705132619424,1.64449643586,1.61438735738
run-021,8.875,-0.663775750805,1.6633762023,1.61438629372
run-021,8.9,-0.621963809309,1.68091385707,1.61438562929
run-021,8.925,-0.579730057952,1.69713248916,1.61438530665
run-021,8.95,-0.537107184851,1.71205486784,1.61438526933
run-021,8.975,-0.49412731456,1.72570318235,1.61438546251
run-022,0,1.65344827586,0,1.7780244609
run-022,0.025,1.65262079937,-0.0661691216852,1.77802350163
run-022,0.05,1.65013981978,-0.13222241597,1.77802063671
run-022,0.075,1.64600967857,-0.198044704365,1.77801590448
run-022,0.1,1.64023758456,-0.263522098938,1.778009368
run-022,0.125,1.63283357363,-0.32854262958,1.77800111369
run-022,0.15,1.62381045308,-0.392996849971,1.77799124958
run-022,0.175,1.61318373113,-0.456778415748,1.77797990312
run-022,0.2,1.60097153229,-0.519784628769,1.77796721865
run-022,0.225,1.58719449969,-0.581916941999,1.77795335452
run-022,0.25,1.57187568519,-0.643081420109,1.7779384801
run-022,0.275,1.55504042868,-0.703189151653,1.77792277262
run-022,0.3,1.53671622761,-0.762156609381,1.77790641392
run-022,0.325,1.51693259822,-0.819905956078,1.77788958726
run-022,0.35,1.49572092981,-0.876365294091,1.77787247432
run-022,0.375,1.47311433351,-0.931468857524,1.77785525221
run-022,0.4,1.44914748693,-0.985157146855,1.77783809086
run-022,0.425,1.42385647617,-1.03737700649,1.77782115059
run-022,0.45,1.39727863661,-1.08808164646,1.77780458007
run-022,0.475,1.36945239384,-1.13723061015,1.77778851455
run-022,0.5,1.3404171061,-1.18478969048,1.77777307455
run-022,0.525,1.31021290932,-1.23073079755,1.77775836482
run-022,0.55,1.27888056622,-1.27503178114,1.77774447371
run-022,0.575,1.24646132026,-1.31767621176,1.77773147288
run-022,0.6,1.21299675563,-1.35865312443,1.77771941734
run-022,0.625,1.17852866404,-1.39795672933,1.77770834576
run-022,0.65,1.14309891917,-1.43558609359,1.77769828109
run-022,0.675,1.10674935936,-1.47154479888,1.77768923136
run-022,0.7,1.06952167922,-1.50584057891,1.77768119071
run-022,0.725,1.03145733042,-1.53848494134,1.77767414054
run-022,0.75,0.992597432156,-1.56949277814,1.77766805082
run-022,0.775,0.95298269151,-1.59888196852,1.7776628814
run-022,0.8,0.91265333373,-1.62667297815,1.77765858347
run-022,0.825,0.871649042602,-1.65288845823,1.77765510093
run-022,0.85,0.830008910818,-1.67755284764,1.77765237182
run-022,0.875,0.78777140022,-1.70069198135,1.77765032968
run-022,0.9,0.744974311751,-1.72233270751,1.77764890485
run-022,0.925,0.701654764845,-1.74250251603,1.77764802573
run-022,0.95,0.65784918595,-1.76122918041,1.77764761993
run-022,0.975,0.613593305824,-1.77854041501,1.77764761533
run-022,1,0.568922165199,-1.79446354923,1.77764794109
run-022,1.025,0.523870128363,-1.80902521995,1.77764852848
run-022,1.05,0.478470904201,-1.8222510835,1.77764931167
run-022,1.075,0.432757574188,-1.83416554798,1.77765022845
run-022,1.1,0.386762626802,-1.84479152679,1.7776512208
run-022,1.125,0.340517997848,-1.85415021391,1.7776522354
run-022,1.15,0.294055116107,-1.86226088141,1.77765322412
run-022,1.175,0.247404953778,-1.86914069962,1.77765414429
run-022,1.2,0.200598081126,-1.87480458004,1.7776549591
run-022,1.225,0.153664724776,-1.87926504134,1.77765563778
run-022,1.25,0.106634829059,-1.88253209853,1.77765615584
run-022,1.275,0.0595381198492,-1.88461317527,1.77765649516
run-022,1.3,0.0124041702953,-1.88551303953,1.77765664415
run-022,1.325,-0.0347375321274,-1.88523376248,1.77765659776
run-022,1.35,-0.0818575178289,-1.88377470071,1.77765635757
run-022,1.375,-0.128926267163,-1.88113250175,1.77765593172
run-022,1.4,-0.175914142917,-1.8773011329,1.77765533491
run-022,1.425,-0.222791323808,-1.87227193333,1.7776545883
run-022,1.45,-0.269527739583,-1.86603368954,1.77765371936
run-022,1.475,-0.316093008285,-1.85857273397,1.77765276176
run-022,1.5,-0.362456376282,-1.84987306684,1.77765175512
run-022,1.525,-0.408586661627,-1.8399165011,1.77765074473
run-022,1.55,-0.454452201337,-1.82868283032,1.77764978124
run-022,1.575,-0.500020803143,-1.81615001932,1.77764892025
run-022,1.6,-0.545259702302,-1.80229441718,1.77764822183
run-022,1.625,-0.590135524002,-1.7870909924,1.77764775
run-022,1.65,-0.634614251923,-1.77051358946,1.77764757203
run-022,1.675,-0.678661203475,-1.75253520625,1.77764775777
run-022,1.7,-0.722241012235,-1.73312829153,1.77764837879
run-022,1.725,-0.765317618051,-1.7122650612,1.77764950745
run-022,1.75,-0.807854265295,-1.68991783243,1.77765121591
run-022,1.775,-0.849813509673,-1.66605937384,1.777653575
run-022,1.8,-0.891157233987,-1.64066327024,1.77765665302
run-022,1.825,-0.931846673185,-1.61370429977,1.77766051446
run-022,1.85,-0.971842448976,-1.5851588212,1.7776652187
run-022,1.875,-1.01110461425,-1.55500516895,1.77767081854
run-022,1.9,-1.04959270742,-1.52322405266,1.77767735887
run-022,1.925,-1.08726581688,-1.48979895857,1.77768487523
run-022,1.95,-1.12408265535,-1.45471654894,1.77769339238
run-022,1.975,-1.16000164433,-1.41796705616,1.77770292305
run-022,2,-1.19498100816,-1.37954466734,1.77771346666
run-022,2.025,-1.22897887769,-1.33944789558,1.77772500821
run-022,2.05,-1.26195340294,-1.29767993354,1.77773751741
run-022,2.075,-1.29386287437,-1.25424898486,1.7777509479
run-022,2.1,-1.32466585218,-1.20916856929,1.77776523681
run-022,2.125,-1.35432130283,-1.16245779687,1.77778030454
run-022,2.15,-1.38278874202,-1.114141607,1.77779605494
run-022,2.175,-1.41002838318,-1.06425096828,1.77781237566
run-022,2.2,-1.43600129044,-1.012823035,1.77782913908
run-022,2.225,-1.46066953493,-0.959901256989,1.77784620338
run-022,2.25,-1.48399635329,-0.905535439265,1.77786341414
run-022,2.275,-1.5059463069,-0.84978174907,1.77788060621
run-022,2.3,-1.52648544074,-0.792702667879,1.77789760594
run-022,2.325,-1.54558144029,-0.734366886926,1.77791423371
run-022,2.35,-1.56320378509,-0.674849145327,1.77793030672
run-022,2.375,-1.57932389756,-0.614230010644,1.77794564198
run-022,2.4,-1.59391528562,-0.552595602503,1.77796005944
run-022,2.425,-1.60695367768,-0.49003726067,1.7779733852
run-022,2.45,-1.61841714865,-0.426651159791,1.77798545471
run-022,2.475,-1.62828623567,-0.362537873799,1.7779961159
run-022,2.5,-1.63654404234,-0.297801893773,1.77800523209
run-022,2.525,-1.64317633036,-0.232551103743,1.77801268474
run-022,2.55,-1.64817159753,-0.166896219643,1.7780183758
run-022,2.575,-1.65152114134,-0.100950197186,1.77802222973
run-022,2.6,-1.65321910739,-0.0348276149674,1.77802419505
run-022,2.625,-1.65326252209,0.0313559604913,1.7780242454
run-022,2.65,-1.65165130937,0.097484620729,1.77802238011
run-022,2.675,-1.64838829106,0.163442765164,1.7780186242
run-022,2.7,-1.64347917111,0.229115747464,1.77801302785
run-022,2.725,-1.63693250368,0.294390511257,1.77800566537
run-022,2.75,-1.62875964554,0.359156208141,1.77799663368
run-022,2.775,-1.61897469327,0.423304791277,1.77798605029
run-022,2.8,-1.60759440598,0.48673157821,1.777974051
run-022,2.825,-1.59463811436,0.549335777132,1.77796078716
run-022,2.85,-1.58012761712,0.61102097135,1.77794642272
run-022,2.875,-1.5640870658,0.671695557419,1.77793113117
run-022,2.9,-1.54654283925,0.731273133124,1.77791509233
run-022,2.925,-1.52752340914,0.789672832268,1.77789848911
run-022,2.95,-1.50705919764,0.846819604004,1.77788150439
run-022,2.975,-1.48518242894,0.902644435284,1.77786431803
run-022,3,-1.46192697588,0.95708451576,1.77784710406
run-022,3.025,-1.43732820315,1.01008334525,1.77783002814
run-022,3.05,-1.41142280861,1.06159078465,1.77781324529
run-022,3.075,-1.38424866392,1.11156305178,1.77779689804
run-022,3.1,-1.35584465602,1.15996266435,1.77778111479
run-022,3.125,-1.3262505307,1.20675833276,1.77776600871
run-022,3.15,-1.29550673939,1.2519248059,1.77775167682
run-022,3.175,-1.26365429041,1.29544267351,1.77773819959
run-022,3.2,-1.23073460571,1.33729812911,1.77772564076
run-022,3.225,-1.19678938395,1.37748269748,1.77771404755
run-022,3.25,-1.16186047084,1.4159929311,1.77770345109
run-022,3.275,-1.1259897374,1.45283008,1.77769386714
run-022,3.3,-1.08921896684,1.48799973917,1.77768529702
run-022,3.325,-1.05158975044,1.52151147825,1.77767772868
run-022,3.35,-1.01314339292,1.55337845738,1.77767113793
run-022,3.375,-0.973920827569,1.58361703362,1.77766548979
run-022,3.4,-0.933962541243,1.6122463616,1.77766073982
run-022,3.425,-0.893308509489,1.6392879923,1.77765683558
run-022,3.45,-0.851998141628,1.66476547313,1.77765371803
run-022,3.475,-0.810070235832,1.68870395275,1.77765132289
run-022,3.5,-0.767562943991,1.71112979322,1.77764958204
run-022,3.525,-0.724513746171,1.73207019227,1.77764842475
run-022,3.55,-0.680959434377,1.75155281791,1.7776477789
run-022,3.575,-0.636936105276,1.76960545734,1.77764757212
run-022,3.6,-0.59247916151,1.78625568208,1.77764773276
run-022,3.625,-0.547623321172,1.80153053058,1.77764819087
run-022,3.65,-0.502402634981,1.81545620987,1.77764887902
run-022,3.675,-0.456850510679,1.82805781697,1.77764973301
run-022,3.7,-0.410999744133,1.83935908125,1.77765069255
run-022,3.725,-0.364882556616,1.84938212816,1.77765170178
run-022,3.75,-0.318530637724,1.85814726502,1.7776527098
run-022,3.775,-0.271975193365,1.86567278918,1.777653671
run-022,3.8,-0.225246998266,1.87197481896,1.77765454548
run-022,3.825,-0.178376452417,1.87706714751,1.77765529926
run-022,3.85,-0.13139364089,1.88096111975,1.77765590451
run-022,3.875,-0.0843283964297,1.8836655325,1.77765633974
run-022,3.9,-0.0372103642652,1.88518655782,1.77765658993
run-022,3.925,0.00993093146115,1.88552768972,1.77765664658
run-022,3.95,0.0570660202207,1.88468971408,1.77765650778
run-022,3.975,0.104165417165,1.8826707019,1.77765617821
run-022,4,0.151199555316,1.87946602588,1.77765566914
run-022,4.025,0.198138718459,1.87506840028,1.77765499833
run-022,4.05,0.244952975329,1.86946794407,1.77765418995
run-022,4.075,0.291612115662,1.86265226736,1.77765327444
run-022,4.1,0.338085588698,1.85460658107,1.77765228831
run-022,4.125,0.384342444716,1.84531382967,1.77765127391
run-022,4.15,0.430351280181,1.83475484707,1.77765027912
run-022,4.175,0.476080187069,1.82290853529,1.77764935697
run-022,4.2,0.521496706946,1.80975206574,1.77764856526
run-022,4.225,0.566567790356,1.7952611028,1.777647966
run-022,4.25,0.611259762086,1.77941004915,1.77764762482
run-022,4.275,0.655538292814,1.76217231236,1.77764761034
run-022,4.3,0.699368377704,1.7435205919,1.7776479933
run-022,4.325,0.742714322409,1.72342718565,1.77764884579
run-022,4.35,0.785539736986,1.70186431483,1.7776502402
run-022,4.375,0.82780753815,1.67880446589,1.77765224821
run-022,4.4,0.869479960281,1.65422074788,1.77765493959
run-022,4.425,0.910518575544,1.62808726325,1.77765838102
run-022,4.45,0.950884323443,1.6003794902,1.77766263472
run-022,4.475,0.990537550054,1.57107467392,1.77766775713
run-022,4.5,1.02943805714,1.54015222411,1.7776737975
run-022,4.525,1.06754516126,1.5075941159,1.77768079643
run-022,4.55,1.10481776293,1.47338529067,1.77768878456
run-022,4.575,1.14121442579,1.43751405347,1.77769778109
run-022,4.6,1.17669346561,1.39997246306,1.77770779259
run-022,4.625,1.21121304895,1.36075671079,1.77771881177
run-022,4.65,1.24473130115,1.31986748397,1.77773081652
run-022,4.675,1.27720642314,1.27731030949,1.77774376897
run-022,4.7,1.30859681662,1.23309587337,1.77775761501
run-022,4.725,1.33886121681,1.18724031171,1.77777228385
run-022,4.75,1.36795883221,1.13976546885,1.777787688
run-022,4.775,1.39584949026,1.09069911829,1.77780372356
run-022,4.8,1.42249378812,1.04007514247,1.77782027083
run-022,4.825,1.44785324738,0.987933667623,1.77783719529
run-022,4.85,1.4718904715,0.934321150201,1.77785434893
run-022,4.875,1.49456930489,0.879290411896,1.777871572
run-022,4.9,1.5158549921,0.822900620844,1.77788869502
run-022,4.925,1.53571433593,0.765217217038,1.77790554118
run-022,4.95,1.55411585295,0.706311780716,1.77792192899
run-022,4.975,1.57102992497,0.646261843195,1.77793767518
run-022,5,1.58642894511,0.585150640327,1.77795259776
run-022,5.025,1.60028745698,0.52306680958,1.77796651918
run-022,5.05,1.61258228559,0.460104032523,1.77797926959
run-022,5.075,1.62329265861,0.396360625292,1.77799068997
run-022,5.1,1.63240031685,0.331939080432,1.77800063517
run-022,5.125,1.63988961263,0.266945564224,1.7780089768
run-022,5.15,1.64574759506,0.201489374351,1.77801560575
run-022,5.175,1.64996408135,0.135682363363,1.77802043441
run-022,5.2,1.65253171323,0.0696383340122,1.77802339847
run-022,5.225,1.65344599805,0.00347241293512,1.77802445826
run-022,5.25,1.65270533388,-0.0626995904154,1.77802359955
run-022,5.275,1.65031101853,-0.12876183248,1.77802083386
run-022,5.3,1.64626724226,-0.194599084681,1.77801619824
run-022,5.325,1.64058106429,-0.260097375638,1.77800975447
run-022,5.35,1.63326237347,-0.32514461935,1.77800158777
run-022,5.375,1.62432383333,-0.389631222455,1.77799180511
run-022,5.4,1.61378081235,-0.453450664003,1.77798053297
run-022,5.425,1.60165130013,-0.51650004165,1.77796791486
run-022,5.45,1.58795581027,-0.578680578728,1.77795410849
run-022,5.475,1.57271727119,-0.639898087284,1.77793928273
run-022,5.5,1.5559609059,-0.700063382887,1.77792361446
run-022,5.525,1.53771410205,-0.759092647731,1.77790728536
run-022,5.55,1.51800627352,-0.816907739389,1.77789047872
run-022,5.575,1.49686871508,-0.873436443325,1.77787337634
run-022,5.6,1.47433445135,-0.928612668106,1.77785615567
run-022,5.625,1.45043808167,-0.98237658304,1.77783898705
run-022,5.65,1.4252156222,-1.03467469869,1.77782203138
run-022,5.675,1.39870434674,-1.08545989149,1.77780543797
run-022,5.7,1.37094262762,-1.13469137418,1.77778934283
run-022,5.725,1.34196977803,-1.18233461471,1.77777386727
run-022,5.75,1.31182589689,-1.22836120628,1.77775911688
run-022,5.775,1.28055171771,-1.27274869217,1.7777451809
run-022,5.8,1.24818846228,-1.31548034881,1.77773213185
run-022,5.825,1.21477770027,-1.35654493149,1.77772002562
run-022,5.85,1.18036121571,-1.39593638652,1.77770890171
run-022,5.875,1.14498088095,-1.43365353457,1.77769878389
run-022,5.9,1.10867853898,-1.46969972932,1.77768968094
run-022,5.925,1.07149589448,-1.50408249592,1.77768158771
run-022,5.95,1.03347441418,-1.53681315365,1.77767448623
run-022,5.975,0.994655236799,-1.56790642673,1.77766834703
run-022,6,0.955079092845,-1.59738004763,1.77766313048
run-022,6.025,0.914786234418,-1.62525435628,1.77765878817
run-022,6.05,0.873816375031,-1.65155189916,1.77765526435
run-022,6.075,0.83220863946,-1.67629703117,1.77765249733
run-022,6.1,0.790001523473,-1.69951552362,1.77765042086
run-022,6.125,0.747232863279,-1.72123418087,1.7776489654
run-022,6.15,0.703939814429,-1.74148046818,1.77764805945
run-022,6.175,0.66015883987,-1.76028215283,1.77764763062
run-022,6.2,0.615925706788,-1.77766696054,1.77764760675
run-022,6.225,0.571275491843,-1.7936622487,1.77764791691
run-022,6.25,0.526242594353,-1.80829469788,1.77764849224
run-022,6.275,0.480860756949,-1.82159002266,1.77764926673
run-022,6.3,0.43516309322,-1.83357270296,1.77765017799
run-022,6.325,0.389182121801,-1.84426573636,1.77765116774
run-022,6.35,0.342949806402,-1.85369041228,1.77765218242
run-022,6.375,0.296497601188,-1.86186610829,1.7776531736
run-022,6.4,0.249856500987,-1.86881010908,1.77765409834
run-022,6.425,0.203057095734,-1.87453744818,1.77765491949
run-022,6.45,0.156129628578,-1.87906077277,1.77765560598
run-022,6.475,0.109104057095,-1.88239023157,1.77765613297
run-022,6.5,0.062010117,-1.884533386,1.77765648202
run-022,6.525,0.0148773877952,-1.88549514459,1.77765664117
run-022,6.55,-0.0322646402297,-1.88527772063,1.77765660505
run-022,6.575,-0.0793864982361,-1.88388061317,1.77765637489
run-022,6.6,-0.126458670888,-1.88130061138,1.77765595847
run-022,6.625,-0.173451528805,-1.87753182205,1.77765537016
run-022,6.65,-0.220335261991,-1.87256572059,1.77765463077
run-022,6.675,-0.267079814835,-1.86639122515,1.77765376747
run-022,6.7,-0.313654823249,-1.85899479409,1.77765281359
run-022,6.725,-0.360029554539,-1.85036054658,1.77765180844
run-022,6.75,-0.406172850578,-1.84047040636,1.77765079703
run-022,6.775,-0.452053074857,-1.8293042684,1.77764982974
run-022,6.8,-0.497638063998,-1.81684018834,1.77764896192
run-022,6.825,-0.542895084274,-1.8030545944,1.77764825341
run-022,6.85,-0.587790793718,-1.78792252129,1.77764776805
run-022,6.875,-0.632291210339,-1.77141786575,1.77764757294
run-022,6.9,-0.676361687005,-1.75351366288,1.77764773784
run-022,6.925,-0.719966893482,-1.73418238251,1.77764833422
run-022,6.95,-0.763070806131,-1.71339624464,1.77764943445
run-022,6.975,-0.805636705714,-1.69112755253,1.77765111072
run-022,7,-0.847627183757,-1.66734904219,1.77765343395
run-022,7.025,-0.889004157824,-1.64203424632,1.77765647261
run-022,7.05,-0.929728896073,-1.6151578709,1.77766029143
run-022,7.075,-0.969762051369,-1.58669618204,1.77766495007
run-022,7.1,-1.00906370518,-1.55662740058,1.77767050173
run-022,7.125,-1.0475934214,-1.52493210159,1.77767699176
run-022,7.15,-1.08531031025,-1.49159361568,1.77768445619
run-022,7.175,-1.12217310218,-1.45659842864,1.77769292041
run-022,7.2,-1.15814023169,-1.41993657588,1.77770239781
run-022,7.225,-1.19316993098,-1.38160202769,1.77771288852
run-022,7.25,-1.22722033307,-1.34159306126,1.77772437833
run-022,7.275,-1.26024958404,-1.29991261528,1.77773683778
run-022,7.3,-1.29221596383,-1.25656862269,1.77775022135
run-022,7.325,-1.32307801517,-1.21157431722,1.77776446705
run-022,7.35,-1.3527946797,-1.16494850938,1.77777949618
run-022,7.375,-1.38132544064,-1.11671582742,1.77779521341
run-022,7.4,-1.40863047107,-1.06690691933,1.77781150726
run-022,7.425,-1.43467078661,-1.01555861176,1.77782825086
run-022,7.45,-1.45940840165,-0.9627140223,1.77784530311
run-022,7.475,-1.48280648772,-0.908422621929,1.77786251021
run-022,7.5,-1.50482953275,-0.852740244813,1.77787970751
run-022,7.525,-1.52544349996,-0.795729043264,1.77789672175
run-022,7.55,-1.54461598491,-0.737457386258,1.77791337357
run-022,7.575,-1.56231636928,-0.677999700576,1.77792948024
run-022,7.6,-1.57851596994,-0.617436254384,1.77794485872
run-022,7.625,-1.593188182,-0.555852883804,1.77795932871
run-022,7.65,-1.60630861413,-0.493340663864,1.77797271593
run-022,7.675,-1.61785521519,-0.429995525961,1.77798485525
run-022,7.7,-1.62780839043,-0.365917824827,1.77799559387
run-022,7.725,-1.63615110643,-0.301211858719,1.77800479423
run-022,7.75,-1.64286898337,-0.235985347312,1.77801233678
run-022,7.775,-1.6479503738,-0.170348872444,1.77801812233
run-022,7.8,-1.65138642699,-0.104415287468,1.77802207414
run-022,7.825,-1.65317113817,-0.0382991014923,1.77802413942
run-022,7.85,-1.65330138206,0.0278841548003,1.77802429047
run-022,7.875,-1.65177693043,0.0940185747389,1.77802252529
run-022,7.9,-1.64860045333,0.159988525463,1.77801886753
run-022,7.925,-1.64377750416,0.225679294655,1.77801336609
run-022,7.95,-1.63731648859,0.290977726983,1.77800609405
run-022,7.975,-1.62922861781,0.355772843217,1.77799714718
run-022,8,-1.61952784643,0.419956435257,1.77798664197
run-022,8.025,-1.60823079604,0.483423630722,1.77797471333
run-022,8.05,-1.5953566649,0.546073421264,1.77796151184
run-022,8.075,-1.58092712498,0.607809149348,1.7779472009
run-022,8.1,-1.56496620743,0.668538948919,1.77793195357
run-022,8.125,-1.54750017754,0.728176136097,1.7779159494
run-022,8.15,-1.52855740063,0.786639546816,1.77789937123
run-022,8.175,-1.50816820019,0.843853819113,1.77788240201
run-022,8.2,-1.48636470967,0.899749618581,1.77786522184
run-022,8.225,-1.46318071927,0.95426380629,1.77784800512
run-022,8.25,-1.43865151936,1.00733954926,1.777830918
run-022,8.275,-1.4128137418,1.0589263743,1.77781411612
run-022,8.3,-1.38570520064,1.1089801667,1.77779774269
run-022,8.325,-1.35736473347,1.15746311588,1.77778192691
run-022,8.35,-1.32783204485,1.20434361082,1.77776678275
run-022,8.375,-1.29714755293,1.24959608816,1.7777524081
run-022,8.4,-1.26535224044,1.29320083677,1.7777388843
run-022,8.425,-1.23248751109,1.33514376267,1.77772627597
run-022,8.45,-1.1985950523,1.37541611823,1.77771463119
run-022,8.475,-1.16371670518,1.41401420019,1.77770398192
run-022,8.5,-1.1278943423,1.45093902067,1.77769434469
run-022,8.525,-1.09116975414,1.48619595583,1.77768572157
run-022,8.55,-1.0535845445,1.5197943762,1.77767810117
run-022,8.575,-1.01518003533,1.55174726329,1.77767145992
run-022,8.6,-0.97599718134,1.58207081631,1.77766576336
run-022,8.625,-0.936076494517,1.61078405313,1.77766096751
run-022,8.65,-0.895457978683,1.63790840894,1.77765702032
run-022,8.675,-0.85418107407,1.66346733632,1.77765386305
run-022,8.7,-0.812284611867,1.68748590961,1.77765143168
run-022,8.725,-0.769806778589,1.70999043672,1.77764965824
run-022,8.75,-0.726785090031,1.73100808073,1.77764847212
run-022,8.775,-0.683256374552,1.75056649383,1.77764780124
run-022,8.8,-0.63925676534,1.76869346546,1.77764757321
run-022,8.825,-0.594821701279,1.78541658647,1.77764771634
run-022,8.85,-0.549985936016,1.8007629309,1.77764816055
run-022,8.875,-0.504783554735,1.81475875646,1.77764883825
run-022,8.9,-0.459247998193,1.82742922502,1.77764968508
run-022,8.925,-0.413412093484,1.83879814375,1.77765064051
run-022,8.95,-0.367308091005,1.84888772778,1.77765164845
run-022,8.975,-0.320967707095,1.85771838476,1.7776526577
run-023,0,1.71724137931,0,1.95274541814
run-023,0.025,1.71635659111,-0.0707504817338,1.95274426594
run-023,0.05,1.71370385522,-0.141370858671,1.95274082565
run-023,0.075,1.70928804818,-0.211731794942,1.95273514578
run-023,0.1,1.70311726548,-0.281705483532,1.95272730604
run-023,0.125,1.695202774,-0.351166388395,1.95271741556
run-023,0.15,1.68555894606,-0.419991960213,1.95270561058
run-023,0.175,1.67420317599,-0.488063317775,1.95269205154
run-023,0.2,1.66115578017,-0.555265887501,1.95267691973
run-023,0.225,1.64643988161,-0.621489994404,1.95266041357
run-023,0.25,1.63008128045,-0.686631398562,1.95264274463
run-023,0.275,1.61210831168,-0.750591772116,1.95262413352
run-023,0.3,1.59255169184,-0.813279112748,1.9526048057
run-023,0.325,1.57144435605,-0.874608090616,1.95258498741
run-023,0.35,1.54882128731,-0.934500326721,1.95256490173
run-023,0.375,1.52471933971,-0.992884601721,1.95254476489
run-023,0.4,1.49917705723,-1.04969699516,1.95252478293
run-023,0.425,1.47223448995,-1.10488095604,1.95250514875
run-023,0.45,1.44393300942,-1.15838730653,1.95248603956
run-023,0.475,1.41431512463,-1.21017418141,1.95246761487
run-023,0.5,1.38342430035,-1.26020690653,1.95245001489
run-023,0.525,1.3513047793,-1.30845782023,1.95243335945
run-023,0.55,1.31800140934,-1.35490604212,1.9524177474
run-023,0.575,1.28355947719,-1.39953719399,1.95240325643
run-023,0.6,1.24802454964,-1.44234307817,1.95238994331
run-023,0.625,1.21144232329,-1.48332131836,1.95237784453
run-023,0.65,1.17385848372,-1.52247496865,1.95236697725
run-023,0.675,1.13531857485,-1.55981209599,1.95235734045
run-023,0.7,1.09586787892,-1.59534534152,1.95234891645
run-023,0.725,1.05555130778,-1.629091466,1.95234167248
run-023,0.75,1.01441330562,-1.66107088434,1.95233556239
run-023,0.775,0.97249776356,-1.69130719402,1.95233052845
run-023,0.8,0.929847945923,-1.71982670177,1.9523265032
run-023,0.825,0.886506428472,-1.74665795277,1.95232341126
run-023,0.85,0.842515048285,-1.77183126608,1.95232117106
run-023,0.875,0.797914865168,-1.79537827963,1.95231969659
run-023,0.9,0.752746134303,-1.81733150803,1.95231889901
run-023,0.925,0.707048289766,-1.83772391565,1.95231868811
run-023,0.95,0.66085993852,-1.85658850746,1.95231897373
run-023,0.975,0.614218864393,-1.87395793959,1.95231966703
run-023,1,0.567162041541,-1.88986415125,1.95232068157
run-023,1.025,0.519725656831,-1.90433801942,1.95232193433
run-023,1.05,0.47194514057,-1.91740903752,1.95232334663
run-023,1.075,0.423855204955,-1.92910501879,1.9523248448
run-023,1.1,0.375489889631,-1.93945182523,1.95232636092
run-023,1.125,0.326882613694,-1.94847312253,1.95232783328
run-023,1.15,0.278066233504,-1.95619016136,1.95232920691
run-023,1.175,0.229073105626,-1.96262158532,1.95233043389
run-023,1.2,0.179935154238,-1.9677832656,1.9523314737
run-023,1.225,0.130683942346,-1.97168816259,1.95233229339
run-023,1.25,0.0813507461087,-1.97434621434,1.95233286783
run-023,1.275,0.0319666316288,-1.97576425192,1.95233317978
run-023,1.3,-0.0174374664873,-1.97594594173,1.95233322003
run-023,1.325,-0.0668306654579,-1.97489175466,1.95233298739
run-023,1.35,-0.11618205422,-1.97259896212,1.95233248871
run-023,1.375,-0.165460613564,-1.96906165897,1.95233173889
run-023,1.4,-0.214635137169,-1.96427081337,1.95233076075
run-023,1.425,-0.263674154232,-1.95821434344,1.95232958495
run-023,1.45,-0.312545854341,-1.95087722088,1.9523282498
run-023,1.475,-0.361218015276,-1.9422416015,1.95232680108
run-023,1.5,-0.409657934416,-1.93228698266,1.95232529172
run-023,1.525,-0.457832364409,-1.9209903874,1.95232378149
run-023,1.55,-0.505707453786,-1.9083265754,1.95232233653
run-023,1.575,-0.553248693179,-1.89426828031,1.95232102889
run-023,1.6,-0.600420867802,-1.87878647319,1.95231993585
run-023,1.625,-0.647188016839,-1.8618506517,1.95231913924
run-023,1.65,-0.693513400387,-1.84342915426,1.95231872458
run-023,1.675,-0.739359474552,-1.82348949836,1.95231878013
run-023,1.7,-0.784687875305,-1.80199874213,1.95231939578
run-023,1.725,-0.829459411658,-1.77892386763,1.95232066186
run-023,1.75,-0.873634068686,-1.75423218443,1.95232266777
run-023,1.775,-0.91717102088,-1.72789175148,1.95232550052
run-023,1.8,-0.960028656261,-1.69987181515,1.95232924315
run-023,1.825,-1.00216461164,-1.67014326068,1.95233397304
run-023,1.85,-1.04353581929,-1.63867907436,1.95233976017
run-023,1.875,-1.08409856535,-1.6054548128,1.95234666532
run-023,1.9,-1.12380855993,-1.57044907599,1.95235473823
run-023,1.925,-1.16262101915,-1.5336439798,1.9523640158
run-023,1.95,-1.20049075892,-1.49502562372,1.95237452032
run-023,1.975,-1.23737230034,-1.45458454919,1.95238625785
run-023,2,-1.27321998638,-1.41231618343,1.95239921673
run-023,2.025,-1.30798810951,-1.36822126377,1.95241336626
run-023,2.05,-1.34163104957,-1.322306237,1.95242865572
run-023,2.075,-1.37410342136,-1.27458362844,1.95244501361
run-023,2.1,-1.40536023099,-1.2250723752,1.95246234731
run-023,2.125,-1.43535704012,-1.17379811832,1.9524805431
run-023,2.15,-1.46405013691,-1.12079344857,1.9524994667
run-023,2.175,-1.49139671255,-1.06609810101,1.95251896412
run-023,2.2,-1.51735504196,-1.00975909374,1.95253886316
run-023,2.225,-1.54188466724,-0.951830806735,1.9525589753
run-023,2.25,-1.5649465823,-0.892374997369,1.95257909808
run-023,2.275,-1.58650341711,-0.831460749719,1.95259901793
run-023,2.3,-1.60651961978,-0.769164355664,1.95261851341
run-023,2.325,-1.62496163489,-0.705569126578,1.95263735882
run-023,2.35,-1.64179807611,-0.640765135362,1.95265532806
run-023,2.375,-1.65699989166,-0.574848889508,1.95267219864
run-023,2.4,-1.67054052059,-0.507922936925,1.95268775591
run-023,2.425,-1.6823960385,-0.440095407248,1.95270179716
run-023,2.45,-1.69254529095,-0.371479492377,1.95271413567
run-023,2.475,-1.70097001312,-0.302192870972,1.95272460449
run-023,2.5,-1.7076549345,-0.232357082544,1.95273305995
run-023,2.525,-1.71258786725,-0.162096857642,1.95273938468
run-023,2.55,-1.71575977738,-0.0915394113972,1.95274349009
run-023,2.575,-1.71716483782,-0.020813708291,1.95274531837
run-023,2.6,-1.7168004628,0.0499502934379,1.95274484367
run-023,2.625,-1.71466732315,0.120622409004,1.9527420727
run-023,2.65,-1.71076934235,0.191072996937,1.95273704459
run-023,2.675,-1.7051136733,0.261173722586,1.95272983002
run-023,2.7,-1.69771065622,0.330798306372,1.95272052969
run-023,2.725,-1.68857375798,0.399823248156,1.95270927214
run-023,2.75,-1.67771949381,0.468128519534,1.95269621102
run-023,2.775,-1.66516733201,0.535598216405,1.95268152186
run-023,2.8,-1.65093958299,0.602121164863,1.95266539845
run-023,2.825,-1.63506127376,0.667591474258,1.95264804892
run-023,2.85,-1.61756000928,0.731909032149,1.95262969163
run-023,2.875,-1.59846582216,0.794979936823,1.95261055107
run-023,2.9,-1.57781101243,0.856716864053,1.95259085366
run-023,2.925,-1.55562997895,0.917039365784,1.9525708238
run-023,2.95,-1.53195904415,0.975874099443,1.9525506801
run-023,2.975,-1.50683627398,1.03315498758,1.95253063193
run-023,3,-1.48030129477,1.08882330849,1.95251087632
run-023,3.025,-1.45239510856,1.14282771935,1.95249159535
run-023,3.05,-1.4231599088,1.19512421422,1.9524729539
run-023,3.075,-1.39263889784,1.24567602012,1.952455098
run-023,3.1,-1.36087610779,1.29445343474,1.95243815357
run-023,3.125,-1.32791622611,1.3414336102,1.95242222564
run-023,3.15,-1.29380442728,1.3866002876,1.95240739814
run-023,3.175,-1.25858621173,1.42994348723,1.95239373393
run-023,3.2,-1.22230725292,1.47145916,1.95238127539
run-023,3.225,-1.18501325373,1.51114880516,1.95237004523
run-023,3.25,-1.14674981266,1.54901906006,1.95236004766
run-023,3.275,-1.10756230072,1.58508126712,1.95235126974
run-023,3.3,-1.06749574931,1.61935102344,1.95234368295
run-023,3.325,-1.02659474955,1.65184771801,1.95233724488
run-023,3.35,-0.984903363407,1.68259406143,1.95233190105
run-023,3.375,-0.942465046482,1.71161561269,1.95232758665
run-023,3.4,-0.899322582772,1.73894030724,1.95232422844
run-023,3.425,-0.85551803112,1.76459799013,1.9523217465
run-023,3.45,-0.811092683266,1.78861995794,1.95232005595
run-023,3.475,-0.766087033223,1.8110385125,1.95231906863
run-023,3.5,-0.720540757641,1.8318865292,1.95231869457
run-023,3.525,-0.674492706763,1.85119704243,1.95231884347
run-023,3.55,-0.627980905519,1.86900285009,1.95231942597
run-023,3.575,-0.581042564258,1.88533613914,1.95232035482
run-023,3.6,-0.533714098562,1.90022813341,1.9523215459
run-023,3.625,-0.486031157587,1.91370876514,1.95232291916
run-023,3.65,-0.438028660305,1.925806371,1.9523243994
run-023,3.675,-0.389740839038,1.93654741346,1.95232591693
run-023,3.7,-0.341201289632,1.94595622806,1.95232740817
run-023,3.725,-0.292443027635,1.95405479685,1.95232881614
run-023,3.75,-0.24349854979,1.96086254854,1.95233009079
run-023,3.775,-0.194399900208,1.96639618525,1.95233118941
run-023,3.8,-0.145178740527,1.97066953625,1.9523320768
run-023,3.825,-0.0958664233952,1.97369343845,1.95233272551
run-023,3.85,-0.0464940686047,1.97547564387,1.95233311598
run-023,3.875,0.00290735879827,1.97602075407,1.95233323662
run-023,3.9,0.0523069690986,1.97533018134,1.95233308388
run-023,3.925,0.101673867865,1.9734021369,1.95233266226
run-023,3.95,0.150977075944,1.97023164588,1.95233198429
run-023,3.975,0.200185450159,1.96581058924,1.95233107047
run-023,4,0.249267605406,1.96012777258,1.95232994916
run-023,4.025,0.298191838788,1.9531690218,1.95232865645
run-023,4.05,0.346926056496,1.94491730574,1.95232723595
run-023,4.075,0.395437704075,1.93535288569,1.95232573852
run-023,4.1,0.44369370078,1.92445349169,1.95232422195
run-023,4.125,0.491660378659,1.91219452562,1.95232275058
run-023,4.15,0.539303427061,1.89854929081,1.95232139475
run-023,4.175,0.5865878432,1.88348924782,1.95232023029
run-023,4.2,0.633477889452,1.86698429615,1.95231933777
run-023,4.225,0.679937058007,1.84900308107,1.95231880172
run-023,4.25,0.725928043506,1.82951332502,1.9523187097
run-023,4.275,0.771412724258,1.80848218238,1.95231915124
run-023,4.3,0.816352152625,1.78587661657,1.95232021668
run-023,4.325,0.860706555086,1.76166379781,1.95232199584
run-023,4.35,0.904435342515,1.73581151987,1.95232457658
run-023,4.375,0.94749713108,1.70828863359,1.95232804329
run-023,4.4,0.989849774194,1.67906549466,1.95233247519
run-023,4.425,1.03145040581,1.64811442297,1.95233794463
run-023,4.45,1.07225549534,1.6154101702,1.95234451528
run-023,4.475,1.11222091432,1.58093039213,1.95235224032
run-023,4.5,1.15130201495,1.54465612172,1.95236116059
run-023,4.525,1.18945372041,1.5065722388,1.95237130287
run-023,4.55,1.22663062689,1.4666679316,1.95238267816
run-023,4.575,1.26278711699,1.4249371454,1.95239528015
run-023,4.6,1.29787748416,1.38137901315,1.95240908386
run-023,4.625,1.33185606765,1.33599826268,1.95242404455
run-023,4.65,1.36467739729,1.28880559533,1.95244009687
run-023,4.675,1.39629634741,1.23981803019,1.95245715445
run-023,4.7,1.4266682988,1.189059209,1.95247510973
run-023,4.725,1.45574930786,1.136559656,1.9524938344
run-023,4.75,1.4834962816,1.08235698813,1.95251318015
run-023,4.775,1.50986715727,1.02649607058,1.95253297996
run-023,4.8,1.53482108513,0.969029113671,1.95255304987
run-023,4.825,1.55831861295,0.910015707331,1.95257319125
run-023,4.85,1.5803218705,0.849522790091,1.95259319348
run-023,4.875,1.60079475246,0.787624550423,1.95261283707
run-023,4.9,1.61970309802,0.724402258917,1.95263189721
run-023,4.925,1.6370148654,0.659944030766,1.95265014746
run-023,4.95,1.65270029956,0.594344518982,1.95266736387
run-023,4.975,1.66673209135,0.527704539763,1.95268332904
run-023,5,1.67908552655,0.460130632426,1.95269783633
run-023,5.025,1.68973862297,0.391734557379,1.9527106939
run-023,5.05,1.69867225442,0.322632736546,1.95272172862
run-023,5.075,1.7058702598,0.252945641647,1.95273078963
run-023,5.1,1.7113195365,0.18279713658,1.95273775154
run-023,5.125,1.71501011663,0.112313780939,1.95274251707
run-023,5.15,1.71693522554,0.0416241024053,1.95274501919
run-023,5.175,1.71709132175,-0.0291421537612,1.95274522256
run-023,5.2,1.71547811786,-0.099854789435,1.95274312431
run-023,5.225,1.71209858228,-0.170383923645,1.95273875409
run-023,5.25,1.70695892167,-0.240600758882,1.95273217341
run-023,5.275,1.70006854433,-0.310378334741,1.95272347437
run-023,5.3,1.69144000494,-0.379592260195,1.95271277755
run-023,5.325,1.68108893132,-0.448121416138,1.95270022956
run-023,5.35,1.66903393413,-0.515848620395,1.95268599984
run-023,5.375,1.6552965003,-0.582661248013,1.95267027721
run-023,5.4,1.63990087173,-0.648451800455,1.95265326599
run-023,5.425,1.62287391028,-0.713118418132,1.95263518198
run-023,5.45,1.60424495082,-0.776565331671,1.95261624829
run-023,5.475,1.5840456437,-0.838703248308,1.95259669119
run-023,5.5,1.56230978841,-0.899449670765,1.95257673609
run-023,5.525,1.53907316016,-0.958729147044,1.95255660366
run-023,5.55,1.51437333106,-1.01647345053,1.95253650633
run-023,5.575,1.48824948763,-1.0726216908,1.95251664506
run-023,5.6,1.46074224652,-1.12712035636,1.95249720657
run-023,5.625,1.43189346982,-1.17992329158,1.95247836101
run-023,5.65,1.40174608194,-1.23099161056,1.9524602601
run-023,5.675,1.37034388929,-1.28029355159,1.95244303575
run-023,5.7,1.33773140436,-1.32780427634,1.95242679921
run-023,5.725,1.30395367547,-1.37350561835,1.9524116406
run-023,5.75,1.26905612344,-1.41738578573,1.95239762896
run-023,5.775,1.23308438618,-1.45943902346,1.95238481262
run-023,5.8,1.19608417227,-1.49966524045,1.95237321995
run-023,5.825,1.15810112416,-1.53806960695,1.95236286048
run-023,5.85,1.11918069192,-1.57466212768,1.95235372615
run-023,5.875,1.07936801778,-1.60945719602,1.95234579285
run-023,5.9,1.03870783212,-1.64247313431,1.9523390221
run-023,5.925,0.997244361061,-1.67373172534,1.95233336274
run-023,5.95,0.955021245851,-1.70325773951,1.95232875284
run-023,5.975,0.912081474086,-1.7310784621,1.95232512145
run-023,6,0.868467322746,-1.75722322454,1.95232239042
run-023,6.025,0.824220312859,-1.78172294344,1.95232047616
run-023,6.05,0.779381175574,-1.80460967048,1.9523192913
run-023,6.075,0.733989829335,-1.82591615622,1.95231874626
run-023,6.1,0.688085367763,-1.84567543022,1.9523187507
run-023,6.125,0.641706057824,-1.86392039979,1.95231921485
run-023,6.15,0.594889347773,-1.88068346914,1.95232005073
run-023,6.175,0.547671884367,-1.89599618053,1.95232117319
run-023,6.2,0.500089538747,-1.90988887873,1.95232250091
run-023,6.225,0.45217744043,-1.92239039974,1.95232395718
run-023,6.25,0.40397001876,-1.93352778466,1.95232547062
run-023,6.275,0.355501051197,-1.94332601923,1.95232697582
run-023,6.3,0.306803717798,-1.95180779963,1.95232841379
run-023,6.325,0.257910661216,-1.95899332467,1.95232973242
run-023,6.35,0.208854051565,-1.96490011479,1.9523308868
run-023,6.375,0.159665655476,-1.96954285776,1.95233183951
run-023,6.4,0.110376908676,-1.97293328135,1.9523325608
run-023,6.425,0.0610189914086,-1.97508005289,1.95233302878
run-023,6.45,0.011622906032,-1.97598870571,1.95233322951
run-023,6.475,-0.0377804438767,-1.9756615925,1.95233315707
run-023,6.5,-0.0871601735931,-1.97409786558,1.95233281359
run-023,6.525,-0.136485337156,-1.97129348397,1.95233220923
run-023,6.55,-0.185724847791,-1.96724124739,1.95233136218
run-023,6.575,-0.234847399525,-1.96193085719,1.95233029849
run-023,6.6,-0.283821390651,-1.95534900407,1.952329052
run-023,6.625,-0.332614849729,-1.94747948285,1.95232766412
run-023,6.65,-0.381195364793,-1.93830333398,1.95232618362
run-023,6.675,-0.429530016428,-1.92779901209,1.95232466629
run-023,6.7,-0.477585315397,-1.91594258111,1.95232317458
run-023,6.725,-0.525327145484,-1.90270793618,1.95232177713
run-023,6.75,-0.572720712206,-1.88806705172,1.95232054823
run-023,6.775,-0.61973049807,-1.87199025561,1.95231956711
run-023,6.8,-0.666320224987,-1.85444652868,1.95231891725
run-023,6.825,-0.712452824504,-1.83540382898,1.95231868541
run-023,6.85,-0.758090416436,-1.81482943977,1.95231896067
run-023,6.875,-0.803194296492,-1.79269034024,1.95231983324
run-023,6.9,-0.847724933448,-1.76895359736,1.95232139326
run-023,6.925,-0.89164197636,-1.7435867772,1.95232372931
run-023,6.95,-0.934904272308,-1.71655837383,1.95232692697
run-023,6.975,-0.977469895051,-1.68783825312,1.95233106715
run-023,7,-1.01929618496,-1.65739810908,1.95233622442
run-023,7.025,-1.06033980051,-1.62521192929,1.95234246517
run-023,7.05,-1.10055678143,-1.59125646628,1.95234984587
run-023,7.075,-1.13990262382,-1.55551171077,1.95235841118
run-023,7.1,-1.17833236697,-1.51796136288,1.95236819219
run-023,7.125,-1.21580069196,-1.47859329646,1.9523792047
run-023,7.15,-1.25226203179,-1.43740001214,1.95239144765
run-023,7.175,-1.28767069257,-1.39437907373,1.95240490167
run-023,7.2,-1.32198098548,-1.34953352292,1.95241952794
run-023,7.225,-1.35514736872,-1.30287226685,1.95243526723
run-023,7.25,-1.38712459882,-1.25441043302,1.95245203937
run-023,7.275,-1.41786789037,-1.20416968636,1.95246974304
run-023,7.3,-1.44733308314,-1.1521785028,1.95248825596
run-023,7.325,-1.47547681551,-1.09847239464,1.95250743557
run-023,7.35,-1.50225670287,-1.04309408257,1.95252712021
run-023,7.375,-1.52763151964,-0.986093610265,1.9525471307
run-023,7.4,-1.55156138338,-0.927528397525,1.95256727244
run-023,7.425,-1.57400793951,-0.867463228815,1.95258733804
run-023,7.45,-1.59493454482,-0.805970174691,1.95260711028
run-023,7.475,-1.61430644825,-0.743128444409,1.95262636552
run-023,7.5,-1.63209096704,-0.679024168911,1.95264487739
run-023,7.525,-1.64825765669,-0.613750114309,1.9526624208
run-023,7.55,-1.66277847276,-0.547405327002,1.95267877598
run-023,7.575,-1.67562792304,-0.480094712537,1.95269373268
run-023,7.6,-1.68678320839,-0.411928551393,1.95270709432
run-023,7.625,-1.69622435061,-0.343021955806,1.95271868187
run-023,7.65,-1.70393430618,-0.273494272779,1.95272833757
run-023,7.675,-1.70989906425,-0.203468439259,1.95273592822
run-023,7.7,-1.71410772814,-0.13307029632,1.95274134806
run-023,7.725,-1.71655257907,-0.062427869864,1.95274452096
run-023,7.75,-1.71722912163,0.00832937402781,1.95274540216
run-023,7.775,-1.71613611037,0.0790712905541,1.9527439792
run-023,7.8,-1.7132755571,0.149667825585,1.95274027218
run-023,7.825,-1.70865271909,0.219989783996,1.95273433339
run-023,7.85,-1.70227606791,0.289909587953,1.95272624607
run-023,7.875,-1.69415723969,0.359302016357,1.9527161227
run-023,7.9,-1.68431096709,0.428044916971,1.95270410251
run-023,7.925,-1.67275499384,0.496019883238,1.95269034859
run-023,7.95,-1.65950997293,0.56311288843,1.95267504444
run-023,7.975,-1.64459934942,0.629214870484,1.95265839023
run-023,8,-1.6280492294,0.694222261719,1.95264059882
run-023,8.025,-1.60988823633,0.758037458545,1.95262189159
run-023,8.05,-1.59014735647,0.820569227247,1.95260249433
run-023,8.075,-1.56885977497,0.881733042938,1.95258263309
run-023,8.1,-1.54606070433,0.941451359771,1.95256253033
run-023,8.125,-1.52178720698,0.999653811544,1.95254240125
run-023,8.15,-1.49607801375,1.05627734278,1.95252245048
run-023,8.175,-1.46897333984,1.11126627134,1.95250286921
run-023,8.2,-1.44051470018,1.16457228439,1.95248383266
run-023,8.225,-1.41074472562,1.2161543705,1.95246549814
run-023,8.25,-1.37970698166,1.26597869119,1.95244800351
run-023,8.275,-1.34744579106,1.31401839586,1.95243146615
run-023,8.3,-1.31400606186,1.36025338475,1.95241598242
run-023,8.325,-1.27943312183,1.40467002456,1.95240162752
run-023,8.35,-1.24377256064,1.44726082203,1.95238845581
run-023,8.375,-1.20707008072,1.48802406087,1.95237650145
run-023,8.4,-1.16937135759,1.52696340728,1.95236577937
run-023,8.425,-1.13072191036,1.56408748969,1.95235628654
run-023,8.45,-1.09116698311,1.59940945794,1.9523480034
run-023,8.475,-1.05075143746,1.6329465272,1.95234089551
run-023,8.5,-1.00951965675,1.6647195115,1.95233491527
run-023,8.525,-0.967515461889,1.69475235174,1.95233000372
run-023,8.55,-0.924782039162,1.72307164246,1.95232609237
run-023,8.575,-0.881361879766,1.74970616158,1.95232310501
run-023,8.6,-0.837296731083,1.77468640679,1.95232095946
run-023,8.625,-0.792627559426,1.79804414188,1.95231956931
run-023,8.65,-0.747394523989,1.81981195623,1.95231884547
run-023,8.675,-0.701636961615,1.84002283987,1.95231869768
run-023,8.7,-0.655393381995,1.85870977655,1.95231903586
run-023,8.725,-0.608701472787,1.87590535669,1.9523197714
run-023,8.75,-0.56159811416,1.89164141195,1.95232081821
run-023,8.775,-0.51411940219,1.90594867272,1.95232209374
run-023,8.8,-0.466300680525,1.91885644955,1.95232351986
run-023,8.825,-0.418176579712,1.93039233963,1.95232502356
run-023,8.85,-0.369781063543,1.94058195867,1.9523265376
run-023,8.875,-0.321147481778,1.94944869899,1.95232800107
run-023,8.9,-0.272308628594,1.95701351386,1.95232935978
run-023,8.925,-0.223296806085,1.96329472866,1.9523305667
run-023,8.95,-0.174143892161,1.96830787866,1.95233158215
run-023,8.975,-0.124881412152,1.97206557382,1.95233237413
run-024,0,1.78103448276,0,2.13945828431
run-024,0.025,1.78008950012,-0.0755620817477,2.13945690437
run-024,0.05,1.77725637867,-0.150978274964,2.13945278508
run-024,0.075,1.77254058638,-0.226103599293,2.13944598758
run-024,0.1,1.76595119871,-0.300794879634,2.1394366122
run-024,0.125,1.75750084239,-0.374911621226,2.13942479618
run-024,0.15,1.74720561765,-0.448316852259,2.13941071062
run-024,0.175,1.73508499978,-0.520877924136,2.13939455661
run-024,0.2,1.72116172144,-0.592467260259,2.13937656089
run-024,0.225,1.70546163677,-0.662963045175,2.13935697095
run-024,0.25,1.68801356918,-0.732249846953,2.13933604988
run-024,0.275,1.66884914442,-0.800219166815,2.13931407103
run-024,0.3,1.64800261084,-0.866769911302,2.13929131262
run-024,0.325,1.62551064885,-0.931808783505,2.13926805253
run-024,0.35,1.60141217166,-0.995250591189,2.13924456325
run-024,0.375,1.5757481193,-1.05701847091,2.13922110733
run-024,0.4,1.54856124812,-1.11704402843,2.13919793313
run-024,0.425,1.51989591787,-1.17526739701,2.13917527126
run-024,0.45,1.48979787827,-1.23163721593,2.13915333151
run-024,0.475,1.45831405708,-1.28611053308,2.13913230047
run-024,0.5,1.42549235161,-1.3386526357,2.13911233975
run-024,0.525,1.39138142529,-1.38923681449,2.13909358484
run-024,0.55,1.35603051089,-1.43784406691,2.13907614463
run-024,0.575,1.31948922195,-1.48446274547,2.13906010143
run-024,0.6,1.28180737362,-1.52908815784,2.13904551155
run-024,0.625,1.24303481406,-1.57172212512,2.13903240633
run-024,0.65,1.20322126736,-1.61237250514,2.13902079354
run-024,0.675,1.1624161888,-1.65105268732,2.13901065915
run-024,0.7,1.12066863299,-1.68778106577,2.13900196929
run-024,0.725,1.07802713551,-1.72258049674,2.13899467241
run-024,0.75,1.03453960816,-1.75547774642,2.13898870162
run-024,0.775,0.990253248189,-1.78650293482,2.13898397695
run-024,0.8,0.945214461416,-1.8156889808,2.13898040775
run-024,0.825,0.899468799149,-1.84307105301,2.13897789495
run-024,0.85,0.853060908766,-1.86868603116,2.13897633326
run-024,0.875,0.806034497591,-1.89257198129,2.13897561328
run-024,0.9,0.758432309701,-1.91476764852,2.13897562346
run-024,0.925,0.710296115165,-1.93531197013,2.13897625184
run-024,0.95,0.661666711195,-1.95424361151,2.13897738772
run-024,0.975,0.61258393459,-1.971600527,2.13897892311
run-024,1,0.563086684844,-1.98741954734,2.138980754
run-024,1.025,0.513212957223,-2.00173599506,2.13898278146
run-024,1.05,0.462999885092,-2.01458332893,2.13898491264
run-024,1.075,0.412483790776,-2.02599281825,2.13898706156
run-024,1.1,0.361700244179,-2.03599324743,2.13898914978
run-024,1.125,0.310684128405,-2.04461065143,2.13899110699
run-024,1.15,0.259469711608,-2.05186808213,2.13899287144
run-024,1.175,0.208090724298,-2.05778540584,2.13899439031
run-024,1.2,0.156580441316,-2.06237913193,2.13899561997
run-024,1.225,0.104971767702,-2.06566227256,2.13899652625
run-024,1.25,0.0532973276875,-2.0676442335,2.13899708452
run-024,1.275,0.00158955602666,-2.0683307359,2.13899727987
run-024,1.3,-0.0501192091073,-2.06772376903,2.1389971071
run-024,1.325,-0.101796632425,-2.06582157389,2.13899657081
run-024,1.35,-0.153410287802,-2.0626186577,2.13899568531
run-024,1.375,-0.20492756531,-2.05810583926,2.13899447464
run-024,1.4,-0.256315579765,-2.05227032528,2.13899297239
run-024,1.425,-0.307541081574,-2.04509581766,2.13899122161
run-024,1.45,-0.358570370648,-2.03656265182,2.13898927455
run-024,1.475,-0.409369214165,-2.0266479662,2.13898719244
run-024,1.5,-0.459902768958,-2.01532590281,2.13898504507
run-024,1.525,-0.510135509305,-2.00256783892,2.1389829104
run-024,1.55,-0.560031160904,-1.98834264981,2.13898087395
run-024,1.575,-0.609552641796,-1.97261700221,2.13897902818
run-024,1.6,-0.658662011015,-1.9553556782,2.13897747167
run-024,1.625,-0.707320425706,-1.93652192895,2.13897630814
run-024,1.65,-0.755488107462,-1.9160778576,2.13897564539
run-024,1.675,-0.803124318586,-1.89398483004,2.13897559399
run-024,1.7,-0.850187348965,-1.87020391258,2.13897626585
run-024,1.725,-0.896634514215,-1.84469633444,2.1389777726
run-024,1.75,-0.942422165686,-1.8174239734,2.13898022385
run-024,1.775,-0.987505712885,-1.78834986187,2.13898372518
run-024,1.8,-1.03183965878,-1.75743871057,2.1389883761
run-024,1.825,-1.07537764841,-1.7246574466,2.13899426786
run-024,1.85,-1.11807253111,-1.6899757619,2.13900148114
run-024,1.875,-1.15987643651,-1.65336666804,2.13901008371
run-024,1.9,-1.20074086451,-1.61480705243,2.13902012813
run-024,1.925,-1.24061678913,-1.57427823087,2.13903164942
run-024,1.95,-1.27945477606,-1.53176649086,2.13904466288
run-024,1.975,-1.31720511367,-1.48726361971,2.13905916215
run-024,2,-1.35381795704,-1.44076741113,2.13907511736
run-024,2.025,-1.38924348423,-1.39228214391,2.1390924738
run-024,2.05,-1.42343206424,-1.34181902595,2.13911115075
run-024,2.075,-1.45633443553,-1.28939659699,2.13913104099
run-024,2.1,-1.48790189409,-1.23504108339,2.13915201063
run-024,2.125,-1.5180864897,-1.17878669844,2.13917389965
run-024,2.15,-1.54684122901,-1.12067588215,2.13919652295
run-024,2.175,-1.5741202838,-1.06075947475,2.13921967211
run-024,2.2,-1.59987920275,-0.999096818656,2.13924311772
run-024,2.225,-1.62407512474,-0.935755784726,2.13926661239
run-024,2.25,-1.64666699198,-0.87081271896,2.13928989436
run-024,2.275,-1.66761576069,-0.804352307185,2.13931269159
run-024,2.3,-1.68688460734,-0.736467356108,2.13933472641
run-024,2.325,-1.70443912849,-0.667258490337,2.13935572047
run-024,2.35,-1.72024753186,-0.596833766217,2.13937539996
run-024,2.375,-1.7342808168,-0.525308204547,2.13939350102
run-024,2.4,-1.74651294209,-0.452803245589,2.13940977502
run-024,2.425,-1.75692097908,-0.379446131005,2.13942399383
run-024,2.45,-1.76548524864,-0.305369218623,2.13943595463
run-024,2.475,-1.77218944001,-0.230709237083,2.13944548437
run-024,2.5,-1.77702071049,-0.155606488495,2.13945244363
run-024,2.525,-1.77996976444,-0.0802040081498,2.13945672973
run-024,2.55,-1.7810309109,-0.00464669113204,2.13945827909
run-024,2.575,-1.78020209899,0.0709196037167,2.13945706864
run-024,2.6,-1.77748493071,0.146348961611,2.1394531164
run-024,2.625,-1.77288465091,0.221496320318,2.13944648104
run-024,2.65,-1.7664101147,0.296218368236,2.13943726053
run-024,2.675,-1.7580737325,0.370374421139,2.13942558995
run-024,2.7,-1.74789139364,0.443827267081,2.1394116384
run-024,2.725,-1.73588236915,0.516443969522,2.13939560524
run-024,2.75,-1.72206919516,0.588096619535,2.13937771578
run-024,2.775,-1.70647753817,0.658663028833,2.13935821639
run-024,2.8,-1.68913604372,0.728027356431,2.13933736935
run-024,2.825,-1.67007617035,0.796080662901,2.13931544752
run-024,2.85,-1.64933201058,0.862721387415,2.139292729
run-024,2.875,-1.62694010098,0.927855744026,2.1392694918
run-024,2.9,-1.60293922337,0.991398034936,2.13924600892
run-024,2.925,-1.57737019923,1.05327087978,2.13922254361
run-024,2.95,-1.55027567939,1.11340536119,2.13919934524
run-024,2.975,-1.52169993117,1.17174108798,2.1391766456
run-024,3,-1.49168862499,1.2282261786,2.13915465583
run-024,3.025,-1.46028862224,1.2828171682,2.13913356401
run-024,3.05,-1.42754776658,1.33547884362,2.1391135333
run-024,3.075,-1.39351468006,1.38618401155,2.13909470085
run-024,3.1,-1.358238566,1.43491320526,2.13907717718
run-024,3.125,-1.3217690198,1.4816543362,2.13906104621
run-024,3.15,-1.28415584919,1.52640229683,2.13904636584
run-024,3.175,-1.24544890496,1.56915852125,2.13903316889
run-024,3.2,-1.20569792313,1.60993051048,2.13902146455
run-024,3.225,-1.16495237943,1.64873132891,2.13901124006
run-024,3.25,-1.12326135668,1.68557907852,2.13900246271
run-024,3.275,-1.08067342551,1.72049635709,2.13899508198
run-024,3.3,-1.03723653883,1.75350970647,2.13898903185
run-024,3.325,-0.992997940183,1.78464905655,2.1389842331
run-024,3.35,-0.948004085999,1.81394717006,2.13898059565
run-024,3.375,-0.90230058168,1.84143909299,2.13897802089
run-024,3.4,-0.855932131349,1.86716161518,2.13897640385
run-024,3.425,-0.808942500921,1.89115274455,2.13897563534
run-024,3.45,-0.761374494122,1.91345119874,2.13897560386
run-024,3.475,-0.713269940984,1.93409591686,2.13897619745
run-024,3.5,-0.664669698279,1.95312559395,2.13897730528
run-024,3.525,-0.615613661286,1.97057824024,2.13897881916
run-024,3.55,-0.566140786266,1.98649076692,2.13898063479
run-024,3.575,-0.51628912294,2.00089859979,2.13898265291
run-024,3.6,-0.466095856277,2.01383532192,2.13898478027
run-024,3.625,-0.415597356845,2.02533234602,2.13898693044
run-024,3.65,-0.364829238976,2.03541861723,2.13898902451
run-024,3.675,-0.313826425983,2.04412034658,2.13899099165
run-024,3.7,-0.262623221647,2.05146077549,2.13899276956
run-024,3.725,-0.211253387209,2.05745997137,2.13899430488
run-024,3.75,-0.159750223079,2.06213465432,2.1389955534
run-024,3.775,-0.108146654493,2.06549805496,2.13899648037
run-024,3.8,-0.0564753203308,2.06755980333,2.13899706057
run-024,3.825,-0.00476866432635,2.06832584878,2.13899727847
run-024,3.85,0.0469409721082,2.06779841079,2.13899712831
run-024,3.875,0.0986212562133,2.06597596068,2.13899661404
run-024,3.9,0.150239770142,2.06285323421,2.13899574942
run-024,3.925,0.201763917924,2.05842127504,2.13899455787
run-024,3.95,0.253160833895,2.05266750915,2.1389930724
run-024,3.975,0.304397293382,2.04557585023,2.13899133548
run-024,4,0.355439626406,2.0371268361,2.13898939881
run-024,4.025,0.406253635187,2.02729779625,2.13898732308
run-024,4.05,0.456804516219,2.01606305052,2.13898517755
run-024,4.075,0.507056787713,2.00339413891,2.1389830397
run-024,4.1,0.556974223164,1.98926008233,2.13898099461
run-024,4.125,0.606519791829,1.97362767426,2.13897913434
run-024,4.15,0.655655606877,1.95646180272,2.1389775571
run-024,4.175,0.704342881965,1.93772580227,2.13897636634
run-024,4.2,0.75254189699,1.91738183502,2.13897566964
run-024,4.225,0.800211973716,1.89539129985,2.13897557743
run-024,4.25,0.847311461983,1.87171526837,2.13897620159
run-024,4.275,0.893797737135,1.84631494602,2.13897765383
run-024,4.3,0.939627209284,1.81915215629,2.13898004392
run-024,4.325,0.98475534495,1.79018984567,2.13898347775
run-024,4.35,1.02913670157,1.75939260632,2.13898805527
run-024,4.375,1.07272497527,1.72672721332,2.1389938683
run-024,4.4,1.11547306223,1.69216317272,2.13900099824
run-024,4.425,1.1573331339,1.65567327595,2.13900951373
run-024,4.45,1.19825672603,1.61723415612,2.13901946831
run-024,4.475,1.23819484171,1.57682684102,2.13903089815
run-024,4.5,1.27709806808,1.5344372971,2.13904381984
run-024,4.525,1.31491670656,1.49005695868,2.13905822837
run-024,4.55,1.35160091602,1.44368323611,2.13907409541
run-024,4.575,1.38710086837,1.39531999631,2.13909136776
run-024,4.6,1.42136691583,1.34497800914,2.13910996635
run-024,4.625,1.45434976883,1.29267535286,2.1391297856
run-024,4.65,1.48600068347,1.23843777203,2.13915069324
run-024,4.675,1.51627165743,1.18229898139,2.13917253083
run-024,4.7,1.54511563254,1.1243009095,2.13919511477
run-024,4.725,1.5724867029,1.06449387647,2.13921823802
run-024,4.75,1.59834032637,1.00293670052,2.13924167237
run-024,4.775,1.62263353793,0.939696728912,2.13926517145
run-024,4.8,1.64532516281,0.874849789696,2.13928847426
run-024,4.825,1.66637602741,0.808480061466,2.13931130927
run-024,4.85,1.68574916589,0.740679859576,2.13933339901
run-024,4.875,1.70341002039,0.671549338327,2.13935446502
run-024,4.9,1.7193266328,0.601196109861,2.13937423306
run-024,4.925,1.73346982588,0.529734781786,2.13939243851
run-024,4.95,1.74581337189,0.457286416836,2.13940883165
run-024,4.975,1.75633414673,0.383977919145,2.13942318293
run-024,5,1.76501226785,0.309941352948,2.13943528786
run-024,5.025,1.77183121437,0.235313200704,2.13944497143
run-024,5.05,1.77677792788,0.160233568692,2.13945209206
run-024,5.075,1.77984289281,0.0848453490887,2.13945654474
run-024,5.1,1.78102019534,0.00929334831739,2.13945826342
run-024,5.125,1.78030756022,-0.0662766079044,2.13945722253
run-024,5.15,1.77770636494,-0.141718581973,2.13945343756
run-024,5.175,1.77322163113,-0.216887433178,2.13944696471
run-024,5.2,1.76686199328,-0.291639716732,2.1394378996
run-024,5.225,1.75863964529,-0.365834562143,2.13942637509
run-024,5.25,1.74857026518,-0.43933452036,2.13941255829
run-024,5.275,1.73667291927,-0.512006369753,2.13939664685
run-024,5.3,1.72296994669,-0.583721871685,2.13937886459
run-024,5.325,1.70748682569,-0.654358467403,2.13935945674
run-024,5.35,1.69025202332,-0.723799908965,2.13933868475
run-024,5.375,1.67129683024,-0.7919368181,2.13931682101
run-024,5.4,1.65065518241,-0.858667168106,2.13929414341
run-024,5.425,1.62836347183,-0.923896685182,2.13927093015
run-024,5.45,1.60446034816,-0.987539166836,2.13924745465
run-024,5.475,1.57898651349,-1.04951671634,2.13922398091
run-024,5.5,1.55198451234,-1.1097598934,2.13920075925
run-024,5.525,1.52349851882,-1.16820778237,2.13917802264
run-024,5.55,1.49357412322,-1.22480798048,2.13915598356
run-024,5.575,1.4622581198,-1.27951650951,2.13913483156
run-024,5.6,1.42959829775,-1.33229765506,2.1391147314
run-024,5.625,1.39564323704,-1.38312373866,2.13909582182
run-024,5.65,1.36044211081,-1.43197482811,2.139078215
run-024,5.675,1.32404449564,-1.47883839228,2.13906199649
run-024,5.7,1.2865001912,-1.52370890672,2.13904722574
run-024,5.725,1.2478590503,-1.56658741678,2.1390339371
run-024,5.75,1.20817082036,-1.60748106477,2.13902214115
run-024,5.775,1.16748499706,-1.64640258804,2.13901182644
run-024,5.8,1.12585069096,-1.68336979438,2.13900296141
run-024,5.825,1.08331650734,-1.71840502102,2.13899549659
run-024,5.85,1.03993043991,-1.75153458339,2.13898936682
run-024,5.875,0.995739778175,-1.78278821915,2.13898449364
run-024,5.9,0.950791028948,-1.81219853279,2.13898078756
run-024,5.925,0.905129851535,-1.83980044566,2.13897815045
run-024,5.95,0.858801006665,-1.86563065568,2.13897647765
run-024,5.975,0.811848318751,-1.88972711076,2.13897566017
run-024,6,0.764314651127,-1.91212849923,2.13897558662
run-024,6.025,0.71624189379,-1.93287376024,2.138976145
run-024,6.05,0.667670963115,-1.95200161682,2.13897722438
run-024,6.075,0.618641812949,-1.96955013351,2.13897871635
run-024,6.1,0.56919345644,-1.98555630052,2.13898051635
run-024,6.125,0.519363997923,-2.00005564557,2.13898252478
run-024,6.15,0.469190674161,-2.01308187476,2.13898464799
run-024,6.175,0.418709904185,-2.02466654313,2.13898679911
run-024,6.2,0.367957347005,-2.03483875549,2.13898889876
run-024,6.225,0.316967966411,-2.04362489808,2.13899087558
run-024,6.25,0.265776102101,-2.05104840109,2.13899266676
run-024,6.275,0.214415546356,-2.05712953238,2.13899421836
run-024,6.3,0.162919625482,-2.06188522222,2.13899548562
run-024,6.325,0.111321285245,-2.06532891929,2.13899643318
run-024,6.35,0.0596531795176,-2.0674704776,2.13899703524
run-024,6.375,0.00794776136508,-2.0683160745,2.13899727569
run-024,6.4,-0.0437626242073,-2.06786815961,2.13899714813
run-024,6.425,-0.0954456466153,-2.06612543462,2.13899665595
run-024,6.45,-0.147068895938,-2.06308286399,2.13899581229
run-024,6.475,-0.198599789815,-2.05873171654,2.13899463998
run-024,6.5,-0.250005481765,-2.05305963791,2.13899317145
run-024,6.525,-0.30125277171,-2.04605075409,2.13899144859
run-024,6.55,-0.352308019469,-2.03768580592,2.13898952255
run-024,6.575,-0.403137062006,-2.02794231471,2.13898745344
run-024,6.6,-0.453705135205,-2.01679477902,2.13898531006
run-024,6.625,-0.503976800957,-2.0042149025,2.13898316935
run-024,6.65,-0.55391588033,-1.99017185286,2.13898111598
run-024,6.675,-0.6034853936,-1.97463255151,2.13897924157
run-024,6.7,-0.652647507906,-1.95756199377,2.13897764399
run-024,6.725,-0.701363493288,-1.93892359898,2.13897642641
run-024,6.75,-0.749593687854,-1.91867958982,2.13897569617
run-024,6.775,-0.797297472779,-1.89679139978,2.13897556358
run-024,6.8,-0.844433257843,-1.87322010752,2.13897614047
run-024,6.825,-0.890958478155,-1.84792689651,2.13897753861
run-024,6.85,-0.936829602669,-1.8208735379,2.13897986793
run-024,6.875,-0.98200215505,-1.79202289421,2.13898323464
run-024,6.9,-1.02643074738,-1.76133944105,2.13898773911
run-024,6.925,-1.0700691271,-1.72878980363,2.13899347373
run-024,6.95,-1.11287023756,-1.69434330413,2.13900052059
run-024,6.975,-1.15478629231,-1.65797251595,2.13900894918
run-024,7,-1.19576886336,-1.61965382004,2.13901881407
run-024,7.025,-1.23576898331,-1.5793679582,2.13903015253
run-024,7.05,-1.27473726127,-1.53710057783,2.13904298242
run-024,7.075,-1.3126240122,-1.4928427622,2.13905730012
run-024,7.1,-1.34937939938,-1.44659154012,2.13907307877
run-024,7.125,-1.38495358921,-1.39835036832,2.13909026674
run-024,7.15,-1.41929691779,-1.34812958015,2.13910878658
run-024,7.175,-1.45236006822,-1.29594679374,2.13912853432
run-024,7.2,-1.48409425748,-1.24182727302,2.13914937936
run-024,7.225,-1.51445143187,-1.18580423508,2.13917116483
run-024,7.25,-1.54338446924,-1.12791909773,2.13919370864
run-024,7.275,-1.57084738675,-1.06822166136,2.13921680511
run-024,7.3,-1.5967955523,-1.00677022008,2.13924022728
run-024,7.325,-1.62118589776,-0.943631597406,2.13926372978
run-024,7.35,-1.64397713217,-0.878881102937,2.1392870524
run-024,7.375,-1.6651299529,-0.812602407223,2.13930992413
run-024,7.4,-1.68460725253,-0.744887333144,2.13933206774
run-024,7.425,-1.70237431956,-0.675835563251,2.13935320466
run-024,7.45,-1.7183990307,-0.605554263736,2.13937306026
run-024,7.475,-1.73265203275,-0.53415762697,2.13939136915
run-024,7.5,-1.74510691205,-0.461766335839,2.13940788055
run-024,7.525,-1.75574034954,-0.388506954372,2.13942236354
run-024,7.55,-1.76453225976,-0.314511250406,2.13943461193
run-024,7.575,-1.77146591206,-0.239915457213,2.1394444488
run-024,7.6,-1.77652803263,-0.164859482071,2.1394517304
run-024,7.625,-1.77970888616,-0.0894860707439,2.13945634941
run-024,7.65,-1.78100233616,-0.0139399376102,2.13945823732
run-024,7.675,-1.78040588304,0.0616331281701,2.13945736605
run-024,7.7,-1.77792067975,0.137087169614,2.13945374856
run-024,7.725,-1.77355152456,0.212276970932,2.13944743858
run-024,7.75,-1.76730683121,0.287058957477,2.13943852936
run-024,7.775,-1.75919857669,0.361292075693,2.13942715156
run-024,7.8,-1.74924222742,0.434838642477,2.13941347027
run-024,7.825,-1.73745664457,0.507565153961,2.13939768138
run-024,7.85,-1.72386396972,0.579343044439,2.13938000725
run-024,7.875,-1.70848949234,0.650049387076,2.13936069193
run-024,7.9,-1.69136150037,0.719567529088,2.13933999603
run-024,7.925,-1.67251111589,0.78778765518,2.13931819141
run-024,7.95,-1.65197211761,0.854607274299,2.1392955558
run-024,7.975,-1.62978075217,0.919931625989,2.13927236751
run-024,8,-1.60597553631,0.983674003952,2.1392489004
run-024,8.025,-1.58059705198,1.04575599566,2.13922541917
run-024,8.05,-1.55368773653,1.10610763816,2.1392021751
run-024,8.075,-1.52529167007,1.16466749129,2.13917940231
run-024,8.1,-1.49545436196,1.22138263075,2.13915731464
run-024,8.125,-1.46422253853,1.27620856431,2.1391361031
run-024,8.15,-1.43164393375,1.32910907548,2.139115934
run-024,8.175,-1.39776708476,1.38005599953,2.13909694773
run-024,8.2,-1.36264113377,1.42902893749,2.13907925808
run-024,8.225,-1.32631563788,1.47601491413,2.13906295224
run-024,8.25,-1.28884038807,1.5210079865,2.13904809125
run-024,8.275,-1.25026523856,1.56400880935,2.13903471096
run-024,8.3,-1.2106399476,1.6050241644,2.13902282336
run-024,8.325,-1.17001403034,1.64406645998,2.1390124183
run-024,8.35,-1.1284366246,1.68115320763,2.13900346541
run-024,8.375,-1.08595636996,1.71630648198,2.13899591624
run-024,8.4,-1.0426213005,1.7495523699,2.13898970654
run-024,8.425,-0.998478751462,1.78092041473,2.13898475859
run-024,8.45,-0.953575279764,1.81044306065,2.13898098352
run-024,8.475,-0.907956598429,1.83815510229,2.13897828365
run-024,8.5,-0.86166752465,1.86409314372,2.13897655468
run-024,8.525,-0.814751941243,1.88829507089,2.13897568783
run-024,8.55,-0.767252771105,1.91079954093,2.13897557177
run-024,8.575,-0.719211964197,1.93164549131,2.13897609452
run-024,8.6,-0.67067049654,1.95087167136,2.13897714503
run-024,8.625,-0.621668380629,1.96851619838,2.1389786147
run-024,8.65,-0.572244686621,1.98461614009,2.13898039869
run-024,8.675,-0.522437573624,1.9992071248,2.13898239707
run-024,8.7,-0.47228433038,2.01232298041,2.13898451581
run-024,8.725,-0.421821424604,2.02399540312,2.13898666758
run-024,8.75,-0.371084560225,2.03425365643,2.13898877254
run-024,8.775,-0.320108741782,2.04312430088,2.13899075881
run-024,8.8,-0.268928345181,2.05063095464,2.13899256306
run-024,8.825,-0.21757719405,2.05679408536,2.13899413077
run-024,8.85,-0.166088640913,2.06163083296,2.13899541662
run-024,8.875,-0.114495652402,2.06515486372,2.13899638468
run-024,8.9,-0.0628308977268,2.06737625533,2.13899700854
run-024,8.925,-0.0111268396354,2.06830141294,2.1389972715
run-024,8.95,0.0405841729201,2.06793301624,2.13899716657
run-024,8.975,0.0922698111764,2.06626999732,2.13899669653
run-025,0,1.84482758621,0,2.33876246278
run-025,0.025,1.84381941933,-0.0806124564969,2.33876081471
run-025,0.05,1.84079696338,-0.161061605631,2.33875589628
run-025,0.075,1.83576633905,-0.241185209343,2.33874778419
run-025,0.1,1.82873770291,-0.320823154533,2.33873660425
run-025,0.125,1.81972518132,-0.399818481688,2.33872252838
run-025,0.15,1.80874677883,-0.478018373625,2.33870577052
run-025,0.175,1.79582426264,-0.555275092275,2.33868658172
run-025,0.2,1.78098302422,-0.631446852395,2.33866524433
run-025,0.225,1.76425192002,-0.706398622338,2.33864206578
run-025,0.25,1.7456630931,-0.780002843298,2.33861737176
run-025,0.275,1.72525177785,-0.852140059966,2.33859149944
run-025,0.3,1.7030560901,-0.922699457078,2.33856479055
run-025,0.325,1.679116805,-0.991579297953,2.33853758469
run-025,0.35,1.6534771252,-1.05868726272,2.33851021308
run-025,0.375,1.62618244186,-1.12394068556,2.33848299272
run-025,0.4,1.59728009093,-1.18726669174,2.33845622129
run-025,0.425,1.56681910728,-1.24860223674,2.33843017273
run-025,0.45,1.53484997909,-1.30789405106,2.33840509362
run-025,0.475,1.50142440472,-1.36509849532,2.33838120045
run-025,0.5,1.46659505432,-1.42018133152,2.33835867765
run-025,0.525,1.43041533815,-1.47311741697,2.33833767651
run-025,0.55,1.39293918347,-1.52389032816,2.33831831485
run-025,0.575,1.35422082174,-1.57249192225,2.33830067742
run-025,0.6,1.31431458736,-1.61892184426,2.33828481691
run-025,0.625,1.27327472953,-1.66318698821,2.33827075557
run-025,0.65,1.23115523795,-1.70530092026,2.33825848727
run-025,0.675,1.18800968351,-1.74528327219,2.33824797989
run-025,0.7,1.14389107434,-1.78315911275,2.33823917805
run-025,0.725,1.09885172788,-1.81895830461,2.33823200595
run-025,0.75,1.05294315911,-1.85271485376,2.33822637039
run-025,0.775,1.00621598519,-1.88446625809,2.33822216373
run-025,0.8,0.958719846207,-1.914252861,2.33821926685
run-025,0.825,0.910503342137,-1.94211721546,2.33821755201
run-025,0.85,0.861613985434,-1.9681034635,2.33821688558
run-025,0.875,0.812098168962,-1.9922567352,2.3382171305
run-025,0.9,0.762001148674,-2.01462257089,2.33821814867
run-025,0.925,0.711367040418,-2.03524636974,2.33821980303
run-025,0.95,0.660238830187,-2.0541728672,2.33822195942
run-025,0.975,0.608658397058,-2.07144564345,2.33822448824
run-025,1,0.556666548015,-2.08710666451,2.3382272659
run-025,1.025,0.504303063832,-2.10119585725,2.338230176
run-025,1.05,0.451606755152,-2.11375071929,2.3382331104
run-025,1.075,0.398615527868,-2.12480596427,2.33823597004
run-025,1.1,0.345366456938,-2.13439320309,2.33823866563
run-025,1.125,0.291895867713,-2.14254066112,2.33824111823
run-025,1.15,0.238239423882,-2.14927293153,2.33824325967
run-025,1.175,0.184432221137,-2.15461076473,2.33824503287
run-025,1.2,0.130508885646,-2.15857089369,2.33824639212
run-025,1.225,0.0765036764523,-2.16116589504,2.33824730324
run-025,1.25,0.0224505908938,-2.16240408584,2.33824774373
run-025,1.275,-0.0316165278399,-2.16228945584,2.33824770279
run-025,1.3,-0.0856638818982,-2.16082163508,2.33824718144
run-025,1.325,-0.139657609594,-2.15799589694,2.33824619243
run-025,1.35,-0.193563676745,-2.15380319646,2.33824476028
run-025,1.375,-0.247347769417,-2.1482302441,2.33824292111
run-025,1.4,-0.30097518895,-2.14125961503,2.3382407226
run-025,1.425,-0.354410750169,-2.13286989408,2.3382382237
run-025,1.45,-0.407618683654,-2.12303585646,2.33823549445
run-025,1.475,-0.460562542992,-2.11172868447,2.33823261558
run-025,1.5,-0.513205117878,-2.09891622029,2.33822967806
run-025,1.525,-0.565508354006,-2.08456325485,2.33822678256
run-025,1.55,-0.617433280621,-2.06863185275,2.33822403869
run-025,1.575,-0.668939946644,-2.05108171297,2.33822156412
run-025,1.6,-0.719987366269,-2.03187056496,2.33821948358
run-025,1.625,-0.770533474892,-2.01095459947,2.33821792753
run-025,1.65,-0.820535096242,-1.98828893304,2.33821703075
run-025,1.675,-0.869947921544,-1.96382810497,2.33821693062
run-025,1.7,-0.918726501491,-1.93752660489,2.33821776522
run-025,1.725,-0.966824251789,-1.9093394289,2.33821967117
run-025,1.75,-1.01419347294,-1.87922266146,2.33822278132
run-025,1.775,-1.06078538486,-1.84713408004,2.33822722213
run-025,1.8,-1.10655017694,-1.81303377857,2.33823311097
run-025,1.825,-1.15143707379,-1.77688480543,2.33824055325
run-025,1.85,-1.19539441721,-1.73865381117,2.33824963943
run-025,1.875,-1.23836976435,-1.69831170019,2.33826044205
run-025,1.9,-1.28031000222,-1.65583428054,2.33827301276
run-025,1.925,-1.32116147838,-1.61120290507,2.33828737944
run-025,1.95,-1.36087014747,-1.56440509678,2.33830354359
run-025,1.975,-1.39938173321,-1.51543515098,2.33832147792
run-025,2,-1.43664190502,-1.4642947062,2.33834112439
run-025,2.025,-1.47259646852,-1.41099327586,2.33836239272
run-025,2.05,-1.50719156881,-1.35554873245,2.33838515942
run-025,2.075,-1.54037390515,-1.297987736,2.33840926753
run-025,2.1,-1.57209095561,-1.23834609887,2.33843452709
run-025,2.125,-1.60229121009,-1.17666907924,2.33846071636
run-025,2.15,-1.63092440958,-1.11301159604,2.33848758388
run-025,2.175,-1.65794178989,-1.04743835901,2.33851485143
run-025,2.2,-1.68329632753,-0.980023908261,2.33854221771
run-025,2.225,-1.70694298531,-0.910852558702,2.33856936294
run-025,2.25,-1.72883895546,-0.840018246178,2.33859595405
run-025,2.275,-1.74894389761,-0.76762427311,2.33862165062
run-025,2.3,-1.76722016912,-0.693782953172,2.33864611121
run-025,2.325,-1.78363304527,-0.618615155932,2.33866900014
run-025,2.35,-1.79815092691,-0.542249754028,2.33868999429
run-025,2.375,-1.81074553297,-0.464822977061,2.33870879005
run-025,2.4,-1.82139207577,-0.386477677989,2.33872510994
run-025,2.425,-1.83006941687,-0.307362519353,2.33873870881
run-025,2.45,-1.83676020174,-0.227631088132,2.33874937951
run-025,2.475,-1.84145097128,-0.147440949346,2.33875695769
run-025,2.5,-1.8441322492,-0.0669526496752,2.3387613257
run-025,2.525,-1.84479860376,0.0136713166748,2.33876241535
run-025,2.55,-1.84344868337,0.0942675668928,2.3387602096
run-025,2.575,-1.84008522542,0.174672899831,2.33875474295
run-025,2.6,-1.83471503838,0.254725363951,2.33874610058
run-025,2.625,-1.82734895722,0.334265309327,2.33873441636
run-025,2.65,-1.81800177291,0.413136410402,2.33871986964
run-025,2.675,-1.8066921367,0.491186646744,2.33870268104
run-025,2.7,-1.79344244057,0.568269229885,2.33868310733
run-025,2.725,-1.77827867521,0.644243465339,2.33866143557
run-025,2.75,-1.76123026731,0.718975540102,2.33863797675
run-025,2.775,-1.7423298982,0.792339227338,2.33861305902
run-025,2.8,-1.72161330594,0.864216501428,2.3385870208
run-025,2.825,-1.69911907313,0.934498058129,2.33856020389
run-025,2.85,-1.67488840303,1.00308373622,2.33853294694
run-025,2.875,-1.64896488632,1.06988283863,2.33850557912
run-025,2.9,-1.6213942611,1.13481435256,2.33847841452
run-025,2.925,-1.59222416869,1.19780706976,2.33845174707
run-025,2.95,-1.56150390761,1.25879960935,2.3384258463
run-025,2.975,-1.52928418822,1.31774034708,2.33840095388
run-025,3,-1.49561689026,1.37458725575,2.33837728095
run-025,3.025,-1.46055482544,1.42930766294,2.3383550064
run-025,3.05,-1.42415150711,1.48187793247,2.33833427583
run-025,3.075,-1.38646092881,1.53228307717,2.33831520143
run-025,3.1,-1.34753735325,1.5805163106,2.33829786239
run-025,3.125,-1.30743511328,1.62657854584,2.33828230615
run-025,3.15,-1.26620842596,1.67047784959,2.33826854998
run-025,3.175,-1.2239112208,1.7122288598,2.33825658316
run-025,3.2,-1.18059698297,1.75185217472,2.33824636943
run-025,3.225,-1.13631861207,1.78937372144,2.33823784974
run-025,3.25,-1.0911282969,1.82482411096,2.33823094514
run-025,3.275,-1.04507740652,1.85823798709,2.33822555976
run-025,3.3,-0.998216397546,1.88965337542,2.33822158381
run-025,3.325,-0.950594737748,1.91911103834,2.33821889651
run-025,3.35,-0.902260845629,1.94665384143,2.33821736896
run-025,3.375,-0.853262045677,1.97232613596,2.33821686673
run-025,3.4,-0.803644538831,1.99617316152,2.33821725247
run-025,3.425,-0.753453387601,2.0182404726,2.33821838809
run-025,3.45,-0.702732515201,2.03857339178,2.3382201369
run-025,3.475,-0.651524718012,2.05721649239,2.3382223654
run-025,3.5,-0.599871690582,2.07421311232,2.33822494493
run-025,3.525,-0.547814062396,2.08960490086,2.33822775302
run-025,3.55,-0.495391445539,2.10343139953,2.33823067462
run-025,3.575,-0.442642492419,2.11572965793,2.33823360306
run-025,3.6,-0.389604962642,2.12653388516,2.33823644089
run-025,3.625,-0.336315798161,2.13587513703,2.33823910055
run-025,3.65,-0.282811205791,2.1437810395,2.3382415049
run-025,3.675,-0.229126746187,2.15027554809,2.33824358761
run-025,3.7,-0.175297428387,2.15537874341,2.33824529354
run-025,3.725,-0.121357809016,2.15910666257,2.3382465789
run-025,3.75,-0.0673420952578,2.16147116635,2.3382474115
run-025,3.775,-0.0132842506985,2.16247984195,2.3382477708
run-025,3.8,0.0407818968398,2.1621359413,2.33824764802
run-025,3.825,0.0948225463664,2.16043835464,2.33824704616
run-025,3.85,0.148803814572,2.15738161956,2.33824597998
run-025,3.875,0.202691627344,2.15295596532,2.33824447596
run-025,3.9,0.256451612838,2.14714739262,2.3382425722
run-025,3.925,0.310048996976,2.13993778895,2.3382403183
run-025,3.95,0.363448502285,2.13130507953,2.33823777512
run-025,3.975,0.416614250952,2.12122341421,2.33823501454
run-025,4,0.469509672996,2.10966339023,2.33823211904
run-025,4.025,0.522097420464,2.09659231115,2.33822918131
run-025,4.05,0.574339288553,2.0819744818,2.33822630357
run-025,4.075,0.626196144554,2.06577153937,2.33822359686
run-025,4.1,0.677627865522,2.04794282007,2.33822118014
run-025,4.125,0.728593285557,2.02844576122,2.3382191792
run-025,4.15,0.779050153583,2.00723633785,2.33821772534
run-025,4.175,0.82895510245,1.98426953278,2.3382169539
run-025,4.2,0.878263630222,1.95949983894,2.33821700253
run-025,4.225,0.926930094397,1.93288179193,2.33821800922
run-025,4.25,0.974907719818,1.90437053073,2.33822011012
run-025,4.275,1.02214862093,1.87392238371,2.33822343718
run-025,4.3,1.068603839,1.84149547671,2.33822811551
run-025,4.325,1.11422339477,1.8070503593,2.33823426067
run-025,4.35,1.15895635697,1.7705506448,2.33824197574
run-025,4.375,1.20275092701,1.73196365903,2.33825134835
run-025,4.4,1.24555453992,1.69126109216,2.33826244771
run-025,4.425,1.28731398162,1.64841964749,2.33827532163
run-025,4.45,1.32797552229,1.60342168046,2.33828999371
run-025,4.475,1.36748506564,1.55625582059,2.33830646071
run-025,4.5,1.40578831332,1.50691756894,2.33832469026
run-025,4.525,1.44283094409,1.45540986288,2.33834461896
run-025,4.55,1.47855880647,1.40174360037,2.33836615093
run-025,4.575,1.5129181241,1.34593811519,2.33838915702
run-025,4.6,1.54585571223,1.2880215952,2.33841347461
run-025,4.625,1.57731920387,1.22803143562,2.33843890824
run-025,4.65,1.60725728401,1.16601451959,2.33846523098
run-025,4.675,1.63561992984,1.10202741922,2.33849218659
run-025,4.7,1.66235865497,1.03613651064,2.33851949266
run-025,4.725,1.68742675538,0.968417997716,2.33854684441
run-025,4.75,1.71077955486,0.898957840057,2.33857391942
run-025,4.775,1.73237464738,0.827851582163,2.33860038295
run-025,4.8,1.75217213396,0.755204081981,2.33862589393
run-025,4.825,1.77013485148,0.6811291385,2.33865011145
run-025,4.85,1.78622859089,0.605749019646,2.33867270143
run-025,4.875,1.80042230246,0.529193893306,2.33869334361
run-025,4.9,1.81268828555,0.451601165932,2.33871173834
run-025,4.925,1.82300236076,0.373114734788,2.3387276132
run-025,4.95,1.83134402229,0.293884161416,2.3387407291
run-025,4.975,1.83769656883,0.214063775368,2.33875088583
run-025,5,1.84204721106,0.133811718502,2.33875792673
run-025,5.025,1.84438715475,0.0532889413233,2.33876174234
run-025,5.05,1.84471165813,-0.0273418362831,2.33876227308
run-025,5.075,1.84302006294,-0.107917186852,2.33875951065
run-025,5.1,1.83931579879,-0.18827404618,2.33875349823
run-025,5.125,1.83360636063,-0.268250779515,2.33874432943
run-025,5.15,1.82590325981,-0.347688229537,2.3387321461
run-025,5.175,1.81622194915,-0.426430732858,2.33871713489
run-025,5.2,1.80458172317,-0.504327092463,2.33869952294
run-025,5.225,1.79100559453,-0.581231494289,2.33867957258
run-025,5.25,1.77552014845,-0.657004357255,2.3386575754
run-025,5.275,1.75815537667,-0.731513107274,2.33863384577
run-025,5.3,1.73894449309,-0.804632867171,2.33860871407
run-025,5.325,1.71792373331,-0.876247055977,2.33858251977
run-025,5.35,1.69513214029,-0.946247892592,2.33855560461
run-025,5.375,1.67061133868,-1.01453680049,2.33852830604
run-025,5.4,1.64440530026,-1.08102471172,2.33850095106
run-025,5.425,1.61656010309,-1.14563226995,2.33847385067
run-025,5.45,1.58712368677,-1.20828993406,2.33844729495
run-025,5.475,1.55614560639,-1.26893798479,2.33842154893
run-025,5.5,1.52367678753,-1.3275264385,2.33839684926
run-025,5.525,1.48976928447,-1.38401487323,2.33837340172
run-025,5.55,1.45447604387,-1.43837217294,2.3383513796
run-025,5.575,1.41785067582,-1.49057619681,2.33833092284
run-025,5.6,1.37994723403,-1.54061338114,2.33831213795
run-025,5.625,1.34082000676,-1.58847828142,2.33829509868
run-025,5.65,1.30052331995,-1.6341730631,2.3382798472
run-025,5.675,1.25911135361,-1.67770694883,2.33826639588
run-025,5.7,1.21663797251,-1.71909563071,2.33825472948
run-025,5.725,1.17315657207,-1.75836065536,2.3382448077
run-025,5.75,1.12871993975,-1.7955287896,2.33823656789
run-025,5.775,1.08338013259,-1.83063137407,2.33822992802
run-025,5.8,1.03718837104,-1.86370367165,2.33822478966
run-025,5.825,0.990194949008,-1.89478421707,2.33822104094
run-025,5.85,0.942449160188,-1.92391417352,2.33821855953
run-025,5.875,0.893999240332,-1.95113670143,2.33821721538
run-025,5.9,0.844892325116,-1.97649634409,2.33821687341
run-025,5.925,0.795174423128,-2.00003843417,2.33821739599
run-025,5.95,0.744890403408,-2.02180852454,2.33821864513
run-025,5.975,0.694083996901,-2.04185184635,2.33822048455
run-025,6,0.64279781109,-2.06021279682,2.33822278147
run-025,6.025,0.59107335706,-2.07693445853,2.33822540817
run-025,6.05,0.538951088164,-2.09205815198,2.33822824339
run-025,6.075,0.486470449461,-2.1056230223,2.33823117341
run-025,6.1,0.433669937049,-2.11766566107,2.33823409309
run-025,6.125,0.380587166408,-2.12821976382,2.3382369066
run-025,6.15,0.327258948858,-2.13731582335,2.33823952811
run-025,6.175,0.27372137524,-2.14498085929,2.33824188229
run-025,6.2,0.220009905894,-2.15123818363,2.3382439047
run-025,6.225,0.166159466059,-2.15610720233,2.33824554209
run-025,6.25,0.112204545777,-2.15960325284,2.33824675264
run-025,6.275,0.0581793034164,-2.16173747727,2.33824750612
run-025,6.3,0.00411767191373,-2.1625167312,2.33824778398
run-025,6.325,-0.0499465331435,-2.16194352798,2.33824757945
run-025,6.35,-0.103979504485,-2.16001601831,2.33824689751
run-025,6.375,-0.157947334059,-2.15672800527,2.33824575491
run-025,6.4,-0.211815904748,-2.15206899462,2.33824418012
run-025,6.425,-0.26555078379,-2.14602428063,2.3382422132
run-025,6.45,-0.31911711878,-2.13857506741,2.33823990567
run-025,6.475,-0.37247953716,-2.12969862601,2.33823732027
run-025,6.5,-0.42560205008,-2.11936848727,2.33823453072
run-025,6.525,-0.478447961524,-2.10755467082,2.33823162127
run-025,6.55,-0.530979783621,-2.09422395006,2.33822868626
run-025,6.575,-0.583159159027,-2.0793401533,2.33822582947
run-025,6.6,-0.634946791286,-2.0628645008,2.33822316334
run-025,6.625,-0.686302384067,-2.04475597759,2.33822080809
run-025,6.65,-0.737184590165,-2.0249717414,2.33821889053
run-025,6.675,-0.787550971137,-2.00346756506,2.33821754275
run-025,6.7,-0.837357968418,-1.9801983121,2.33821690062
run-025,6.725,-0.886560886742,-1.95511844441,2.33821710199
run-025,6.75,-0.935113890638,-1.92818255966,2.33821828468
run-025,6.775,-0.982970014725,-1.89934595658,2.33822058433
run-025,6.8,-1.03008118847,-1.86856522493,2.3382241319
run-025,6.825,-1.07639827597,-1.83579885694,2.33822905108
run-025,6.85,-1.12187113131,-1.80100787623,2.33823545553
run-025,6.875,-1.16644866978,-1.7641564797,2.33824344591
run-025,6.9,-1.2100789553,-1.72521268721,2.33825310695
run-025,6.925,-1.25270930414,-1.68414899334,2.33826450443
run-025,6.95,-1.29428640497,-1.64094301504,2.33827768225
run-025,6.975,-1.3347564549,-1.59557812823,2.33829265963
run-025,7,-1.37406531138,-1.54804408616,2.33830942856
run-025,7.025,-1.4121586592,-1.49833761186,2.33832795153
run-025,7.05,-1.44898219197,-1.44646295666,2.3383481597
run-025,7.075,-1.48448180704,-1.39243241671,2.3383699516
run-025,7.1,-1.51860381281,-1.33626679913,2.33839319239
run-025,7.125,-1.55129514699,-1.27799582981,2.33841771384
run-025,7.15,-1.5825036043,-1.21765849486,2.33844331502
run-025,7.175,-1.61217807174,-1.15530330821,2.33846976385
run-025,7.2,-1.64026876971,-1.09098849845,2.33849679943
run-025,7.225,-1.66672749666,-1.02478210881,2.33852413524
run-025,7.25,-1.69150787515,-0.956762004849,2.33855146318
run-025,7.275,-1.7145655969,-0.887015785951,2.33857845834
run-025,7.3,-1.73585866445,-0.81564059748,2.33860478446
run-025,7.325,-1.75534762678,-0.742742842201,2.33863010006
run-025,7.35,-1.77299580656,-0.668437790841,2.33865406487
run-025,7.375,-1.78876951632,-0.592849093322,2.33867634669
run-025,7.4,-1.80263826122,-0.516108193754,2.33869662828
run-025,7.425,-1.81457492601,-0.438353653929,2.33871461413
run-025,7.45,-1.82455594392,-0.359730391639,2.33873003706
run-025,7.475,-1.83256144559,-0.280388841645,2.33874266423
run-025,7.5,-1.838575386,-0.20048404857,2.33875230249
run-025,7.525,-1.84258564802,-0.120174702237,2.33875880294
run-025,7.55,-1.84458412111,-0.0396221270725,2.33876206444
run-025,7.575,-1.84456675437,0.0410107619088,2.33876203603
run-025,7.6,-1.84253358302,0.1215605234,2.33875871816
run-025,7.625,-1.8384887282,0.201864260816,2.33875216267
run-025,7.65,-1.83244036998,0.28176068635,2.33874247154
run-025,7.675,-1.82440069388,0.361091164527,2.33872979446
run-025,7.7,-1.81438581175,0.439700722112,2.3387143253
run-025,7.725,-1.80241565778,0.517439011874,2.33869629755
run-025,7.75,-1.78851386116,0.59416121861,2.33867597895
run-025,7.775,-1.77270759685,0.669728896913,2.33865366539
run-025,7.8,-1.75502741631,0.744010731454,2.33862967447
run-025,7.825,-1.73550706027,0.81688321196,2.33860433858
run-025,7.85,-1.71418325571,0.888231216593,2.33857799804
run-025,7.875,-1.69109549944,0.957948499037,2.33855099434
run-025,7.9,-1.66628583076,1.0259380762,2.33852366355
run-025,7.925,-1.63979859563,1.09211251506,2.33849633036
run-025,7.95,-1.61168020501,1.15639411877,2.33846930253
run-025,7.975,-1.5819788897,1.2187150135,2.33844286617
run-025,8,-1.55074445433,1.27901713908,2.33841728171
run-025,8.025,-1.51802803274,1.33725214752,2.33839278071
run-025,8.05,-1.48388184696,1.39338121472,2.33836956354
run-025,8.075,-1.44835897201,1.44737477148,2.33834779788
run-025,8.1,-1.41151310838,1.49921216091,2.33832761797
run-025,8.125,-1.37339836396,1.54888122955,2.33830912473
run-025,8.15,-1.33406904691,1.59637786023,2.33829238643
run-025,8.175,-1.29357947095,1.6417054548,2.33827744006
run-025,8.2,-1.25198377416,1.68487437498,2.33826429314
run-025,8.225,-1.2093357522,1.72590134932,2.33825292601
run-025,8.25,-1.1656887067,1.76480885455,2.33824329436
run-025,8.275,-1.12109530947,1.80162447866,2.33823533206
run-025,8.3,-1.07560748277,1.83638027315,2.33822895409
run-025,8.325,-1.02927629581,1.86911210128,2.33822405952
run-025,8.35,-0.982151877702,1.89985898842,2.33822053452
run-025,8.375,-0.934283346394,1.92866248039,2.33821825524
run-025,8.4,-0.885718753683,1.95556601479,2.33821709061
run-025,8.425,-0.836505045654,1.98061430991,2.33821690494
run-025,8.45,-0.786688038187,2.00385277509,2.33821756039
run-025,8.475,-0.7363124069,2.02532694602,2.33821891912
run-025,8.5,-0.685421690886,2.04508194769,2.33822084533
run-025,8.525,-0.634058309515,2.06316198737,2.33822320699
run-025,8.55,-0.582263591518,2.0796098795,2.33822587739
run-025,8.575,-0.530077815541,2.09446660389,2.33822873646
run-025,8.6,-0.477540261323,2.1077708984,2.33823167189
run-025,8.625,-0.42468927062,2.11955888677,2.33823458004
run-025,8.65,-0.371562316985,2.12986374212,2.33823736676
run-025,8.675,-0.318196083514,2.13871538648,2.33823994796
run-025,8.7,-0.264626547661,2.14614022641,2.33824225013
run-025,8.725,-0.210889072194,2.15216092466,2.3382442107
run-025,8.75,-0.157018501428,2.15679620788,2.33824577835
run-025,8.775,-0.1030492618,2.16006071021,2.33824691322
run-025,8.8,-0.0490154659173,2.16196485246,2.33824758704
run-025,8.825,0.00504898082324,2.16251475701,2.33824778328
run-025,8.85,0.0591102719331,2.16171219803,2.33824749713
run-025,8.875,0.113134590725,2.15955458712,2.33824673559
run-025,8.9,0.167088001289,2.15603499428,2.3382455174
run-025,8.925,0.220936340439,2.15114220425,2.33824387299
run-025,8.95,0.274645111501,2.14486080835,2.33824184438
run-025,8.975,0.328179380856,2.13717133185,2.33823948502
run-026,0,1.90862068966,0,2.55127921786
run-026,0.025,1.90754624163,-0.0859101387483,2.55127725494
run-026,0.05,1.90432518272,-0.171637779513,2.5512713984
run-026,0.075,1.89896435266,-0.25700167956,2.55126174413
run-026,0.1,1.89147509874,-0.341823089933,2.55124844927
run-026,0.125,1.88187319816,-0.425926960884,2.55123172829
run-026,0.15,1.8701787507,-0.509143098493,2.55121184773
run-026,0.175,1.85641604323,-0.591307257772,2.55118911969
run-026,0.2,1.84061338781,-0.672262158787,2.5511638944
run-026,0.225,1.82280293529,-0.751858413874,2.55113655208
run-026,0.25,1.80302046711,-0.829955355725,2.55110749425
run-026,0.275,1.78130516751,-0.906421757985,2.55107713497
run-026,0.3,1.75769937921,-0.981136442,2.55104589202
run-026,0.325,1.73224834541,-1.05398876533,2.55101417852
run-026,0.35,1.70499994095,-1.12487898975,2.55098239499
run-026,0.375,1.67600439592,-1.19371852827,2.55095092219
run-026,0.4,1.64531401453,-1.26043007287,2.55092011482
run-026,0.425,1.61298289228,-1.32494760605,2.55089029621
run-026,0.45,1.57906663423,-1.38721630117,2.55086175412
run-026,0.475,1.54362207722,-1.44719231776,2.55083473758
run-026,0.5,1.50670701834,-1.50484249928,2.55080945487
run-026,0.525,1.46837995225,-1.56014398174,2.55078607254
run-026,0.55,1.42869981926,-1.61308372226,2.55076471541
run-026,0.575,1.38772576614,-1.6636579573,2.55074546748
run-026,0.6,1.34551692139,-1.71187160049,2.5507283736
run-026,0.625,1.30213218612,-1.75773759007,2.55071344188
run-026,0.65,1.25763004189,-1.80127619606,2.55070064652
run-026,0.675,1.21206837631,-1.84251429668,2.55068993114
run-026,0.7,1.16550432705,-1.88148463355,2.55068121239
run-026,0.725,1.11799414464,-1.91822505444,2.55067438368
run-026,0.75,1.06959307433,-1.95277775177,2.550669319
run-026,0.775,1.02035525705,-1.98518850437,2.55066587674
run-026,0.8,0.970333649113,-2.01550592961,2.55066390332
run-026,0.825,0.919579960568,-2.04378075158,2.55066323675
run-026,0.85,0.868144611534,-2.07006509113,2.55066370985
run-026,0.875,0.816076706012,-2.09441178198,2.5506651533
run-026,0.9,0.763424022435,-2.11687371713,2.55066739835
run-026,0.925,0.710233020155,-2.13750322859,2.55067027927
run-026,0.95,0.656548861005,-2.15635150314,2.55067363543
run-026,0.975,0.602415444998,-2.17346803614,2.55067731318
run-026,1,0.547875459198,-2.18890012488,2.55068116741
run-026,1.025,0.492970438754,-2.20269240266,2.55068506282
run-026,1.05,0.437740839065,-2.21488641421,2.55068887501
run-026,1.075,0.382226118044,-2.22552023288,2.55069249134
run-026,1.1,0.326464827421,-2.2346281198,2.55069581158
run-026,1.125,0.270494712053,-2.24224022494,2.55069874847
run-026,1.15,0.214352816174,-2.24838232983,2.55070122809
run-026,1.175,0.158075595562,-2.25307563188,2.55070319016
run-026,1.2,0.10169903458,-2.25633656976,2.55070458825
run-026,1.225,0.0452587670739,-2.25817668979,2.55070538991
run-026,1.25,-0.011209799909,-2.25860255294,2.55070557676
run-026,1.275,-0.0676713605733,-2.25761568235,2.55070514453
run-026,1.3,-0.124090584027,-2.25521255112,2.5507041031
run-026,1.325,-0.180431988129,-2.2513846105,2.55070247643
run-026,1.35,-0.236659814552,-2.24611835849,2.55070030255
run-026,1.375,-0.292737906054,-2.23939544888,2.55069763341
run-026,1.4,-0.348629586996,-2.23119284116,2.55069453473
run-026,1.425,-0.404297548112,-2.22148299135,2.55069108577
run-026,1.45,-0.459703736563,-2.21023408421,2.55068737898
run-026,1.475,-0.514809252322,-2.19741030702,2.55068351959
run-026,1.5,-0.569574251914,-2.18297216512,2.55067962501
run-026,1.525,-0.623957860578,-2.16687683944,2.55067582408
run-026,1.55,-0.677918093886,-2.14907858591,2.55067225612
run-026,1.575,-0.731411789874,-2.12952917654,2.55066906982
run-026,1.6,-0.784394552713,-2.10817838158,2.55066642179
run-026,1.625,-0.836820708953,-2.08497449206,2.55066447493
run-026,1.65,-0.888643277316,-2.05986488125,2.55066339642
run-026,1.675,-0.939813953015,-2.03279660351,2.55066335557
run-026,1.7,-0.990283107492,-2.00371702815,2.55066452118
run-026,1.725,-1.03999980442,-1.97257450543,2.55066705875
run-026,1.75,-1.08891183276,-1.93931906135,2.55067112732
run-026,1.775,-1.13696575749,-1.90390311682,2.55067687617
run-026,1.8,-1.1841069886,-1.86628222662,2.55068444116
run-026,1.825,-1.23027986882,-1.82641583209,2.55069394103
run-026,1.85,-1.27542778021,-1.78426802156,2.55070547363
run-026,1.875,-1.3194932699,-1.73980829106,2.55071911202
run-026,1.9,-1.36241819476,-1.69301229773,2.55073490087
run-026,1.925,-1.40414388479,-1.64386259723,2.55075285288
run-026,1.95,-1.44461132462,-1.59234935622,2.55077294569
run-026,1.975,-1.4837613526,-1.53847103047,2.55079511914
run-026,2,-1.52153487615,-1.48223499855,2.55081927318
run-026,2.025,-1.55787310252,-1.42365814125,2.55084526651
run-026,2.05,-1.59271778321,-1.36276735661,2.55087291594
run-026,2.075,-1.62601147035,-1.29960000069,2.55090199684
run-026,2.1,-1.65769778324,-1.23420424464,2.55093224451
run-026,2.125,-1.68772168259,-1.16663933918,2.55096335662
run-026,2.15,-1.7160297502,-1.09697577836,2.55099499682
run-026,2.175,-1.7425704715,-1.02529535582,2.55102679937
run-026,2.2,-1.76729451799,-0.951691107546,2.55105837487
run-026,2.225,-1.79015502688,-0.876267137134,2.55108931689
run-026,2.25,-1.81110787485,-0.799138320775,2.55111920948
run-026,2.275,-1.83011194292,-0.720429891278,2.55114763529
run-026,2.3,-1.84712936941,-0.640276902221,2.55117418421
run-026,2.325,-1.86212578803,-0.558823575371,2.55119846209
run-026,2.35,-1.87507054818,-0.476222536538,2.55122009964
run-026,2.375,-1.88593691486,-0.392633947025,2.55123876079
run-026,2.4,-1.89470224553,-0.308224539795,2.55125415071
run-026,2.425,-1.90134814185,-0.223166571266,2.5512660228
run-026,2.45,-1.9058605741,-0.137636701306,2.55127418481
run-026,2.475,-1.90822997691,-0.05181481541,2.55127850352
run-026,2.5,-1.90845131487,0.0341171957925,2.55127890812
run-026,2.525,-1.90652411712,0.119976683694,2.55127539195
run-026,2.55,-1.90245248068,0.205581498967,2.55126801272
run-026,2.575,-1.89624504218,0.290751242165,2.551256891
run-026,2.6,-1.88791491857,0.37530849104,2.55124220724
run-026,2.625,-1.87747961762,0.459079988428,2.55122419729
run-026,2.65,-1.86496091915,0.541897775346,2.55120314659
run-026,2.675,-1.85038472886,0.623600255068,2.55117938335
run-026,2.7,-1.8337809064,0.704033175288,2.55115327069
run-026,2.725,-1.81518307009,0.783050517099,2.55112519834
run-026,2.75,-1.79462838055,0.860515281298,2.55109557386
run-026,2.775,-1.77215730603,0.936300164438,2.55106481382
run-026,2.8,-1.74781337232,1.01028811904,2.55103333515
run-026,2.825,-1.72164290008,1.08237279443,2.55100154685
run-026,2.85,-1.6936947326,1.15245885664,2.55096984243
run-026,2.875,-1.66401995724,1.22046218781,2.550938593
run-026,2.9,-1.63267162321,1.28630996729,2.55090814137
run-026,2.925,-1.59970445888,1.34994063837,2.5508787972
run-026,2.95,-1.56517459129,1.41130376612,2.5508508332
run-026,2.975,-1.52913927057,1.47035979302,2.55082448239
run-026,3,-1.49165660164,1.52707970027,2.55079993655
run-026,3.025,-1.45278528556,1.58144458351,2.5507773456
run-026,3.05,-1.41258437247,1.63344515228,2.55075681801
run-026,3.075,-1.37111302795,1.68308116306,2.550738422
run-026,3.1,-1.32843031431,1.73036079587,2.5507221875
run-026,3.125,-1.28459498815,1.77529998461,2.5507081088
run-026,3.15,-1.23966531508,1.81792171076,2.55069614754
run-026,3.175,-1.19369890261,1.85825527043,2.5506862362
run-026,3.2,-1.14675255156,1.89633552347,2.55067828174
run-026,3.225,-1.09888212644,1.93220213362,2.5506721694
run-026,3.25,-1.05014244488,1.96589880748,2.55066776653
run-026,3.275,-1.00058718607,1.99747253955,2.55066492634
run-026,3.3,-0.950268817904,2.02697287006,2.5506634915
run-026,3.325,-0.899238542563,2.05445116126,2.55066329758
run-026,3.35,-0.84754625984,2.07995989726,2.55066417621
run-026,3.375,-0.7952405477,2.10355201177,2.55066595798
run-026,3.4,-0.742368659252,2.12528024733,2.55066847508
run-026,3.425,-0.688976535333,2.14519654917,2.55067156354
run-026,3.45,-0.635108831794,2.16335149573,2.55067506532
run-026,3.475,-0.580808960547,2.17979376814,2.55067882999
run-026,3.5,-0.526119143387,2.19456965953,2.55068271618
run-026,3.525,-0.47108047757,2.20772262551,2.5506865928
run-026,3.55,-0.415733012111,2.21929287613,2.55069034004
run-026,3.575,-0.360115833764,2.22931700972,2.5506938501
run-026,3.6,-0.304267161626,2.2378276887,2.55069702785
run-026,3.625,-0.248224449329,2.2448533572,2.5506997913
run-026,3.65,-0.192024493766,2.25041800035,2.55070207189
run-026,3.675,-0.135703549312,2.2545409449,2.55070381484
run-026,3.7,-0.0792974465208,2.25723670094,2.55070497925
run-026,3.725,-0.0228417142645,2.25851484445,2.55070553823
run-026,3.75,0.0336282957018,2.25837994038,2.55070547902
run-026,3.775,0.0900772827544,2.25683150615,2.55070480297
run-026,3.8,0.146469871009,2.25386401554,2.55070352554
run-026,3.825,0.202770483531,2.24946694285,2.5507016763
run-026,3.85,0.258943218152,2.24362484757,2.55069929881
run-026,3.875,0.31495172591,2.2363174996,2.55069645051
run-026,3.9,0.370759093132,2.22752004537,2.55069320253
run-026,3.925,0.426327728179,2.21720321508,2.55068963942
run-026,3.95,0.481619253886,2.20533357135,2.55068585876
run-026,3.975,0.536594406746,2.1918737996,2.55068197069
run-026,4,0.591212943866,2.17678304021,2.55067809726
run-026,4.025,0.645433558757,2.16001726274,2.55067437159
run-026,4.05,0.699213807003,2.14152968188,2.55067093688
run-026,4.075,0.752510042851,2.12127121493,2.55066794515
run-026,4.1,0.805277367749,2.09919098013,2.5506655557
run-026,4.125,0.857469591857,2.07523683482,2.5506639334
run-026,4.15,0.90903920949,2.04935595199,2.55066324655
run-026,4.175,0.959937389456,2.02149543329,2.55066366459
run-026,4.2,1.01011398115,1.99160295606,2.55066535535
run-026,4.225,1.05951753726,1.95962745122,2.55066848217
run-026,4.25,1.10809535372,1.92551980828,2.55067320063
run-026,4.275,1.15579352767,1.88923360297,2.55067965511
run-026,4.3,1.20255703386,1.85072584237,2.55068797512
run-026,4.325,1.24832981979,1.80995772152,2.55069827159
run-026,4.35,1.29305491994,1.76689538483,2.55071063296
run-026,4.375,1.33667458903,1.72151068485,2.55072512146
run-026,4.4,1.37913045418,1.67378193039,2.55074176947
run-026,4.425,1.42036368555,1.62369461516,2.55076057612
run-026,4.45,1.46031518494,1.57124211777,2.55078150434
run-026,4.475,1.49892579144,1.51642636334,2.55080447836
run-026,4.5,1.53613650311,1.45925843691,2.55082938186
run-026,4.525,1.57188871329,1.39975913848,2.55085605693
run-026,4.55,1.60612446003,1.33795946971,2.55088430383
run-026,4.575,1.63878668677,1.27390104257,2.55091388179
run-026,4.6,1.66981951216,1.20763640066,2.55094451083
run-026,4.625,1.69916850681,1.13922924465,2.55097587461
run-026,4.65,1.72678097439,1.06875455409,2.5510076245
run-026,4.675,1.75260623451,0.996298599247,2.55103938462
run-026,4.7,1.77659590435,0.921958837621,2.55107075798
run-026,4.725,1.79870417639,0.845843691665,2.55110133342
run-026,4.75,1.81888808894,0.768072205751,2.55113069344
run-026,4.775,1.83710778668,0.688773582349,2.5511584225
run-026,4.8,1.85332676806,0.608086599349,2.55118411579
run-026,4.825,1.86751211665,0.526158912454,2.55120738797
run-026,4.85,1.87963471368,0.443146248624,2.55122788196
run-026,4.875,1.88966942908,0.359211498494,2.55124527716
run-026,4.9,1.8975952886,0.274523717649,2.55125929708
run-026,4.925,1.90339561496,0.189257048321,2.55126971606
run-026,4.95,1.90705814102,0.103589574687,2.55127636477
run-026,4.975,1.90857509369,0.0177021262341,2.55127913447
run-026,5,1.90794324733,-0.0682229552672,2.55127797969
run-026,5.025,1.90516394593,-0.154003068935,2.55127291939
run-026,5.05,1.90024309388,-0.239456611396,2.55126403651
run-026,5.075,1.89319111536,-0.324404220114,2.55125147583
run-026,5.1,1.88402288288,-0.408669986948,2.55123544041
run-026,5.125,1.87275761601,-0.492082626069,2.55121618654
run-026,5.15,1.85941875157,-0.574476581291,2.55119401753
run-026,5.175,1.84403378695,-0.655693059079,2.55116927641
run-026,5.2,1.82663409862,-0.735580974975,2.55114233789
run-026,5.225,1.8072547382,-0.813997802847,2.55111359985
run-026,5.25,1.78593420848,-0.890810318216,2.55108347448
run-026,5.275,1.76271422229,-0.965895228878,2.55105237949
run-026,5.3,1.73763944703,-1.03913968803,2.55102072964
run-026,5.325,1.71075723789,-1.11044168718,2.55098892866
run-026,5.35,1.68211736268,-1.17971032803,2.5509573619
run-026,5.375,1.65177172149,-1.24686597458,2.55092638992
run-026,5.4,1.61977406395,-1.31184028823,2.55089634288
run-026,5.425,1.58617970707,-1.37457615061,2.55086751617
run-026,5.45,1.55104525642,-1.43502747987,2.550840167
run-026,5.475,1.51442833308,-1.49315894798,2.55081451215
run-026,5.5,1.47638730902,-1.5489456069,2.55079072681
run-026,5.525,1.43698105274,-1.6023724329,2.55076894433
run-026,5.55,1.39626868737,-1.65343379845,2.55074925701
run-026,5.575,1.35430936281,-1.70213288168,2.5507317176
run-026,5.6,1.31116204329,-1.74848102338,2.55071634155
run-026,5.625,1.26688531164,-1.79249704161,2.55070310979
run-026,5.65,1.22153719121,-1.83420651377,2.55069197195
run-026,5.675,1.17517498596,-1.87364103535,2.55068284994
run-026,5.7,1.12785513944,-1.91083746461,2.55067564163
run-026,5.725,1.07963311273,-1.94583716121,2.55067022471
run-026,5.75,1.03056328138,-1.97868522688,2.55066646048
run-026,5.775,0.980698851381,-2.00942975472,2.55066419752
run-026,5.8,0.930091793643,-2.03812109374,2.55066327531
run-026,5.825,0.878792796694,-2.06481113392,2.55066352747
run-026,5.85,0.826851236947,-2.08955261663,2.5506647849
run-026,5.875,0.774315165863,-2.11239847453,2.55066687852
run-026,5.9,0.721231313221,-2.13340120418,2.55066964179
run-026,5.925,0.667645105654,-2.1526122742,2.55067291288
run-026,5.95,0.613600699511,-2.1700815711,2.55067653656
run-026,5.975,0.559141027099,-2.1858568844,2.55068036584
run-026,6,0.504307855291,-2.19998343222,2.55068426331
run-026,6.025,0.449141855488,-2.21250342817,2.55068810226
run-026,6.05,0.393682683882,-2.22345568991,2.55069176754
run-026,6.075,0.337969070992,-2.23287528964,2.55069515634
run-026,6.1,0.2820389194,-2.24079324657,2.55069817868
run-026,6.125,0.225929408664,-2.24723626107,2.55070075787
run-026,6.15,0.169677106347,-2.25222649041,2.5507028308
run-026,6.175,0.113318084143,-2.25578136577,2.55070434818
run-026,6.2,0.0568880380584,-2.25791345015,2.55070527466
run-026,6.225,0.000422411635545,-2.25863033706,2.55070558896
run-026,6.25,-0.0560434787946,-2.25793458965,2.55070528391
run-026,6.275,-0.112474317847,-2.25582372028,2.55070436647
run-026,6.3,-0.168834664809,-2.25229021034,2.5507028577
run-026,6.325,-0.225088828364,-2.24732157054,2.55070079275
run-026,6.35,-0.281200743336,-2.24090044159,2.5506982207
run-026,6.375,-0.337133850444,-2.23300473566,2.55069520446
run-026,6.4,-0.392850980118,-2.2236078188,2.55069182051
run-026,6.425,-0.448314241383,-2.21267873456,2.55068815864
run-026,6.45,-0.503484916847,-2.20018246922,2.55068432148
run-026,6.475,-0.558323364844,-2.18608025866,2.55068042397
run-026,6.5,-0.612788929779,-2.17032993731,2.55067659268
run-026,6.525,-0.66683986171,-2.15288632891,2.55067296487
run-026,6.55,-0.720433246225,-2.13370167901,2.55066968738
run-026,6.575,-0.77352494566,-2.11272612878,2.55066691534
run-026,6.6,-0.826069552664,-2.08990822928,2.55066481048
run-026,6.625,-0.878020357124,-2.06519549505,2.5506635393
run-026,6.65,-0.929329327416,-2.03853499544,2.55066327085
run-026,6.675,-0.979947106896,-2.00987398141,2.55066417426
run-026,6.7,-1.02982302649,-1.97916054524,2.55066641595
run-026,6.725,-1.07890513416,-1.94634430966,2.55067015659
run-026,6.75,-1.12714024197,-1.91137714244,2.55067554772
run-026,6.775,-1.17447399128,-1.87421389161,2.55068272828
run-026,6.8,-1.22085093655,-1.83481313593,2.55069182086
run-026,6.825,-1.26621464808,-1.79313794419,2.5507029279
run-026,6.85,-1.31050783376,-1.74915663658,2.55071612789
run-026,6.875,-1.35367247991,-1.70284354017,2.55073147164
run-026,6.9,-1.39565001077,-1.65417973041,2.55074897871
run-026,6.925,-1.43638146643,-1.60315374949,2.55076863419
run-026,6.95,-1.47580769824,-1.54976229234,2.5507903859
run-026,6.975,-1.51386958104,-1.49401085025,2.55081414216
run-026,7,-1.55050824076,-1.43591430232,2.55083977023
run-026,7.025,-1.58566529616,-1.37549744456,2.55086709555
run-026,7.05,-1.61928311298,-1.31279544678,2.55089590195
run-026,7.075,-1.6513050685,-1.24785422758,2.55092593281
run-026,7.1,-1.68167582436,-1.18073073866,2.55095689331
run-026,7.125,-1.71034160543,-1.11149314988,2.55098845375
run-026,7.15,-1.73725048186,-1.04022092824,2.55102025402
run-026,7.175,-1.76235265184,-0.967004804354,2.55105190907
run-026,7.2,-1.78560072208,-0.89194662221,2.5510830154
run-026,7.225,-1.80694998295,-0.815159069063,2.55111315836
run-026,7.25,-1.82635867553,-0.736765284337,2.55114192021
run-026,7.275,-1.84378824717,-0.656898348281,2.55116888863
run-026,7.3,-1.85920359294,-0.575700653075,2.55119366545
run-026,7.325,-1.87257327982,-0.493323161148,2.55121587556
run-026,7.35,-1.883869751,-0.409924557448,2.55123517538
run-026,7.375,-1.8930695077,-0.325670304403,2.55125126097
run-026,7.4,-1.90015326622,-0.240731610115,2.55126387526
run-026,7.425,-1.9051060882,-0.155284322046,2.55127281438
run-026,7.45,-1.90791748232,-0.0695077599027,2.55127793263
run-026,7.475,-1.9085814762,0.0164164973591,2.55127914614
run-026,7.5,-1.90709665745,0.102305854533,2.55127643498
run-026,7.525,-1.90346618347,0.187977956711,2.55126984365
run-026,7.55,-1.89769775962,0.273251942624,2.55125947998
run-026,7.575,-1.88980358634,0.357949678099,2.5512455124
run-026,7.6,-1.87980027571,0.441896953348,2.55122816578
run-026,7.625,-1.86770873867,0.524924628563,2.55120771588
run-026,7.65,-1.85355404429,0.606869713307,2.55118448271
run-026,7.675,-1.83736525301,0.687576366525,2.55115882287
run-026,7.7,-1.81917522596,0.766896805559,2.55113112131
run-026,7.725,-1.79902041273,0.844692114287,2.55110178265
run-026,7.75,-1.77694062025,0.920832942404,2.55107122231
run-026,7.775,-1.75297876561,0.995200089854,2.55103985784
run-026,7.8,-1.72718061575,1.06768497245,2.55100810052
run-026,7.825,-1.69959451699,1.13818996671,2.55097634765
run-026,7.85,-1.67027111742,1.20662863396,2.55094497545
run-026,7.875,-1.63926308529,1.27292582554,2.55091433301
run-026,7.9,-1.60662482614,1.33701767269,2.55088473716
run-026,7.925,-1.57241220165,1.39885146629,2.55085646847
run-026,7.95,-1.53668225283,1.45838543298,2.55082976832
run-026,7.975,-1.49949293,1.51558841516,2.55080483705
run-026,8,-1.46090283207,1.57043946363,2.5507818332
run-026,8.025,-1.42097095682,1.62292735195,2.55076087372
run-026,8.05,-1.37975646447,1.67305002234,2.55074203496
run-026,8.075,-1.33731845571,1.7208139731,2.55072535456
run-026,8.1,-1.29371576581,1.76623359765,2.55071083392
run-026,8.125,-1.24900677582,1.80933048499,2.55069844111
run-026,8.15,-1.20324924157,1.85013269145,2.55068811435
run-026,8.175,-1.15650014125,1.88867399282,2.55067976553
run-026,8.2,-1.10881554192,1.92499312561,2.55067328406
run-026,8.225,-1.06025048497,1.9591330257,2.55066854066
run-026,8.25,-1.01085889064,1.99114007154,2.55066539115
run-026,8.275,-0.960693481393,2.02106333885,2.55066368009
run-026,8.3,-0.909805723697,2.04895387267,2.55066324425
run-026,8.325,-0.85824578776,2.07486398198,2.55066391581
run-026,8.35,-0.806062524598,2.09884656134,2.55066552536
run-026,8.375,-0.753303459693,2.12095444346,2.55066790456
run-026,8.4,-0.700014802425,2.14123978556,2.55067088847
run-026,8.425,-0.646241470415,2.15975349235,2.55067431769
run-026,8.45,-0.592027127808,2.17654467719,2.55067804009
run-026,8.475,-0.537414236555,2.19166016324,2.55068191232
run-026,8.5,-0.482444119646,2.20514402534,2.5506858011
run-026,8.525,-0.427157035288,2.21703717339,2.5506895842
run-026,8.55,-0.371592260977,2.22737697756,2.55069315132
run-026,8.575,-0.31578818641,2.23619693548,2.55069640467
run-026,8.6,-0.259782414203,2.24352638123,2.5506992595
run-026,8.625,-0.203611867349,2.24939023607,2.5507016445
run-026,8.65,-0.147312902399,2.2538088006,2.550703502
run-026,8.675,-0.0909214273187,2.25679758802,2.55070478823
run-026,8.7,-0.0344730229983,2.25836719827,2.55070547343
run-026,8.725,0.0219969325946,2.25852323279,2.55070554192
run-026,8.75,0.0784531386411,2.25726624973,2.55070499212
run-026,8.775,0.134860245081,2.2545917595,2.55070383661
run-026,8.8,0.191182726616,2.25049026062,2.55070210205
run-026,8.825,0.247384758112,2.24494731605,2.55069982912
run-026,8.85,0.303430092418,2.23794367002,2.55069707243
run-026,8.875,0.359281941613,2.22945540574,2.55069390031
run-026,8.9,0.414902862705,2.2194541441,2.55069039455
run-026,8.925,0.470254648818,2.20790728383,2.5506866501
run-026,8.95,0.525298226897,2.19477828319,2.55068277456
run-026,8.975,0.579993562978,2.18002698356,2.55067888757
run-027,0,1.9724137931,0,2.77765167481
run-027,0.025,1.97126985995,-0.091463659194,2.77764934311
run-027,0.05,1.96784061014,-0.182723713084,2.77764238816
run-027,0.075,1.96213367429,-0.273578025651,2.77763092938
run-027,0.1,1.95416170886,-0.363827379037,2.77761516231
run-027,0.125,1.94394230534,-0.453276882016,2.77759535351
run-027,0.15,1.93149786476,-0.541737318959,2.77757183374
run-027,0.175,1.91685543939,-0.629026421416,2.77754498953
run-027,0.2,1.90004654369,-0.714970046077,2.77751525356
run-027,0.225,1.88110693709,-0.799403244774,2.77748309421
run-027,0.25,1.86007638145,-0.882171214367,2.77744900441
run-027,0.275,1.83699837637,-0.963130116729,2.77741349043
run-027,0.3,1.81191987561,-1.04214776149,2.77737706082
run-027,0.325,1.78489098829,-1.11910414679,2.77734021573
run-027,0.35,1.75596466828,-1.19389185567,2.77730343712
run-027,0.375,1.72519639551,-1.26641630846,2.77726717989
run-027,0.4,1.69264385285,-1.3365958734,2.77723186425
run-027,0.425,1.65836660184,-1.40436184033,2.77719786941
run-027,0.45,1.62242576084,-1.46965826376,2.77716552867
run-027,0.475,1.58488368865,-1.53244168368,2.77713512599
run-027,0.5,1.54580367665,-1.59268073346,2.77710689388
run-027,0.525,1.50524965198,-1.65035564565,2.77708101277
run-027,0.55,1.46328589437,-1.70545766698,2.77705761148
run-027,0.575,1.41997676863,-1.75798839472,2.77703676888
run-027,0.6,1.37538647463,-1.80795904638,2.77701851646
run-027,0.625,1.32957881631,-1.85538967527,2.77700284171
run-027,0.65,1.28261699087,-1.90030834376,2.77698969211
run-027,0.675,1.23456339912,-1.9427502659,2.77697897952
run-027,0.7,1.18547947758,-1.98275693056,2.77697058491
run-027,0.725,1.1354255526,-2.02037521527,2.77696436318
run-027,0.75,1.08446071681,-2.05565650044,2.77696014802
run-027,0.775,1.03264272757,-2.08865579254,2.77695775663
run-027,0.8,0.980027927185,-2.11943086393,2.77695699424
run-027,0.825,0.926671184377,-2.14804141626,2.77695765833
run-027,0.85,0.872625856372,-2.17454827318,2.7769595426
run-027,0.875,0.817943770718,-2.19901260733,2.77696244044
run-027,0.9,0.762675226005,-2.22149520576,2.77696614814
run-027,0.925,0.70686901043,-2.24205577697,2.77697046759
run-027,0.95,0.650572437156,-2.26075230223,2.77697520869
run-027,0.975,0.593831395319,-2.2776404329,2.77698019136
run-027,1,0.536690415512,-2.29277293532,2.77698524714
run-027,1.025,0.479192748553,-2.30619918385,2.77699022061
run-027,1.05,0.421380456319,-2.31796470266,2.7769949704
run-027,1.075,0.36329451342,-2.3281107562,2.77699937007
run-027,1.1,0.304974918509,-2.33667398839,2.77700330873
run-027,1.125,0.246460814,-2.34368611009,2.77700669145
run-027,1.15,0.187790613005,-2.34917363436,2.77700943969
run-027,1.175,0.129002132282,-2.35315765923,2.77701149142
run-027,1.2,0.0701327300432,-2.35565369732,2.77701280135
run-027,1.225,0.0112194474165,-2.35667155205,2.77701334098
run-027,1.25,-0.0477008475591,-2.35621523995,2.77701309867
run-027,1.275,-0.106591314581,-2.35428295903,2.77701207963
run-027,1.3,-0.165414995511,-2.35086710296,2.77701030596
run-027,1.325,-0.224134669729,-2.34595432115,2.77700781656
run-027,1.35,-0.282712711568,-2.33952562506,2.77700466709
run-027,1.375,-0.341110950982,-2.33155654066,2.77700092983
run-027,1.4,-0.399290538601,-2.32201730789,2.7769966935
run-027,1.425,-0.457211816376,-2.31087312717,2.77699206296
run-027,1.45,-0.51483419496,-2.29808445369,2.7769871588
run-027,1.475,-0.572116039061,-2.28360733983,2.77698211679
run-027,1.5,-0.629014561951,-2.26739382605,2.7769770871
run-027,1.525,-0.685485730363,-2.2493923806,2.77697223337
run-027,1.55,-0.741484180981,-2.22954838793,2.77696773144
run-027,1.575,-0.79696314976,-2.20780468553,2.77696376781
run-027,1.6,-0.851874415258,-2.18410214865,2.77696053779
run-027,1.625,-0.906168257192,-2.15838032163,2.77695824327
run-027,1.65,-0.959793431339,-2.13057809424,2.7769570901
run-027,1.675,-1.0126971619,-2.10063442081,2.77695728511
run-027,1.7,-1.06482515238,-2.06848907899,2.77695903268
run-027,1.725,-1.11612161585,-2.03408346456,2.77696253102
run-027,1.75,-1.16652932561,-1.99736141748,2.77696796801
run-027,1.775,-1.21598968673,-1.95827007387,2.77697551679
run-027,1.8,-1.2644428293,-1.91676073729,2.77698533111
run-027,1.825,-1.31182772359,-1.87278976215,2.77699754049
run-027,1.85,-1.35808231741,-1.82631944074,2.7770122454
run-027,1.875,-1.40314369563,-1.77731888484,2.77702951246
run-027,1.9,-1.44694826165,-1.72576489181,2.77704936993
run-027,1.925,-1.48943194022,-1.67164278429,2.7770718035
run-027,1.95,-1.53053040086,-1.61494721216,2.77709675268
run-027,1.975,-1.57017930083,-1.55568290494,2.77712410794
run-027,2,-1.60831454611,-1.49386536219,2.77715370862
run-027,2.025,-1.64487256894,-1.42952146997,2.77718534204
run-027,2.05,-1.67979061961,-1.36269003093,2.77721874365
run-027,2.075,-1.71300707048,-1.29342219665,2.77725359862
run-027,2.1,-1.74446172944,-1.22178179096,2.77728954472
run-027,2.125,-1.77409616003,-1.14784551456,2.77732617668
run-027,2.15,-1.80185400517,-1.07170302183,2.77736305199
run-027,2.175,-1.82768131112,-0.993456863094,2.77739969801
run-027,2.2,-1.85152684833,-0.913222286581,2.7774356204
run-027,2.225,-1.87334242545,-0.831126897043,2.7774703126
run-027,2.25,-1.89308319318,-0.747310169834,2.77750326619
run-027,2.275,-1.91070793394,-0.661922821815,2.77753398181
run-027,2.3,-1.92617933427,-0.575126042907,2.77756198044
run-027,2.325,-1.93946423609,-0.487090594649,2.7775868145
run-027,2.35,-1.950533864,-0.39799578463,2.77760807871
run-027,2.375,-1.95936402532,-0.308028328064,2.77762542001
run-027,2.4,-1.9659352804,-0.217381110042,2.77763854649
run-027,2.425,-1.97023308082,-0.126251864013,2.77764723487
run-027,2.45,-1.9722478736,-0.034841783773,2.77765133625
run-027,2.475,-1.97197517001,0.0566459123355,2.77765078006
run-027,2.5,-1.96941557799,0.148007445333,2.77764557589
run-027,2.525,-1.96457479775,0.239039947303,2.77763581323
run-027,2.55,-1.95746358062,0.329542920432,2.77762165911
run-027,2.575,-1.94809765172,0.419319663169,2.77760335378
run-027,2.6,-1.93649759746,0.508178644044,2.77758120446
run-027,2.625,-1.92268871952,0.595934804724,2.77755557751
run-027,2.65,-1.90670085723,0.682410775426,2.77752688924
run-027,2.675,-1.88856818075,0.767437987584,2.77749559573
run-027,2.7,-1.86832895785,0.850857670774,2.77746218185
run-027,2.725,-1.84602529721,0.932521723154,2.77742715015
run-027,2.75,-1.82170287169,1.01229344719,2.77739100958
run-027,2.775,-1.79541062485,1.09004814484,2.77735426469
run-027,2.8,-1.76720046445,1.16567356912,2.77731740549
run-027,2.825,-1.7371269464,1.23907023106,2.77728089813
run-027,2.85,-1.7052469529,1.31015156395,2.77724517686
run-027,2.875,-1.6716193682,1.37884394845,2.77721063716
run-027,2.9,-1.63630475547,1.44508660459,2.77717763031
run-027,2.925,-1.59936503797,1.50883135803,2.77714645935
run-027,2.95,-1.56086318757,1.57004228975,2.77711737656
run-027,2.975,-1.52086292348,1.62869527947,2.77709058219
run-027,3,-1.4794284236,1.6847774538,2.77706622459
run-027,3.025,-1.43662405079,1.73828655113,2.77704440138
run-027,3.05,-1.39251409604,1.78923021525,2.77702516175
run-027,3.075,-1.34716254003,1.8376252301,2.7770085095
run-027,3.1,-1.30063283454,1.88349670774,2.77699440684
run-027,3.125,-1.25298770464,1.92687724133,2.77698277867
run-027,3.15,-1.20428897247,1.96780603438,2.77697351713
run-027,3.175,-1.15459740292,2.00632801698,2.7769664865
run-027,3.2,-1.10397257162,2.04249295883,2.77696152797
run-027,3.225,-1.05247275498,2.07635458801,2.77695846447
run-027,3.25,-1.00015484222,2.10796972363,2.77695710528
run-027,3.275,-0.947074268801,2.13739742953,2.77695725034
run-027,3.3,-0.893284970744,2.16469819519,2.77695869436
run-027,3.325,-0.838839359041,2.18993314911,2.77696123046
run-027,3.35,-0.783788313289,2.2131633092,2.77696465347
run-027,3.375,-0.728181193581,2.23444887363,2.77696876285
run-027,3.4,-0.672065869607,2.25384855499,2.7769733652
run-027,3.425,-0.615488765832,2.27141895996,2.7769782764
run-027,3.45,-0.558494921609,2.28721401593,2.77698332339
run-027,3.475,-0.501128065035,2.30128444567,2.77698834566
run-027,3.5,-0.443430699326,2.31367729046,2.77699319636
run-027,3.525,-0.385444200512,2.3244354821,2.77699774329
run-027,3.55,-0.327208925221,2.33359746353,2.77700186958
run-027,3.575,-0.268764327335,2.341196858,2.77700547416
run-027,3.6,-0.210149082321,2.34726218613,2.77700847224
run-027,3.625,-0.151401218029,2.3518166307,2.77701079546
run-027,3.65,-0.0925582507859,2.35487784846,2.77701239215
run-027,3.675,-0.0336573256058,2.35645782863,2.77701322741
run-027,3.7,0.0252646406454,2.35656279769,2.77701328317
run-027,3.725,0.0841708142788,2.35519317026,2.77701255824
run-027,3.75,0.143024299158,2.35234354577,2.77701106826
run-027,3.775,0.201787991567,2.34800275114,2.77700884577
run-027,3.8,0.260424436715,2.34215392936,2.77700594004
run-027,3.825,0.318895688035,2.33477467442,2.77700241704
run-027,3.85,0.377163170436,2.32583721274,2.77699835928
run-027,3.875,0.435187548672,2.31530863178,2.77699386549
run-027,3.9,0.492928602025,2.30315115605,2.77698905033
run-027,3.925,0.550345106475,2.2893224711,2.77698404387
run-027,3.95,0.60739472558,2.27377609603,2.7769789909
run-027,3.975,0.664033911276,2.2564618045,2.77697405006
run-027,4,0.720217815805,2.23732609462,2.77696939271
run-027,4.025,0.775900216008,2.21631270746,2.77696520149
run-027,4.05,0.831033451179,2.19336319359,2.77696166861
run-027,4.075,0.885568375687,2.16841752682,2.77695899372
run-027,4.1,0.93945432752,2.14141476369,2.77695738151
run-027,4.125,0.992639113872,2.11229374655,2.7769570388
run-027,4.15,1.04506901485,2.08099384769,2.77695817134
run-027,4.175,1.09668880626,2.04745575087,2.77696098016
run-027,4.2,1.14744180239,2.01162226609,2.77696565757
run-027,4.225,1.19726991956,1.97343917243,2.77697238287
run-027,4.25,1.24611376101,1.93285608276,2.77698131774
run-027,4.275,1.2939127237,1.88982732347,2.77699260152
run-027,4.3,1.34060512719,1.84431282117,2.7770063463
run-027,4.325,1.38612836476,1.7962789875,2.77702263214
run-027,4.35,1.43041907656,1.74569959237,2.77704150244
run-027,4.375,1.47341334438,1.69255661499,2.77706295954
run-027,4.4,1.51504690731,1.63684106165,2.77708696094
run-027,4.425,1.55525539746,1.57855373834,2.77711341607
run-027,4.45,1.59397459423,1.51770596629,2.7771421839
run-027,4.475,1.63114069577,1.45432022796,2.77717307162
run-027,4.5,1.66669060563,1.38843073145,2.77720583431
run-027,4.525,1.70056223235,1.32008388143,2.77724017603
run-027,4.55,1.7326947997,1.24933864518,2.77727575217
run-027,4.575,1.7630291646,1.17626680351,2.77731217324
run-027,4.6,1.79150813987,1.10095307724,2.77734901014
run-027,4.625,1.81807681847,1.02349512135,2.77738580078
run-027,4.65,1.84268289594,0.944003380938,2.77742205802
run-027,4.675,1.86527698751,0.86260080467,2.77745727877
run-027,4.7,1.88581293617,0.779422413849,2.77749095406
run-027,4.725,1.90424810821,0.694614727554,2.77752257976
run-027,4.75,1.92054367255,0.608335046636,2.77755166777
run-027,4.775,1.93466486054,0.520750602021,2.77757775725
run-027,4.8,1.94658120265,0.432037575203,2.77760042559
run-027,4.825,1.9562667393,0.34238000132,2.7776192987
run-027,4.85,1.96370020272,0.251968567506,2.77763406044
run-027,4.875,1.96886516767,0.160999321312,2.77764446061
run-027,4.9,1.97175016878,0.0696723058935,2.77765032142
run-027,4.925,1.97234878297,-0.0218098598785,2.77765154214
run-027,4.95,1.97065967579,-0.113243436986,2.77764810174
run-027,4.975,1.96668661112,-0.204425037415,2.77764005946
run-027,5,1.96043842392,-0.295153090417,2.7776275532
run-027,5.025,1.9519289566,-0.385229283542,2.77761079598
run-027,5.05,1.94117695974,-0.474459958622,2.77759007033
run-027,5.075,1.92820595867,-0.562657443853,2.77756572113
run-027,5.1,1.91304408755,-0.649641304474,2.77753814681
run-027,5.125,1.89572389344,-0.735239496211,2.77750778957
run-027,5.15,1.87628211274,-0.819289407666,2.77747512462
run-027,5.175,1.85475942306,-0.90163878004,2.77744064911
run-027,5.2,1.83120017374,-0.98214649497,2.77740487085
run-027,5.225,1.80565209831,-1.06068322377,2.77736829733
run-027,5.25,1.77816601255,-1.13713193387,2.77733142521
run-027,5.275,1.74879550162,-1.21138825081,2.77729473077
run-027,5.3,1.71759660001,-1.28336067649,2.77725866129
run-027,5.325,1.68462746779,-1.35297066669,2.77722362771
run-027,5.35,1.64994806667,-1.42015257293,2.77718999871
run-027,5.375,1.61361983915,-1.48485345563,2.77715809608
run-027,5.4,1.57570539389,-1.54703277709,2.77712819164
run-027,5.425,1.53626820029,-1.60666198403,2.77710050551
run-027,5.45,1.49537229469,-1.6637239907,2.77707520573
run-027,5.475,1.45308200076,-1.71821257405,2.77705240902
run-027,5.5,1.40946166599,-1.77013169303,2.77703218269
run-027,5.525,1.36457541611,-1.81949474436,2.77701454741
run-027,5.55,1.31848692877,-1.86632376683,2.77699948077
run-027,5.575,1.27125922776,-1.9106486063,2.77698692131
run-027,5.6,1.22295449846,-1.95250605267,2.77697677312
run-027,5.625,1.17363392513,-1.99193895987,2.7769689105
run-027,5.65,1.12335755046,-2.02899535901,2.77696318287
run-027,5.675,1.07218415718,-2.06372757393,2.77695941957
run-027,5.7,1.02017117177,-2.09619134769,2.77695743452
run-027,5.725,0.967374589795,-2.12644498748,2.77695703074
run-027,5.75,0.913848922391,-2.15454853448,2.77695800448
run-027,5.775,0.859647163071,-2.18056296432,2.77696014905
run-027,5.8,0.804820774175,-2.20454942289,2.77696325827
run-027,5.825,0.749419691927,-2.22656850144,2.7769671295
run-027,5.85,0.693492349103,-2.24667955392,2.77697156638
run-027,5.875,0.63708571423,-2.26494005917,2.776976381
run-027,5.9,0.580245346145,-2.28140502944,2.77698139592
run-027,5.925,0.523015462758,-2.29612646673,2.77698644568
run-027,5.95,0.465439022809,-2.30915286739,2.77699137811
run-027,5.975,0.407557819389,-2.32052877553,2.77699605535
run-027,6,0.349412584032,-2.33029438517,2.7770003546
run-027,6.025,0.29104310013,-2.3384851909,2.77700416875
run-027,6.05,0.232488324487,-2.3451316868,2.77700740674
run-027,6.075,0.173786515791,-2.35025911312,2.77700999396
run-027,6.1,0.114975368831,-2.3538872502,2.77701187235
run-027,6.125,0.0560921532803,-2.35603025928,2.77701300062
run-027,6.15,-0.0028261441329,-2.35669656967,2.77701335429
run-027,6.175,-0.061742675203,-2.35588881209,2.77701292572
run-027,6.2,-0.120620584737,-2.35360379796,2.77701172416
run-027,6.225,-0.179422865101,-2.3498325445,2.77700977572
run-027,6.25,-0.238112211962,-2.34456034585,2.7770071233
run-027,6.275,-0.296650882393,-2.33776689027,2.77700382654
run-027,6.3,-0.355000556476,-2.32942642386,2.77699996165
run-027,6.325,-0.413122203586,-2.31950796112,2.77699562124
run-027,6.35,-0.470975954532,-2.30797554284,2.77699091395
run-027,6.375,-0.528520980728,-2.29478854181,2.77698596406
run-027,6.4,-0.585715381622,-2.27990201677,2.77698091082
run-027,6.425,-0.642516081567,-2.26326711495,2.77697590774
run-027,6.45,-0.69887873737,-2.24483152335,2.77697112148
run-027,6.475,-0.754757657734,-2.22453996875,2.77696673057
run-027,6.5,-0.810105735807,-2.20233476607,2.7769629238
run-027,6.525,-0.864874396037,-2.17815641427,2.77695989826
run-027,6.55,-0.919013556521,-2.15194423862,2.77695785703
run-027,6.575,-0.972471607969,-2.12363707747,2.77695700648
run-027,6.6,-1.02519541039,-2.0931740111,2.77695755318
run-027,6.625,-1.07713030852,-2.06049512948,2.77695970041
run-027,6.65,-1.12822016687,-2.02554233495,2.77696364429
run-027,6.675,-1.17840742527,-1.988260175,2.7769695696
run-027,6.7,-1.22763317562,-1.94859669948,2.77697764529
run-027,6.725,-1.27583726024,-1.90650433544,2.77698801977
run-027,6.75,-1.32295839239,-1.86194077224,2.77700081608
run-027,6.775,-1.36893429886,-1.8148698481,2.77701612705
run-027,6.8,-1.4137018848,-1.76526242902,2.77703401055
run-027,6.825,-1.45719742031,-1.71309726952,2.77705448506
run-027,6.85,-1.49935674827,-1.65836184444,2.77707752556
run-027,6.875,-1.54011551253,-1.60105314016,2.77710306012
run-027,6.9,-1.57940940528,-1.54117839337,2.77713096714
run-027,6.925,-1.6171744322,-1.4787557649,2.77716107363
run-027,6.95,-1.65334719352,-1.41381493673,2.77719315447
run-027,6.975,-1.68786517903,-1.3463976198,2.77722693293
run-027,7,-1.72066707451,-1.27655796131,2.77726208257
run-027,7.025,-1.7516930771,-1.20436284064,2.77729823045
run-027,7.05,-1.78088521655,-1.12989204422,2.77733496184
run-027,7.075,-1.80818767931,-1.05323831088,2.77737182636
run-027,7.1,-1.83354713209,-0.974507241042,2.77740834538
run-027,7.125,-1.85691304136,-0.89381706477,2.77744402076
run-027,7.15,-1.87823798533,-0.811298265932,2.77747834453
run-027,7.175,-1.89747795466,-0.727093061932,2.7775108094
run-027,7.2,-1.91459263843,-0.64135474096,2.77754091986
run-027,7.225,-1.92954569171,-0.55424686117,2.77756820336
run-027,7.25,-1.94230498148,-0.465942318755,2.77759222148
run-027,7.275,-1.95284280765,-0.376622294363,2.77761258048
run-027,7.3,-1.9611360962,-0.286475089688,2.77762894113
run-027,7.325,-1.96716656213,-0.195694868275,2.77764102726
run-027,7.35,-1.97092083962,-0.104480316523,2.77764863285
run-027,7.375,-1.97239057796,-0.0130332425375,2.77765162743
run-027,7.4,-1.97157250174,0.0784428681834,2.77764995942
run-027,7.425,-1.96846843455,0.169744320374,2.77764365755
run-027,7.45,-1.96308528572,0.26066867954,2.7776328301
run-027,7.475,-1.95543500057,0.351016224967,2.77761766203
run-027,7.5,-1.94553447448,0.440591365152,2.77759841016
run-027,7.525,-1.93340543231,0.529203996359,2.77757539659
run-027,7.55,-1.91907427466,0.616670786262,2.77754900046
run-027,7.575,-1.902571893,0.702816366165,2.77751964852
run-027,7.6,-1.88393345635,0.787474417172,2.7774878047
run-027,7.625,-1.86319817214,0.870488637848,2.77745395915
run-027,7.65,-1.84040902446,0.951713583202,2.77741861691
run-027,7.675,-1.81561249298,1.03101536734,2.77738228687
run-027,7.7,-1.78885825609,1.10827222463,2.77734547101
run-027,7.725,-1.76019888175,1.18337492673,2.77730865442
run-027,7.75,-1.72968950975,1.25622705534,2.77727229638
run-027,7.775,-1.69738752898,1.32674513284,2.77723682244
run-027,7.8,-1.66335225311,1.39485861506,2.77720261799
run-027,7.825,-1.62764459823,1.46050975259,2.77717002312
run-027,7.85,-1.59032676548,1.52365332835,2.77713932896
run-027,7.875,-1.55146193181,1.58425628099,2.77711077543
run-027,7.9,-1.51111395143,1.64229722458,2.77708455038
run-027,7.925,-1.46934707058,1.69776587579,2.7770607899
run-027,7.95,-1.42622565764,1.75066240066,2.77703957983
run-027,7.975,-1.38181395055,1.80099669317,2.77702095824
run-027,8,-1.33617582299,1.84878759765,2.77700491864
run-027,8.025,-1.28937457067,1.89406208738,2.77699141395
run-027,8.05,-1.24147271862,1.93685441092,2.77698036082
run-027,8.075,-1.19253185012,1.97720521735,2.77697164433
run-027,8.1,-1.14261245775,2.01516067081,2.77696512281
run-027,8.125,-1.09177381658,2.05077156416,2.77696063266
run-027,8.15,-1.04007387954,2.08409244035,2.77695799315
run-027,8.175,-0.987569194563,2.11518072947,2.77695701094
run-027,8.2,-0.934314843068,2.1440959084,2.77695748439
run-027,8.225,-0.880364399143,2.17089868902,2.7769592075
run-027,8.25,-0.825769908616,2.19565024007,2.77696197351
run-027,8.275,-0.770581887139,2.21841144684,2.7769655781
run-027,8.3,-0.714849336275,2.23924221214,2.77696982223
run-027,8.325,-0.658619776532,2.25820080115,2.77697451453
run-027,8.35,-0.601939296217,2.27534323217,2.77697947336
run-027,8.375,-0.544852614924,2.29072271456,2.77698452853
run-027,8.4,-0.487403160489,2.30438913498,2.77698952269
run-027,8.425,-0.429633158175,2.31638859218,2.77699431243
run-027,8.45,-0.37158373088,2.32676298056,2.77699876911
run-027,8.475,-0.313295009147,2.33554962241,2.77700277961
run-027,8.5,-0.25480624976,2.34278094855,2.77700624671
run-027,8.525,-0.19615596172,2.34848422681,2.77700908949
run-027,8.55,-0.137382038419,2.35268133804,2.7770112436
run-027,8.575,-0.0785218948177,2.35538859914,2.77701266132
run-027,8.6,-0.0196126084623,2.35661663257,2.77701331179
run-027,8.625,0.0393089368106,2.35637028217,2.77701318093
run-027,8.65,0.0982059056463,2.35464857498,2.77701227158
run-027,8.675,0.15704136556,2.35144472884,2.77701060341
run-027,8.7,0.215778142089,2.34674620602,2.77700821295
run-027,8.725,0.274378675861,2.34053481281,2.77700515347
run-027,8.75,0.332804882729,2.33278684549,2.7770014949
run-027,8.775,0.391018018135,2.323473283,2.77699732363
run-027,8.8,0.448978546879,2.31256002676,2.77699274224
run-027,8.825,0.506646019473,2.3000081881,2.77698786911
run-027,8.85,0.563978956284,2.28577442381,2.77698283789
run-027,8.875,0.620934740663,2.26981132011,2.77697779675
run-027,8.9,0.677469522289,2.2520678254,2.77697290748
run-027,8.925,0.733538131933,2.23248973171,2.77696834428
run-027,8.95,0.789094008875,2.21102020475,2.77696429222
run-027,8.975,0.844089142171,2.18760036177,2.7769609455
run-028,0,2.03620689655,0,3.01854481981
run-028,0.025,2.03499016718,-0.0972815463797,3.01854205726
run-028,0.05,2.03134281923,-0.19433631003,3.01853381945
run-028,0.075,2.02527335168,-0.290939223265,3.01852025456
run-028,0.1,2.01679585807,-0.386868623644,3.01850160502
run-028,0.125,2.0059299205,-0.481907895041,3.01847820094
run-028,0.15,1.99270046332,-0.575847036387,3.01845045124
run-028,0.175,1.97713756868,-0.668484136482,3.01841883282
run-028,0.2,1.95927625649,-0.759626735319,3.0183838782
run-028,0.225,1.93915623191,-0.849093054793,3.01834616204
run-028,0.25,1.91682160375,-0.936713084387,3.01830628705
run-028,0.275,1.89232057769,-1.02232951043,3.0182648697
run-028,0.3,1.86570512823,-1.10579848055,3.01822252626
run-028,0.325,1.83703065367,-1.18699019821,3.01817985951
run-028,0.35,1.80635561832,-1.26578934521,3.01813744657
run-028,0.375,1.77374118641,-1.34209533307,3.01809582807
run-028,0.4,1.73925085167,-1.41582238717,3.01805549898
run-028,0.425,1.70295006705,-1.48689946981,3.01801690111
run-028,0.45,1.66490587818,-1.55527005092,3.01798041762
run-028,0.475,1.6251865645,-1.62089173692,3.0179463692
run-028,0.5,1.58386129133,-1.68373576985,3.01791501223
run-028,0.525,1.54099977601,-1.74378641017,3.01788653849
run-028,0.55,1.49667197082,-1.80104021744,3.01786107649
run-028,0.575,1.45094776514,-1.85550524364,3.01783869412
run-028,0.6,1.40389670864,-1.90720015396,3.01781940243
run-028,0.625,1.35558775744,-1.95615329,3.0178031603
run-028,0.65,1.30608904414,-2.00240168969,3.01778987983
run-028,0.675,1.25546767295,-2.04599007764,3.01777943212
run-028,0.7,1.20378954026,-2.08696983908,3.01777165339
run-028,0.725,1.151119181,-2.12539798925,3.01776635112
run-028,0.75,1.0975196408,-2.16133614923,3.01776331004
run-028,0.775,1.04305237354,-2.19484953797,3.01776229806
run-028,0.8,0.987777163899,-2.22600598926,3.01776307166
run-028,0.825,0.931752074076,-2.25487500095,3.01776538102
run-028,0.85,0.875033413851,-2.28152682288,3.01776897459
run-028,0.875,0.817675732932,-2.30603158854,3.01777360321
run-028,0.9,0.759731834424,-2.32845849483,3.01777902367
run-028,0.925,0.701252808191,-2.348875033,3.01778500181
run-028,0.95,0.642288082774,-2.36734627324,3.01779131507
run-028,0.975,0.582885494528,-2.38393420454,3.01779775464
run-028,1,0.523091372547,-2.39869713071,3.01780412718
run-028,1.025,0.462950637993,-2.4116891232,3.01781025616
run-028,1.05,0.402506916387,-2.42295953058,3.01781598288
run-028,1.075,0.341802661464,-2.43255254455,3.01782116728
run-028,1.1,0.28087928916,-2.44050682177,3.01782568841
run-028,1.125,0.219777320375,-2.44685516107,3.01782944487
run-028,1.15,0.158536531106,-2.45162423513,3.017832355
run-028,1.175,0.0971961086188,-2.45483437596,3.01783435707
run-028,1.2,0.0357948123082,-2.4564994137,3.01783540934
run-028,1.225,-0.0256288620662,-2.45662656791,3.01783549009
run-028,1.25,-0.0870365160871,-2.45521639122,3.01783459766
run-028,1.275,-0.148389681627,-2.45226276505,3.01783275045
run-028,1.3,-0.20964965434,-2.44775294732,3.01782998688
run-028,1.325,-0.270777328993,-2.44166767243,3.0178263654
run-028,1.35,-0.331733037961,-2.4339813038,3.01782196436
run-028,1.375,-0.392476394183,-2.42466203948,3.01781688191
run-028,1.4,-0.452966139936,-2.41367217155,3.01781123578
run-028,1.425,-0.513160002761,-2.40096839981,3.01780516291
run-028,1.45,-0.573014559926,-2.38650220075,3.01779881896
run-028,1.475,-0.632485112798,-2.37022025228,3.01779237757
run-028,1.5,-0.69152557254,-2.35206491481,3.01778602938
run-028,1.525,-0.750088358539,-2.33197476915,3.01777998075
run-028,1.55,-0.808124310997,-2.30988521097,3.0177744521
run-028,1.575,-0.865582619088,-2.28572910182,3.01776967583
run-028,1.6,-0.922410766088,-2.25943747539,3.01776589385
run-028,1.625,-0.978554492857,-2.23094029791,3.01776335459
run-028,1.65,-1.03395778098,-2.20016728008,3.01776230944
run-028,1.675,-1.08856285686,-2.16704873771,3.01776300884
run-028,1.7,-1.14231021787,-2.13151649689,3.01776569767
run-028,1.725,-1.19513868171,-2.09350483877,3.0177706103
run-028,1.75,-1.24698545981,-2.05295147774,3.01777796516
run-028,1.775,-1.29778625559,-2.00979856582,3.01778795896
run-028,1.8,-1.3474753881,-1.9639937148,3.01780076066
run-028,1.825,-1.39598594133,-1.91549102651,3.01781650535
run-028,1.85,-1.44324993942,-1.86425212047,3.01783528813
run-028,1.875,-1.48919854736,-1.81024714707,3.01785715825
run-028,1.9,-1.53376229678,-1.7534557735,3.01788211364
run-028,1.925,-1.57687133603,-1.69386812871,3.0179100961
run-028,1.95,-1.61845570321,-1.63148569316,3.01794098738
run-028,1.975,-1.65844562069,-1.56632211849,3.01797460629
run-028,2,-1.69677180914,-1.49840396241,3.01801070719
run-028,2.025,-1.73336581881,-1.42777132373,3.01804897991
run-028,2.05,-1.76816037532,-1.35447836346,3.01808905146
run-028,2.075,-1.80108973698,-1.27859369832,3.01813048938
run-028,2.1,-1.83209006024,-1.20020065425,3.01817280704
run-028,2.125,-1.8610997697,-1.11939736922,3.01821547079
run-028,2.15,-1.8880599287,-1.03629673627,3.01825790882
run-028,2.175,-1.91291460651,-0.951026180146,3.01829952181
run-028,2.2,-1.93561123771,-0.863727263223,3.01833969482
run-028,2.225,-1.95610096967,-0.774555119428,3.01837781046
run-028,2.25,-1.97433899368,-0.68367771761,3.01841326277
run-028,2.275,-1.99028485555,-0.591274959084,3.01844547146
run-028,2.3,-2.00390274163,-0.497537617116,3.01847389607
run-028,2.325,-2.01516173641,-0.402666129308,3.01849804961
run-028,2.35,-2.0240360481,-0.306869256778,3.01851751112
run-028,2.375,-2.03050519925,-0.210362626841,3.01853193678
run-028,2.4,-2.03455417944,-0.113367178373,3.01854106912
run-028,2.425,-2.03617355816,-0.016107531145,3.01854474402
run-028,2.45,-2.035359556,0.0811896978999,3.01854289518
run-028,2.475,-2.03211407327,0.178297607285,3.01853555597
run-028,2.5,-2.02644467563,0.274990727766,3.0185228585
run-028,2.525,-2.01836453688,0.371046718346,3.01850503
run-028,2.55,-2.00789233972,0.466248017112,3.01848238661
run-028,2.575,-1.99505213602,0.560383423488,3.01845532492
run-028,2.6,-1.97987316854,0.653249590008,3.01842431138
run-028,2.625,-1.96238965652,0.744652403674,3.01838987022
run-028,2.65,-1.94264054836,0.834408239353,3.01835257009
run-028,2.675,-1.92066924456,0.92234507034,3.01831301004
run-028,2.7,-1.89652329484,1.00830342416,3.01827180523
run-028,2.725,-1.87025407335,1.09213717477,3.01822957293
run-028,2.75,-1.8419164361,1.17371416538,3.018186919
run-028,2.775,-1.81156836508,1.25291665952,3.01814442562
run-028,2.8,-1.77927060313,1.32964162049,3.01810264012
run-028,2.825,-1.74508628405,1.40380082288,3.0180620656
run-028,2.85,-1.70908056198,1.47532080167,3.0180231531
run-028,2.875,-1.67132024397,1.54414264757,3.01798629579
run-028,2.9,-1.63187342961,1.61022165846,3.0179518249
run-028,2.925,-1.59080916105,1.67352685917,3.01792000748
run-028,2.95,-1.54819708665,1.73404040257,3.01789104598
run-028,2.975,-1.50410714092,1.79175686609,3.01786507922
run-028,3,-1.45860924334,1.8466824585,3.0178421849
run-028,3.025,-1.41177301799,1.89883415169,3.01782238316
run-028,3.05,-1.36366753576,1.94823875239,3.01780564118
run-028,3.075,-1.31436108038,1.99493192824,3.01779187838
run-028,3.1,-1.26392093935,2.03895720219,3.01778097226
run-028,3.125,-1.21241322027,2.08036492824,3.01777276438
run-028,3.15,-1.15990269293,2.11921126081,3.01776706655
run-028,3.175,-1.10645265723,2.1555571288,3.01776366686
run-028,3.2,-1.05212483649,2.18946722431,3.01776233561
run-028,3.225,-0.99697929601,2.22100901497,3.01776283082
run-028,3.25,-0.941074385746,2.25025178729,3.01776490336
run-028,3.275,-0.884466706645,2.27726572784,3.0177683017
run-028,3.3,-0.827211099354,2.30212104734,3.017772776
run-028,3.325,-0.769360654278,2.32488715224,3.01777808185
run-028,3.35,-0.710966741742,2.34563186696,3.01778398339
run-028,3.375,-0.65207906093,2.36442070951,3.017790256
run-028,3.4,-0.592745706266,2.38131622207,3.01779668845
run-028,3.425,-0.533013249827,2.39637735772,3.01780308474
run-028,3.45,-0.47292683838,2.40965892381,3.01780926547
run-028,3.475,-0.412530303636,2.4212110821,3.01781506896
run-028,3.5,-0.351866284275,2.43107890543,3.01782035199
run-028,3.525,-0.290976358365,2.43930199035,3.01782499043
run-028,3.55,-0.229901184758,2.44591412524,3.01782887962
run-028,3.575,-0.168680652103,2.45094301296,3.01783193463
run-028,3.6,-0.107354034109,2.45441004758,3.01783409042
run-028,3.625,-0.0459601497238,2.45633014428,3.01783530193
run-028,3.65,0.0154624731044,2.45671162205,3.01783554413
run-028,3.675,0.0768754313785,2.45555613869,3.01783481204
run-028,3.7,0.138240280039,2.4528586779,3.01783312075
run-028,3.725,0.199518365274,2.44860758838,3.01783050535
run-028,3.75,0.260670659458,2.44278467513,3.01782702099
run-028,3.775,0.32165759903,2.4353653433,3.01782274272
run-028,3.8,0.382438926623,2.42631879495,3.01781776545
run-028,3.825,0.442973538778,2.41560827944,3.01781220367
run-028,3.85,0.503219340595,2.40319139821,3.01780619118
run-028,3.875,0.563133108688,2.38902046445,3.01779988058
run-028,3.9,0.622670363817,2.37304291857,3.01779344259
run-028,3.925,0.681785254617,2.35520180001,3.01778706513
run-028,3.95,0.740430453818,2.33543627557,3.01778095205
run-028,3.975,0.798557068396,2.3136822247,3.01777532157
run-028,4,0.856114565053,2.28987288104,3.01777040429
run-028,4.025,0.913050712447,2.26393952974,3.01776644072
run-028,4.05,0.96931154154,2.235812259,3.01776367844
run-028,4.075,1.0248413254,2.20542076364,3.01776236863
run-028,4.1,1.07958257972,2.17269519793,3.01776276216
run-028,4.125,1.13347608529,2.13756707374,3.01776510518
run-028,4.15,1.18646093341,2.09997019914,3.01776963416
run-028,4.175,1.23847459525,2.05984165151,3.01777657055
run-028,4.2,1.28945301598,2.01712277815,3.01778611508
run-028,4.225,1.33933073416,1.97176021614,3.01779844172
run-028,4.25,1.38804102679,1.92370692193,3.01781369159
run-028,4.275,1.43551608026,1.87292320026,3.01783196683
run-028,4.3,1.4816871868,1.81937772054,3.01785332465
run-028,4.325,1.52648496628,1.76304850828,3.01787777185
run-028,4.35,1.56983961222,1.70392389775,3.0179052598
run-028,4.375,1.61168116117,1.64200343192,3.01793568043
run-028,4.4,1.65193978381,1.57729869472,3.01796886311
run-028,4.425,1.69054609591,1.509834061,3.0180045729
run-028,4.45,1.72743148686,1.43964734913,3.01804251026
run-028,4.475,1.76252846336,1.36679036188,3.01808231241
run-028,4.5,1.79577100496,1.29132930193,3.0181235564
run-028,4.525,1.82709492846,1.21334504938,3.01816576415
run-028,4.55,1.85643825743,1.13293329015,3.0182084092
run-028,4.575,1.88374159297,1.05020448603,3.01825092538
run-028,4.6,1.90894848173,0.965283679153,3.01829271713
run-028,4.625,1.93200577692,0.878310126404,3.01833317122
run-028,4.65,1.95286398805,0.789436761767,3.01837166971
run-028,4.675,1.97147761501,0.698829487691,3.01840760378
run-028,4.7,1.98780546243,0.606666299617,3.01844038789
run-028,4.725,2.00181092999,0.51313625096,3.01846947404
run-028,4.75,2.01346227498,0.418438268954,3.0184943655
run-028,4.775,2.02273284344,0.322779834802,3.01851462954
run-028,4.8,2.02960126672,0.226375544371,3.0185299089
run-028,4.825,2.03405162066,0.129445568248,3.01853993127
run-028,4.85,2.03607354513,0.0322140321102,3.01854451668
run-028,4.875,2.03566232226,-0.0650926598569,3.01854358247
run-028,4.9,2.03281891214,-0.162247534515,3.01853714549
run-028,4.925,2.02754994554,-0.25902476758,3.01852532168
run-028,4.95,2.01986767376,-0.355201384773,3.0185083229
run-028,4.975,2.0097898763,-0.450558921789,3.01848645109
run-028,5,1.99733972767,-0.544885019457,3.01846009021
run-028,5.025,1.98254562533,-0.637974931926,3.01842969595
run-028,5.05,1.96544098108,-0.729632927574,3.01839578386
run-028,5.075,1.94606397895,-0.819673564694,3.01835891619
run-028,5.1,1.92445730284,-0.907922826595,3.01831968796
run-028,5.125,1.90066783762,-0.994219103722,3.01827871265
run-028,5.15,1.87474634766,-1.0784140134,3.0182366081
run-028,5.175,1.84674713695,-1.16037305098,3.01819398297
run-028,5.2,1.81672769511,-1.23997606933,3.01815142416
run-028,5.225,1.78474833348,-1.31711758662,3.01810948546
run-028,5.25,1.75087181578,-1.39170692519,3.01806867788
run-028,5.275,1.71516298722,-1.46366818711,3.01802946153
run-028,5.3,1.67768840642,-1.53294007424,3.01799223948
run-028,5.325,1.63851598351,-1.5994755628,3.01795735342
run-028,5.35,1.59771462828,-1.66324144395,3.01792508112
run-028,5.375,1.55535391131,-1.72421774364,3.01789563565
run-028,5.4,1.5115037411,-1.78239703542,3.01786916625
run-028,5.425,1.46623405954,-1.83778366105,3.01784576052
run-028,5.45,1.41961455805,-1.89039287365,3.01782544782
run-028,5.475,1.37171441586,-1.94024991835,3.01780820376
run-028,5.5,1.32260206213,-1.98738906495,3.01779395527
run-028,5.525,1.27234496261,-2.03185260664,3.01778258638
run-028,5.55,1.2210094318,-2.07368983791,3.01777394418
run-028,5.575,1.16866047072,-2.11295602425,3.01776784497
run-028,5.6,1.11536163058,-2.14971137467,3.01776408037
run-028,5.625,1.06117490198,-2.18402002736,3.01776242321
run-028,5.65,1.00616062922,-2.21594905751,3.01776263318
run-028,5.675,0.950377449108,-2.24556751515,3.01776446202
run-028,5.7,0.893882253459,-2.27294549957,3.01776765826
run-028,5.725,0.83673017413,-2.29815327602,3.01777197154
run-028,5.75,0.778974589657,-2.32126043918,3.01777715632
run-028,5.775,0.720667152171,-2.34233512679,3.01778297511
run-028,5.8,0.661857833318,-2.36144328634,3.01778920127
run-028,5.825,0.602594987854,-2.37864799641,3.01779562122
run-028,5.85,0.542925433498,-2.39400884408,3.01780203635
run-028,5.875,0.48289454565,-2.40758135893,3.01780826441
run-028,5.9,0.422546365551,-2.41941650375,3.01781414074
run-028,5.925,0.361923720462,-2.42956022192,3.017819519
run-028,5.95,0.301068354455,-2.43805304079,3.01782427188
run-028,5.975,0.240021068423,-2.44492973067,3.01782829148
run-028,6,0.178821867922,-2.45021901853,3.01783148959
run-028,6.025,0.117510117496,-2.45394335578,3.01783379786
run-028,6.05,0.0561247001327,-2.45611873948,3.01783516792
run-028,6.075,-0.00529581947745,-2.45675458626,3.01783557144
run-028,6.1,-0.06671302918,-2.45585365872,3.01783500011
run-028,6.125,-0.128088502414,-2.45341204392,3.01783346568
run-028,6.15,-0.189383631376,-2.44941918384,3.01783099997
run-028,6.175,-0.250559461605,-2.44385795803,3.01782765478
run-028,6.2,-0.311576529278,-2.43670481875,3.0178235019
run-028,6.225,-0.372394702543,-2.42792997889,3.01781863293
run-028,6.25,-0.432973028222,-2.41749765352,3.01781315917
run-028,6.275,-0.493269585219,-2.4053663555,3.01780721124
run-028,6.3,-0.553241345998,-2.39148924612,3.01780093866
run-028,6.325,-0.612844047525,-2.37581454126,3.01779450923
run-028,6.35,-0.67203207306,-2.35828597378,3.01778810808
run-028,6.375,-0.730758346214,-2.33884331258,3.01778193654
run-028,6.4,-0.788974238689,-2.3174229384,3.01777621056
run-028,6.425,-0.846629493134,-2.29395847613,3.01777115886
run-028,6.45,-0.903672162496,-2.26838148297,3.01776702049
run-028,6.475,-0.960048567282,-2.24062219108,3.01776404209
run-028,6.5,-1.01570327205,-2.21061030277,3.01776247449
run-028,6.525,-1.07057908242,-2.17827583541,3.01776256891
run-028,6.55,-1.12461706382,-2.14355001238,3.0177645726
run-028,6.575,-1.17775658304,-2.10636619532,3.01776872401
run-028,6.6,-1.22993537359,-2.06666085204,3.01777524746
run-028,6.625,-1.28108962564,-2.02437455309,3.0177843475
run-028,6.65,-1.33115410124,-1.97945298906,3.01779620296
run-028,6.675,-1.38006227509,-1.93184799923,3.01781096082
run-028,6.7,-1.4277465012,-1.88151860141,3.01782873009
run-028,6.725,-1.47413820516,-1.82843201126,3.01784957581
run-028,6.75,-1.51916810177,-1.77256463873,3.01787351349
run-028,6.775,-1.5627664371,-1.7139030481,3.01790050398
run-028,6.8,-1.60486325417,-1.65244486765,3.01793044929
run-028,6.825,-1.64538868048,-1.5881996342,3.0179631893
run-028,6.85,-1.68427323588,-1.52118955768,3.01799849977
run-028,6.875,-1.72144815837,-1.45145019082,3.01803609183
run-028,6.9,-1.75684574542,-1.37903098958,3.01807561297
run-028,6.925,-1.79039970785,-1.30399575022,3.01811664993
run-028,6.95,-1.82204553293,-1.22642291055,3.01815873332
run-028,6.975,-1.85172085337,-1.14640570365,3.01820134414
run-028,7,-1.87936581812,-1.06405215467,3.01824392213
run-028,7.025,-1.90492346111,-0.97948491315,3.01828587582
run-028,7.05,-1.92834006377,-0.892840915746,3.01832659402
run-028,7.075,-1.9495655069,-0.804270877082,3.01836545865
run-028,7.1,-1.96855360763,-0.7139386092,3.0184018584
run-028,7.125,-1.98526243736,-0.622020173294,3.0184352029
run-028,7.15,-1.99965461629,-0.528702870458,3.01846493696
run-028,7.175,-2.01169758088,-0.434184081366,3.01849055445
run-028,7.2,-2.02136382036,-0.338669967831,3.01851161122
run-028,7.225,-2.02863107927,-0.24237405204,3.0185277368
run-028,7.25,-2.03348252296,-0.145515691873,3.01853864425
run-028,7.275,-2.03590686386,-0.0483184729296,3.01854413792
run-028,7.3,-2.03589844661,0.0489914602511,3.01854411879
run-028,7.325,-2.03345729085,0.146187109984,3.01853858722
run-028,7.35,-2.02858909111,0.243042343601,3.0185276429
run-028,7.375,-2.02130517367,0.33933359907,3.01851148212
run-028,7.4,-2.01162241116,0.43484155344,3.01849039244
run-028,7.425,-1.999563096,0.52935273031,3.01846474487
run-028,7.45,-1.98515477464,0.622661023858,3.01843498403
run-028,7.475,-1.96843004481,0.714569118825,3.01840161645
run-028,7.5,-1.9494263187,0.804889788047,3.01836519759
run-028,7.525,-1.9281855554,0.893447051776,3.01832631801
run-028,7.55,-1.90475396611,0.980077185845,3.01828558914
run-028,7.575,-1.87918169611,1.0646295688,3.01824362906
run-028,7.6,-1.85152248767,1.14696736125,3.01820104884
run-028,7.625,-1.82183332805,1.22696801386,3.01815843978
run-028,7.65,-1.79017408698,1.30452360342,3.0181163619
run-028,7.675,-1.75660714788,1.37954099936,3.01807533388
run-028,7.7,-1.72119703701,1.45194186588,3.01803582473
run-028,7.725,-1.68401005458,1.52166250708,3.01799824731
run-028,7.75,-1.64511391166,1.58865356484,3.0179629537
run-028,7.775,-1.60457737634,1.65287958078,3.01793023233
run-028,7.8,-1.56246993262,1.71431843505,3.01790030699
run-028,7.825,-1.51886145459,1.77296067594,3.01787333734
run-028,7.85,-1.47382189882,1.82880875469,3.01784942099
run-028,7.875,-1.42742101685,1.88187618043,3.01782859665
run-028,7.9,-1.3797280898,1.93218661017,3.01781084849
run-028,7.925,-1.33081168635,1.97977288841,3.01779611113
run-028,7.95,-1.28073944538,2.02467605053,3.01778427527
run-028,7.975,-1.22957788382,2.06694430331,3.01777519371
run-028,8,-1.17739223021,2.1066319951,3.0177686874
run-028,8.025,-1.12424628407,2.14379858721,3.01776455164
run-028,8.05,-1.07020230085,2.17850763671,3.01776256198
run-028,8.075,-1.01532090223,2.21082580003,3.01776247991
run-028,8.1,-0.959661010851,2.24082186531,3.01776405814
run-028,8.125,-0.903279808964,2.26856582036,3.01776704542
run-028,8.15,-0.846232719833,2.29412796204,3.01777119095
run-028,8.175,-0.788573410862,2.31757805171,3.01777624813
run-028,8.2,-0.730353817248,2.33898452034,3.01778197795
run-028,8.225,-0.671624184845,2.35841372629,3.01778815181
run-028,8.25,-0.612433130933,2.3759292675,3.01779455383
run-028,8.275,-0.55282772147,2.39159134955,3.01780098279
run-028,8.3,-0.492853563456,2.40545621028,3.01780725368
run-028,8.325,-0.432554910957,2.41757560113,3.01781319882
run-028,8.35,-0.371974783399,2.42799632513,3.01781866883
run-028,8.375,-0.3111550947,2.4367598311,3.0178235332
run-028,8.4,-0.250136791844,2.44390186346,3.01782768079
run-028,8.425,-0.188960001527,2.44945216691,3.01783102012
run-028,8.45,-0.127664183499,2.45343424532,3.01783347955
run-028,8.475,-0.0662882892612,2.45586517414,3.01783500739
run-028,8.5,-0.00487092479177,2.45675546566,3.017835572
run-028,8.525,0.0565494840216,2.45610898668,3.01783516174
run-028,8.55,0.117934524542,2.45392292845,3.01783378507
run-028,8.575,0.179245630444,2.4501878285,3.01783147045
run-028,8.6,0.240443915967,2.44488764463,3.01782826641
run-028,8.625,0.301490012676,2.43799988134,3.01782424141
run-028,8.65,0.362343910034,2.42949576901,3.01781948381
run-028,8.675,0.422964801126,2.41934049645,3.01781410164
run-028,8.7,0.483310934857,2.40749349761,3.01780822236
run-028,8.725,0.543339476006,2.39390879298,3.01780199241
run-028,8.75,0.603006374506,2.37853538654,3.01779557661
run-028,8.775,0.662266245333,2.36131771884,3.0177891573
run-028,8.8,0.721072260448,2.34219617664,3.01778293321
run-028,8.825,0.779376054165,2.3211076593,3.017777118
run-028,8.85,0.837127643413,2.2979862018,3.01777193843
run-028,8.875,0.894275364255,2.27276365372,3.01776763203
run-028,8.9,0.950765826098,2.245370413,3.01776444438
run-028,8.925,1.00654388491,2.21573621261,3.01776262588
run-028,8.95,1.06155263673,2.18379095741,3.01776242798
run-028,8.975,1.11573343278,2.14946560784,3.0177640989
run-029,0,2.1,0,3.2746455
run-029,0.025,2.09870705625,-0.103372326633,3.27464223531
run-029,0.05,2.09483138367,-0.20649246083,3.2746325029
run-029,0.075,2.08838243321,-0.30911020669,3.27461648599
run-029,0.1,2.07937587333,-0.41097933126,3.27459448409
run-029,0.125,2.06783346665,-0.511859471371,3.27456690454
run-029,0.15,2.05378289977,-0.61151795288,3.27453425109
run-029,0.175,2.037257569,-0.709731496249,3.27449710996
run-029,0.2,2.01829632495,-0.806287785045,3.27445613407
run-029,0.225,1.99694317975,-0.900986876918,3.27441202584
run-029,0.25,1.97324698111,-0.993642440127,3.27436551924
run-029,0.275,1.94726105774,-1.08408280233,3.27431736186
run-029,0.3,1.91904284099,-1.17215180223,3.27426829732
run-029,0.325,1.88865346763,-1.25770943866,3.27421904881
run-029,0.35,1.85615736906,-1.34063231526,3.27417030408
run-029,0.375,1.82162185187,-1.42081388307,3.27412270229
run-029,0.4,1.7851166749,-1.49816448612,3.27407682305
run-029,0.425,1.74671362756,-1.57261121886,3.27403317778
run-029,0.45,1.70648611396,-1.6440976064,3.2739922034
run-029,0.475,1.66450874724,-1.71258312128,3.2739542585
run-029,0.5,1.6208569579,-1.77804255183,3.27391962178
run-029,0.525,1.57560661965,-1.84046523899,3.27388849248
run-029,0.55,1.52883369595,-1.89985419907,3.27386099291
run-029,0.575,1.4806139097,-1.95622515034,3.27383717237
run-029,0.6,1.43102243843,-2.00960546169,3.27381701256
run-029,0.625,1.38013363661,-2.060033041,3.27380043394
run-029,0.65,1.32802078638,-2.1075551803,3.27378730281
run-029,0.675,1.2747558776,-2.15222737406,3.27377743892
run-029,0.7,1.22040941768,-2.19411212556,3.27377062315
run-029,0.725,1.16505027132,-2.23327775523,3.27376660524
run-029,0.75,1.10874552992,-2.26979722345,3.27376511128
run-029,0.775,1.05156041015,-2.30374697864,3.27376585075
run-029,0.8,0.993558180984,-2.3352058404,3.27376852314
run-029,0.825,0.934800118127,-2.36425392547,3.2737728239
run-029,0.85,0.875345484711,-2.39097162346,3.27377844981
run-029,0.875,0.815251536954,-2.41543862756,3.2737851036
run-029,0.9,0.754573553333,-2.43773302437,3.27379249802
run-029,0.925,0.693364885736,-2.45793044594,3.27380035911
run-029,0.95,0.631677031036,-2.47610328608,3.27380842905
run-029,0.975,0.569559721432,-2.4923199822,3.27381646828
run-029,1,0.507061031926,-2.50664436316,3.27382425727
run-029,1.025,0.444227503274,-2.51913506311,3.2738315978
run-029,1.05,0.38110427877,-2.52984500099,3.27383831387
run-029,1.075,0.317735253224,-2.53882092475,3.27384425237
run-029,1.1,0.254163232532,-2.54610301943,3.2738492835
run-029,1.125,0.190430102252,-2.55172457812,3.27385330098
run-029,1.15,0.126577003627,-2.55571173453,3.27385622222
run-029,1.175,0.0626445155258,-2.55808325653,3.27385798835
run-029,1.2,-0.00132715919987,-2.55885039953,3.27385856427
run-029,1.225,-0.0652980044508,-2.55801681933,3.27385793858
run-029,1.25,-0.129228000166,-2.55557854386,3.27385612366
run-029,1.275,-0.193076931644,-2.55152400391,3.27385315561
run-029,1.3,-0.256804200362,-2.54583412268,3.27384909427
run-029,1.325,-0.320368637778,-2.5384824649,3.27384402322
run-029,1.35,-0.383728323606,-2.52943544582,3.27383804972
run-029,1.375,-0.446840410069,-2.51865260115,3.27383130453
run-029,1.4,-0.509660953664,-2.50608691866,3.27382394174
run-029,1.425,-0.572144756002,-2.49168523283,3.27381613828
run-029,1.45,-0.634245215305,-2.47538868315,3.27380809327
run-029,1.475,-0.69591419016,-2.45713323748,3.2738000271
run-029,1.5,-0.757101877179,-2.43685028085,3.27379218012
run-029,1.525,-0.817756704202,-2.41446727034,3.27378481088
run-029,1.55,-0.877825240696,-2.38990845605,3.27377819394
run-029,1.575,-0.937252127005,-2.36309566741,3.27377261704
run-029,1.6,-0.995980024067,-2.33394916385,3.27376837778
run-029,1.625,-1.0539495852,-2.3023885474,3.27376577954
run-029,1.65,-1.11109945144,-2.2683337344,3.27376512681
run-029,1.675,-1.16736627192,-2.23170598196,3.2737667198
run-029,1.7,-1.22268475053,-2.19242896387,3.27377084848
run-029,1.725,-1.27698772011,-2.15042988917,3.27377778592
run-029,1.75,-1.33020624499,-2.10564065521,3.27378778125
run-029,1.775,-1.38226975287,-2.05799902575,3.27380105211
run-029,1.8,-1.43310619628,-2.00744982292,3.273817777
run-029,1.825,-1.48264224402,-1.95394612065,3.27383808751
run-029,1.85,-1.53080350231,-1.89745042558,3.27386206076
run-029,1.875,-1.5775147653,-1.83793583044,3.2738897124
run-029,1.9,-1.62270029384,-1.77538712351,3.27392099016
run-029,1.925,-1.66628412147,-1.70980183711,3.27395576864
run-029,1.95,-1.70819038569,-1.64119121733,3.27399384531
run-029,1.975,-1.74834368234,-1.56958109692,3.27403493818
run-029,2,-1.78666944054,-1.49501265341,3.27407868536
run-029,2.025,-1.82309431501,-1.41754303481,3.27412464672
run-029,2.05,-1.85754659228,-1.33724583645,3.2741723079
run-029,2.075,-1.88995660683,-1.25421141357,3.27422108662
run-029,2.1,-1.92025716296,-1.16854701637,3.27427034146
run-029,2.125,-1.94838395765,-1.08037673627,3.27431938294
run-029,2.15,-1.97427599977,-0.98984125518,3.2743674867
run-029,2.175,-1.99787602041,-0.897097392214,3.27441390863
run-029,2.2,-2.01913086938,-0.802317446226,3.27445790135
run-029,2.225,-2.03799189272,-0.705688335822,3.27449873182
run-029,2.25,-2.05441528617,-0.607410542567,3.27453569934
run-029,2.275,-2.06836241985,-0.507696866939,3.27456815343
run-029,2.3,-2.07980012952,-0.406771010444,3.27459551096
run-029,2.325,-2.08870097037,-0.30486600101,3.27461727194
run-029,2.35,-2.09504342957,-0.202222482199,3.2746330333
run-029,2.375,-2.09881209448,-0.0990868898034,3.2746425002
run-029,2.4,-2.09999777406,0.00429045803858,3.27464549437
run-029,2.425,-2.09859757158,0.107657329089,3.27464195927
run-029,2.45,-2.0946149076,0.210761574152,3.27463196166
run-029,2.475,-2.08805949287,0.313353122958,3.27461568971
run-029,2.5,-2.07894725146,0.415185948676,3.2745934476
run-029,2.525,-2.06730019544,0.516019971667,3.27456564691
run-029,2.55,-2.05314625287,0.61562287451,3.2745327951
run-029,2.575,-2.03651905171,0.713771802341,3.27449548149
run-029,2.6,-2.01745766276,0.810254925199,3.27445436141
run-029,2.625,-1.99600630545,0.904872842082,3.27441013892
run-029,2.65,-1.97221402065,0.997439809919,3.27436354894
run-029,2.675,-1.94613431496,1.08778478434,3.27431533922
run-029,2.7,-1.91782478144,1.17575226302,3.27426625287
run-029,2.725,-1.8873467018,1.26120292623,3.27421701188
run-029,2.75,-1.85476463512,1.34401407316,3.27416830223
run-029,2.775,-1.82014599815,1.42407985611,3.27412076083
run-029,2.8,-1.78356064232,1.50131131817,3.2740749646
run-029,2.825,-1.74508043224,1.57563624299,3.27403142198
run-029,2.85,-1.70477883017,1.64699882801,3.27399056671
run-029,2.875,-1.66273049084,1.71535919469,3.27395275408
run-029,2.9,-1.61901087043,1.78069275116,3.27391825944
run-029,2.925,-1.57369585328,1.8429894239,3.27388727883
run-029,2.95,-1.52686139924,1.90225277613,3.2738599314
run-029,2.975,-1.47858321447,1.95849903087,3.27383626354
run-029,3,-1.4289364477,2.01175601671,3.27381625429
run-029,3.025,-1.37799541364,2.06206205406,3.2737998217
run-029,3.05,-1.32583334499,2.10946479889,3.27378683001
run-029,3.075,-1.27252217369,2.15402006021,3.27377709717
run-029,3.1,-1.21813234198,2.19579060627,3.27377040265
run-029,3.125,-1.16273264338,2.23484497329,3.27376649504
run-029,3.15,-1.10639009332,2.27125628902,3.2737650996
run-029,3.175,-1.04916982893,2.30510112223,3.27376592529
run-029,3.2,-0.991135037206,2.33645836734,3.27376867129
run-029,3.225,-0.932346910561,2.36540817242,3.27377303304
run-029,3.25,-0.872864628585,2.39203091709,3.27377870744
run-029,3.275,-0.812745364707,2.41640624553,3.2737853976
run-029,3.3,-0.752044316308,2.43861215893,3.27379281672
run-029,3.325,-0.69081475676,2.45872417013,3.27380069149
run-029,3.35,-0.629108107802,2.47681452264,3.27380876478
run-029,3.375,-0.566974030628,2.49295147517,3.27381679785
run-029,3.4,-0.504460534043,2.50719865224,3.27382457202
run-029,3.425,-0.441614098016,2.51961446082,3.27383188999
run-029,3.45,-0.378479811003,2.53025157242,3.27383857668
run-029,3.475,-0.315101519395,2.53915647007,3.27384447996
run-029,3.5,-0.251521987499,2.54636905901,3.27384947098
run-029,3.525,-0.187783066445,2.55192234016,3.27385344446
run-029,3.55,-0.123925870491,2.55584214535,3.27385631878
run-029,3.575,-0.0599909591775,2.55814693327,3.27385803607
run-029,3.6,0.00398147617244,2.55884764537,3.2738585622
run-029,3.625,0.067951423091,2.55794762112,3.27385788676
run-029,3.65,0.131878857228,2.55544257227,3.27385602312
run-029,3.675,0.195723551704,2.55132061591,3.27385300835
run-029,3.7,0.259444888024,2.5455623666,3.2738489033
run-029,3.725,0.323001670035,2.53814108788,3.27384379251
run-029,3.75,0.386351942418,2.52902290379,3.27383778423
run-029,3.775,0.449452815224,2.51816707134,3.2738310102
run-029,3.8,0.512260295985,2.50552631475,3.27382362545
run-029,3.825,0.574729130962,2.49104722265,3.27381580786
run-029,3.85,0.636812657117,2.47467070912,3.27380775744
run-029,3.875,0.698462666418,2.45633253973,3.27379969546
run-029,3.9,0.759629284103,2.43596392305,3.27379186304
run-029,3.925,0.82026086257,2.41349216835,3.27378451946
run-029,3.95,0.880303892521,2.38884140919,3.27377793986
run-029,3.975,0.93970293303,2.36193339253,3.27377241249
run-029,4,0.998400562148,2.33268833196,3.27376823525
run-029,4.025,1.05633734963,2.30102582282,3.27376571168
run-029,4.05,1.11345185329,2.26686581631,3.2737651462
run-029,4.075,1.16968064044,2.23012964811,3.27376683872
run-029,4.1,1.22495833569,2.19074111616,3.27377107864
run-029,4.125,1.27921769625,2.14862760087,3.27377813819
run-029,4.15,1.33238971574,2.10372121941,3.27378826532
run-029,4.175,1.38440375722,2.05596000464,3.27380167624
run-029,4.2,1.43518771597,2.00528909734,3.27381854762
run-029,4.225,1.48466821209,1.95166193944,3.27383900896
run-029,4.25,1.53277081294,1.89504145411,3.27386313496
run-029,4.275,1.57942028479,1.83540119758,3.27389093856
run-029,4.3,1.62454087282,1.7727264665,3.27392236457
run-029,4.325,1.66805660812,1.70701534348,3.27395728446
run-029,4.35,1.70989163999,1.63827966314,3.27399549243
run-029,4.375,1.74997059128,1.56654588066,3.27403670317
run-029,4.4,1.78821893403,1.49185582466,3.27408055149
run-029,4.425,1.82456338251,1.41426731715,3.27412659409
run-029,4.45,1.85893229988,1.33385464374,3.27417431365
run-029,4.475,1.8912561147,1.25070885921,3.27422312525
run-029,4.5,1.92146774285,1.16493791485,3.27427238524
run-029,4.525,1.94950301044,1.07666659678,3.2743214024
run-029,4.55,1.97530107268,0.98603626682,3.27436945127
run-029,4.575,1.99880482378,0.89320440079,3.27441578723
run-029,4.6,2.01996129272,0.798343922574,3.27445966317
run-029,4.625,2.03872201991,0.701642335821,3.27450034702
run-029,4.65,2.05504340951,0.603300659168,3.27453713981
run-029,4.675,2.06888705287,0.503532174695,3.27456939353
run-029,4.7,2.08022001825,0.402561003163,3.27459652819
run-029,4.725,2.08901510303,0.300620523335,3.27461804756
run-029,4.75,2.09525104442,0.197951656027,3.27463355286
run-029,4.775,2.09891268583,0.0948010365755,3.27464275393
run-029,4.8,2.09999109625,-0.00858089803201,3.27464547749
run-029,4.825,2.09848364093,-0.1119418792,3.27464167209
run-029,4.85,2.09439400229,-0.215029804412,3.27463140961
run-029,4.875,2.0877321507,-0.317594732415,3.27461488314
run-029,4.9,2.07851426566,-0.419390845782,3.27459240153
run-029,4.925,2.06676260842,-0.520178351532,3.27456438058
run-029,4.95,2.05250534809,-0.619725291894,3.27453133142
run-029,4.975,2.03577634382,-0.717809239371,3.27449384647
run-029,5,2.01661488612,-0.814218852894,3.2744525834
run-029,5.025,1.99506540118,-0.908755274927,3.27440824792
run-029,5.05,1.97117712237,-1.00123335286,3.27436157585
run-029,5.075,1.94500373353,-1.09148267175,3.27431331508
run-029,5.1,1.91660298879,-1.17934838933,3.27426420815
run-029,5.125,1.88603631407,-1.26469186809,3.27421497587
run-029,5.15,1.85336839538,-1.34739110316,3.2741663024
run-029,5.175,1.81866675891,-1.42734094816,3.27411882238
run-029,5.2,1.78200134797,-1.50445314498,3.27407311004
run-029,5.225,1.74344410166,-1.5786561659,3.27402967082
run-029,5.25,1.70306853968,-1.64989487984,3.27398893527
run-029,5.275,1.66094935767,-1.71813005611,3.27395125537
run-029,5.3,1.61716203687,-1.78333772129,3.27391690317
run-029,5.325,1.5717824716,-1.84550838587,3.27388607144
run-029,5.35,1.52488661758,-1.90464615832,3.27385887623
run-029,5.375,1.47655016369,-1.96076776459,3.27383536102
run-029,5.4,1.42684822935,-2.01390149105,3.27381550218
run-029,5.425,1.37585508913,-2.06408606864,3.27379921539
run-029,5.45,1.32364392592,-2.11136951523,3.27378636282
run-029,5.475,1.27028661337,-2.15580795232,3.27377676066
run-029,5.5,1.2158535283,-2.19746441109,3.27377018694
run-029,5.525,1.16041339282,-2.23640764148,3.27376638916
run-029,5.55,1.10403314623,-2.27271093669,3.27376509174
run-029,5.575,1.04677784598,-2.30645098386,3.27376600313
run-029,5.6,0.988710597033,-2.33770675042,3.27376882223
run-029,5.625,0.929892508463,-2.36655841402,3.27377324443
run-029,5.65,0.870382676332,-2.39308634257,3.27377896683
run-029,5.675,0.810238191335,-2.41737012972,3.27378569285
run-029,5.7,0.749514169846,-2.43948768981,3.2737931362
run-029,5.725,0.688263806844,-2.45951441511,3.2738010242
run-029,5.75,0.626538449091,-2.47752239756,3.27380910043
run-029,5.775,0.564387686966,-2.49357971609,3.27381712696
run-029,5.8,0.501859463287,-2.50774978989,3.27382488599
run-029,5.825,0.439000197472,-2.52009079781,3.27383218108
run-029,5.85,0.375854923396,-2.5306551632,3.27383883814
run-029,5.875,0.312467439311,-2.53948910349,3.27384470597
run-029,5.9,0.248880468222,-2.54663224351,3.27384965671
run-029,5.925,0.185135827136,-2.55211729162,3.27385358604
run-029,5.95,0.121274603641,-2.55596977739,3.27385641335
run-029,5.975,0.0573373382662,-2.55820785008,3.27385808174
run-029,6,-0.00663578886349,-2.55884213702,3.27385855805
run-029,6.025,-0.0706047685849,-2.55787566134,3.2738578329
run-029,6.05,-0.134529571931,-2.55530381863,3.27385592059
run-029,6.075,-0.198369959516,-2.55111441248,3.27385285922
run-029,6.1,-0.262085292555,-2.54528774905,3.27384871059
run-029,6.125,-0.325634346969,-2.53779679104,3.27384356026
run-029,6.15,-0.388975132107,-2.52860737176,3.27383751742
run-029,6.175,-0.452064715557,-2.5176784701,3.27383071481
run-029,6.2,-0.514859055612,-2.5049625474,3.27382330842
run-029,6.225,-0.577312842927,-2.49040594725,3.27381547703
run-029,6.25,-0.639379352974,-2.47394935923,3.2738074216
run-029,6.275,-0.701010310889,-2.45552834761,3.27379936421
run-029,6.3,-0.762155770355,-2.43507394567,3.2737915468
run-029,6.325,-0.822764008172,-2.41251331607,3.27378422934
run-029,6.35,-0.882781436158,-2.38777047723,3.27377768759
run-029,6.375,-0.942152532034,-2.36076709509,3.27377221025
run-029,6.4,-1.00081979091,-2.33142333896,3.27376809557
run-029,6.425,-1.05872369898,-2.2996587992,3.2737656472
run-029,6.45,-1.11580273087,-2.26539346364,3.27376516948
run-029,6.475,-1.17199337216,-2.22854874835,3.27376696203
run-029,6.5,-1.22723016829,-2.18904857737,3.27377131366
run-029,6.525,-1.28144580103,-2.14682050447,3.27377849574
run-029,6.55,-1.33457119351,-2.10179686869,3.27378875506
run-029,6.575,-1.38653564447,-2.05391597401,3.27380230633
run-029,6.6,-1.43726699221,-2.00312328194,3.27381932443
run-029,6.625,-1.48669180856,-1.94937260443,3.27383993672
run-029,6.65,-1.53473562244,-1.89262728315,3.2738642155
run-029,6.675,-1.58132317272,-1.83286133978,3.27389217097
run-029,6.7,-1.62637868943,-1.77006058111,3.27392374502
run-029,6.725,-1.66982620178,-1.7042236417,3.27395880596
run-029,6.75,-1.71158987151,-1.63536294624,3.27399714473
run-029,6.775,-1.75159434909,-1.5635055736,3.27403847271
run-029,6.8,-1.78976515019,-1.48869400458,3.2740824214
run-029,6.825,-1.82602904932,-1.41098673597,3.27412854436
run-029,6.85,-1.86031448699,-1.33045874423,3.27417632129
run-029,6.875,-1.89255198653,-1.24720178386,3.27422516466
run-029,6.9,-1.92267457618,-1.16132450717,3.27427442861
run-029,6.925,-1.95061821189,-1.07295239452,3.27432342021
run-029,6.95,-1.97632219591,-0.982227486835,3.27437141289
run-029,6.975,-1.99972958623,-0.889307915513,3.2744176616
run-029,7,-2.02078759168,-0.794367227963,3.27446141949
run-029,7.025,-2.03944794763,-0.697593511044,3.27450195552
run-029,7.05,-2.05566726724,-0.599188318312,3.27453857246
run-029,7.075,-2.06940736354,-0.499365410988,3.2745706248
run-029,7.1,-2.08063553779,-0.39834932637,3.27459753573
run-029,7.125,-2.08932482986,-0.296373791099,3.27461881281
run-029,7.15,-2.09545422734,-0.19368000009,3.27463406154
run-029,7.175,-2.09900882987,-0.090514784932,3.27464299649
run-029,7.2,-2.09997996659,0.0128713019353,3.27464544935
run-029,7.225,-2.09836526477,0.116225959001,3.27464137379
run-029,7.25,-2.09416866864,0.219297133868,3.27463084676
run-029,7.275,-2.08740040808,0.321835017681,3.27461406631
run-029,7.3,-2.07807691775,0.423594005691,3.27459134591
run-029,7.325,-2.06622070779,0.524334594697,3.27456310557
run-029,7.35,-2.05186018802,0.623825189501,3.2745298601
run-029,7.375,-2.03502944832,0.721843792652,3.27449220493
run-029,7.4,-2.01576799839,0.81817955438,3.27445080009
run-029,7.425,-1.9941204706,0.912634162719,3.2744063529
run-029,7.45,-1.97013629025,1.0050230573,3.27435960003
run-029,7.475,-1.94386931773,1.09517645405,3.27431128948
run-029,7.5,-1.91537746755,1.18294017184,3.27426216323
run-029,7.525,-1.88472230914,1.26817625612,3.27421294083
run-029,7.55,-1.85196865474,1.35076339832,3.27416430464
run-029,7.575,-1.81718413922,1.43059715349,3.27411688698
run-029,7.6,-1.78043879707,1.50758996199,3.27407125941
run-029,7.625,-1.74180464113,1.58167098419,3.27402792433
run-029,7.65,-1.70135524786,1.65278575962,3.2739873091
run-029,7.675,-1.65916535314,1.72089570433,3.2739497624
run-029,7.7,-1.61531046264,1.78597746201,3.27391555297
run-029,7.725,-1.56986648004,1.84802212564,3.27388487032
run-029,7.75,-1.52290935636,1.90703434726,3.2738578274
run-029,7.775,-1.47451476268,1.96303135391,3.2738344648
run-029,7.8,-1.42475778866,2.01604188782,3.27381475623
run-029,7.825,-1.37371266829,2.06610508848,3.27379861501
run-029,7.85,-1.32145253424,2.1132693336,3.27378590123
run-029,7.875,-1.26804920161,2.15759105512,3.27377642937
run-029,7.9,-1.21357298148,2.19913354509,3.27376997602
run-029,7.925,-1.15809252436,2.23796576518,3.27376628758
run-029,7.95,-1.10167469322,2.27416117202,3.27376508769
run-029,7.975,-1.04438446575,2.30779656923,3.27376608425
run-029,8,-0.986284864762,2.3389509954,3.27376897593
run-029,8.025,-0.927436915984,2.36770465598,3.27377345807
run-029,8.05,-0.867899631963,2.39413790554,3.27377922794
run-029,8.075,-0.807730020707,2.41833028565,3.27378598932
run-029,8.1,-0.74698311768,2.4403596223,3.27379345645
run-029,8.125,-0.685712039592,2.46030118588,3.27380135723
run-029,8.15,-0.623968058386,2.47822691556,3.273809436
run-029,8.175,-0.561800693814,2.49420470933,3.27381745562
run-029,8.2,-0.49925782292,2.50829778007,3.27382519915
run-029,8.225,-0.43638580481,2.52056407764,3.27383247108
run-029,8.25,-0.373229619038,2.53105577643,3.27383909824
run-029,8.275,-0.309833015989,2.53981882759,3.27384493041
run-029,8.3,-0.246238677658,2.54689257504,3.27384984068
run-029,8.325,-0.182488387237,2.55230943409,3.27385372573
run-029,8.35,-0.118623205954,2.55609463169,3.27385650592
run-029,8.375,-0.0546836556521,2.55826600745,3.27385812535
run-029,8.4,0.00929009441862,2.55883387444,3.27385855184
run-029,8.425,0.0732580380701,2.5578009394,3.27385777698
run-029,8.45,0.137180141389,2.55516228183,3.27385581608
run-029,8.475,0.201016152161,2.55090539197,3.27385270821
run-029,8.5,0.264725410987,2.54501026784,3.27384851616
run-029,8.525,0.328266665554,2.53744957169,3.27384332646
run-029,8.55,0.391597889572,2.52818884656,3.2738372493
run-029,8.575,0.454676107882,2.51718679382,3.27383041838
run-029,8.6,0.517457229263,2.50439561259,3.27382299065
run-029,8.625,0.579895888511,2.48976140223,3.27381514582
run-029,8.65,0.641945299374,2.47322462871,3.27380708575
run-029,8.675,0.703557119947,2.45472065606,3.27379903338
run-029,8.7,0.764681332177,2.43418034338,3.27379123142
run-029,8.725,0.825266137116,2.41153070799,3.27378394056
run-029,8.75,0.885257867577,2.38669565451,3.27377743715
run-029,8.775,0.944600919842,2.35959676935,3.27377201037
run-029,8.8,1.00323770604,2.33015417912,3.27376795875
run-029,8.825,1.0611086288,2.29828747087,3.2737655861
run-029,8.85,1.11815207959,2.26391667083,3.27376519667
run-029,8.875,1.17430446234,2.22696327735,3.27376708974
run-029,8.9,1.22950024346,2.18735134248,3.27377155355
run-029,8.925,1.28367202946,2.14500859534,3.27377885859
run-029,8.95,1.33675067322,2.09986759887,3.27378925047
run-029,8.975,1.38866540941,2.05186693024,3.27380294239
